PurchaseID,PurchaseDate,CustomerEmail,Country,CustomerAge,Category,UnitPrice,Quantity,DiscountPct,PaymentMethod,SatisfactionRating
1,2024-04-20,customer0@hotmail.com,Japan,42.0,Clothing,37.39,5,0.05,Bank Transfer,4.0
2,2024-12-29,customer1@yahoo.com,Brazil,72.0,Automotive,64.78,4,0.15,Credit Card,4.0
3,2023-12-21,customer2@gmail.com,Brazil,52.0,Electronics,60.98,1,0.05,Gift Card,4.0
4,2024-01-09,customer3@protonmail.com,United Kingdom,62.0,Home & Kitchen,61.92,1,0.0,Credit Card,4.0
5,2024-08-29,customer4@gmail.com,Canada,21.0,Office Supplies,95.42,4,0.05,Credit Card,3.0
6,2023-09-09,customer5@protonmail.com,Australia,68.0,Electronics,108.85,4,0.0,Gift Card,3.0
7,2023-04-13,customer6@hotmail.com,France,39.0,Clothing,166.92,3,0.05,Credit Card,4.0
8,2024-06-09,customer7@outlook.com,United Kingdom,62.0,Books,20.15,4,0.05,Debit Card,4.0
9,2024-04-19,customer8@outlook.com,Canada,38.0,Sports & Outdoors,85.6,2,0.15,PayPal,5.0
10,2023-12-09,customer9@outlook.com,India,56.0,Sports & Outdoors,80.12,2,0.0,Credit Card,4.0
11,2023-10-10,customer10@gmail.com,United States,48.0,Sports & Outdoors,59.25,3,0.15,PayPal,4.0
12,2023-01-22,customer11@protonmail.com,Canada,61.0,Office Supplies,47.43,4,0.2,Debit Card,2.0
13,2024-02-11,customer12@hotmail.com,Germany,71.0,Clothing,98.35,5,0.2,Credit Card,5.0
14,2024-02-04,customer13@protonmail.com,United Kingdom,47.0,Books,103.65,2,0.25,Credit Card,4.0
15,2024-01-12,customer14@outlook.com,United States,19.0,Office Supplies,63.9,4,0.15,Credit Card,5.0
16,2023-08-10,customer15@protonmail.com,United Kingdom,32.0,Electronics,52.4,3,0.25,Debit Card,3.0
17,2023-04-21,customer16@gmail.com,Germany,37.0,Office Supplies,115.06,5,0.0,Credit Card,5.0
18,2024-02-21,customer17@hotmail.com,France,23.0,Office Supplies,48.02,5,0.0,PayPal,5.0
19,2024-03-28,customer18@protonmail.com,Australia,45.0,Office Supplies,150.88,1,0.0,Debit Card,
20,2023-05-07,customer19@outlook.com,Canada,52.0,Electronics,61.47,4,0.25,Credit Card,4.0
21,2023-03-29,customer20@outlook.com,Mexico,46.0,Toys,44.42,1,0.0,PayPal,2.0
22,2023-12-19,customer21@protonmail.com,Australia,30.0,Grocery,76.6,3,0.0,Debit Card,4.0
23,2023-02-04,customer22@yahoo.com,France,39.0,Clothing,18.19,2,0.15,Bank Transfer,3.0
24,2023-05-22,customer23@gmail.com,Brazil,64.0,Toys,50.03,2,0.0,Debit Card,
25,2024-04-09,customer24@yahoo.com,Mexico,,Home & Kitchen,34.18,2,0.1,Gift Card,2.0
26,2023-08-07,customer25@protonmail.com,United States,48.0,Electronics,11.69,3,0.0,Gift Card,5.0
27,2023-12-03,customer26@yahoo.com,Australia,63.0,Grocery,82.48,5,0.05,Debit Card,5.0
28,2024-05-16,customer27@yahoo.com,India,74.0,Office Supplies,60.24,3,0.2,Debit Card,5.0
29,2023-05-10,customer28@outlook.com,United Kingdom,,Electronics,59.14,5,0.1,Credit Card,5.0
30,2023-06-16,customer29@outlook.com,India,39.0,Electronics,45.07,5,0.0,Debit Card,4.0
31,2023-08-06,customer30@protonmail.com,Australia,54.0,Toys,124.71,2,0.0,Debit Card,
32,2023-11-01,customer31@hotmail.com,United States,41.0,Electronics,61.57,5,0.15,Debit Card,4.0
33,2024-02-13,customer32@hotmail.com,India,63.0,Sports & Outdoors,22.23,2,0.15,Credit Card,5.0
34,2023-02-23,customer33@gmail.com,United States,33.0,Beauty,87.92,1,0.2,Gift Card,4.0
35,2023-12-12,customer34@protonmail.com,Brazil,35.0,Clothing,31.45,2,0.0,Credit Card,5.0
36,2024-05-16,customer35@yahoo.com,Australia,34.0,Beauty,26.2,3,0.05,PayPal,
37,2024-09-13,customer36@gmail.com,Brazil,62.0,Electronics,43.14,1,0.0,Gift Card,5.0
38,2024-01-29,customer37@yahoo.com,Germany,45.0,Clothing,52.91,3,0.2,Credit Card,4.0
39,2024-04-01,customer38@hotmail.com,Canada,59.0,Grocery,76.65,3,0.0,Debit Card,3.0
40,2024-08-17,customer39@gmail.com,France,21.0,Electronics,71.06,4,0.0,Debit Card,5.0
41,2024-06-14,customer40@hotmail.com,Brazil,61.0,Home & Kitchen,36.36,5,0.1,Bank Transfer,4.0
42,2024-01-26,customer41@gmail.com,Australia,,Sports & Outdoors,108.52,1,0.0,Gift Card,5.0
43,2024-02-18,customer42@protonmail.com,United States,25.0,Home & Kitchen,53.23,5,0.2,Debit Card,5.0
44,2024-12-26,customer43@gmail.com,Japan,23.0,Books,52.89,5,0.05,Bank Transfer,5.0
45,2024-07-06,customer44@protonmail.com,France,,Grocery,59.56,1,0.1,Credit Card,5.0
46,2023-06-26,customer45@hotmail.com,Brazil,69.0,Home & Kitchen,28.98,4,0.15,Credit Card,4.0
47,2023-11-28,customer46@gmail.com,Mexico,65.0,Clothing,181.01,2,0.15,Debit Card,5.0
48,2024-06-25,customer47@outlook.com,India,40.0,Electronics,104.19,1,0.0,PayPal,5.0
49,2024-01-17,customer48@gmail.com,Mexico,71.0,Beauty,34.72,4,0.0,Credit Card,2.0
50,2023-11-12,customer49@gmail.com,Japan,44.0,Clothing,149.74,1,0.2,PayPal,5.0
51,2024-03-20,customer50@yahoo.com,Brazil,55.0,Grocery,47.63,1,0.25,Credit Card,
52,2023-10-02,customer51@yahoo.com,Canada,72.0,Electronics,52.71,4,0.0,Credit Card,4.0
53,2024-05-10,customer52@hotmail.com,Canada,27.0,Grocery,47.26,1,0.0,Bank Transfer,3.0
54,2024-06-18,customer53@hotmail.com,Canada,60.0,Grocery,134.56,4,0.15,PayPal,5.0
55,2024-10-17,customer54@yahoo.com,Brazil,42.0,Grocery,122.17,1,0.25,Debit Card,2.0
56,2024-11-28,customer55@yahoo.com,Japan,33.0,Beauty,60.65,2,0.0,PayPal,5.0
57,2024-06-03,customer56@protonmail.com,Mexico,41.0,Home & Kitchen,63.67,2,0.0,Debit Card,4.0
58,2024-07-05,customer57@outlook.com,Brazil,35.0,Clothing,101.76,1,0.05,Credit Card,
59,2024-07-17,customer58@hotmail.com,India,52.0,Clothing,100.13,3,0.1,Debit Card,5.0
60,2023-08-29,customer59@hotmail.com,Brazil,,Home & Kitchen,65.96,2,0.05,Bank Transfer,4.0
61,2024-10-30,customer60@hotmail.com,Japan,51.0,Books,67.12,1,0.05,Credit Card,3.0
62,2024-01-08,customer61@protonmail.com,Australia,54.0,Beauty,105.2,2,0.05,Credit Card,4.0
63,2024-09-25,customer62@hotmail.com,Canada,63.0,Books,21.47,3,0.25,PayPal,4.0
64,2023-06-08,customer63@gmail.com,Japan,,Office Supplies,83.33,4,0.0,Debit Card,5.0
65,2023-08-15,customer64@outlook.com,Australia,57.0,Beauty,80.3,1,0.0,Credit Card,2.0
66,2024-03-28,customer65@yahoo.com,Mexico,68.0,Clothing,135.11,1,0.1,Debit Card,5.0
67,2024-02-27,customer66@yahoo.com,Mexico,51.0,Clothing,87.64,1,0.05,Gift Card,4.0
68,2023-10-21,customer67@yahoo.com,Germany,34.0,Toys,93.09,4,0.0,Credit Card,5.0
69,2023-06-11,customer68@protonmail.com,Canada,61.0,Clothing,44.08,3,0.25,Credit Card,4.0
70,2023-06-16,customer69@protonmail.com,United Kingdom,21.0,Home & Kitchen,46.04,2,0.0,Debit Card,1.0
71,2024-06-14,customer70@yahoo.com,France,40.0,Books,82.23,3,0.0,Debit Card,5.0
72,2023-01-16,customer71@outlook.com,Mexico,30.0,Sports & Outdoors,14.98,5,0.0,Credit Card,3.0
73,2023-03-29,customer72@outlook.com,India,64.0,Clothing,55.03,4,0.25,Debit Card,4.0
74,2024-11-06,customer73@hotmail.com,Mexico,72.0,Home & Kitchen,30.43,5,0.25,Debit Card,5.0
75,2024-12-15,customer74@protonmail.com,United Kingdom,36.0,Home & Kitchen,47.51,2,0.25,Debit Card,5.0
76,2023-02-27,customer75@outlook.com,United States,74.0,Clothing,17.71,1,0.0,Debit Card,
77,2023-04-14,customer76@outlook.com,Japan,72.0,Home & Kitchen,32.8,4,0.0,Credit Card,
78,2023-08-29,customer77@outlook.com,France,38.0,Beauty,126.94,5,0.05,Credit Card,5.0
79,2024-03-03,customer78@outlook.com,France,30.0,Sports & Outdoors,31.22,1,0.05,PayPal,5.0
80,2023-05-20,customer79@protonmail.com,Brazil,45.0,Home & Kitchen,38.79,4,0.0,Debit Card,
81,2024-12-18,customer80@gmail.com,Mexico,67.0,Office Supplies,49.95,3,0.1,Credit Card,
82,2023-12-27,customer81@gmail.com,Canada,66.0,Sports & Outdoors,93.5,5,0.1,Debit Card,5.0
83,2024-01-28,customer82@yahoo.com,Japan,59.0,Electronics,59.64,1,0.15,Credit Card,1.0
84,2023-05-23,customer83@yahoo.com,United States,45.0,Grocery,22.14,2,0.0,Gift Card,4.0
85,2023-08-13,customer84@outlook.com,Australia,42.0,Beauty,16.09,4,0.0,PayPal,4.0
86,2024-06-21,customer85@protonmail.com,United States,72.0,Books,54.87,5,0.0,Credit Card,4.0
87,2024-04-06,customer86@outlook.com,India,49.0,Home & Kitchen,58.92,5,0.0,Credit Card,3.0
88,2023-06-14,customer87@yahoo.com,Australia,65.0,Grocery,108.99,3,0.25,Credit Card,
89,2023-11-19,customer88@yahoo.com,United Kingdom,65.0,Electronics,33.52,2,0.2,Credit Card,5.0
90,2023-05-16,customer89@gmail.com,United Kingdom,60.0,Clothing,143.99,1,0.25,Debit Card,5.0
91,2023-10-25,customer90@gmail.com,Japan,68.0,Grocery,22.34,3,0.2,Credit Card,4.0
92,2023-06-08,customer91@yahoo.com,United Kingdom,53.0,Grocery,22.51,5,0.0,PayPal,5.0
93,2024-12-16,customer92@hotmail.com,Germany,43.0,Sports & Outdoors,53.86,2,0.05,Debit Card,
94,2023-08-06,customer93@protonmail.com,United States,29.0,Electronics,106.99,5,0.15,Credit Card,3.0
95,2023-12-12,customer94@hotmail.com,Germany,21.0,Clothing,75.45,2,0.0,Credit Card,4.0
96,2024-04-13,customer95@protonmail.com,Brazil,28.0,Grocery,32.66,1,0.25,Credit Card,5.0
97,2023-01-30,customer96@yahoo.com,United States,73.0,Beauty,185.72,4,0.2,Debit Card,4.0
98,2023-06-03,customer97@hotmail.com,India,67.0,Grocery,73.46,3,0.25,Debit Card,
99,2024-12-22,customer98@hotmail.com,United Kingdom,45.0,Electronics,77.61,4,0.0,Credit Card,3.0
100,2024-05-23,customer99@protonmail.com,Brazil,31.0,Office Supplies,101.14,5,0.0,Credit Card,
101,2023-06-26,customer100@yahoo.com,Canada,23.0,Home & Kitchen,79.18,1,0.15,Gift Card,4.0
102,2023-11-11,customer101@gmail.com,Canada,31.0,Clothing,48.45,3,0.2,Debit Card,5.0
103,2024-09-17,customer102@protonmail.com,India,31.0,Grocery,155.65,2,0.0,Debit Card,5.0
104,2023-05-24,customer103@hotmail.com,Mexico,66.0,Clothing,136.18,3,0.0,Credit Card,4.0
105,2023-08-07,customer104@hotmail.com,United Kingdom,59.0,Sports & Outdoors,170.62,2,0.0,Credit Card,
106,2023-06-25,customer105@outlook.com,Mexico,20.0,Toys,51.85,1,0.1,PayPal,4.0
107,2024-04-30,customer106@gmail.com,India,18.0,Grocery,152.24,3,0.0,PayPal,5.0
108,2024-01-20,customer107@gmail.com,United Kingdom,58.0,Electronics,31.54,3,0.1,Credit Card,4.0
109,2024-01-01,customer108@yahoo.com,India,25.0,Electronics,66.72,4,0.0,Credit Card,5.0
110,2023-10-04,customer109@hotmail.com,Mexico,53.0,Sports & Outdoors,99.35,3,0.15,Debit Card,4.0
111,2023-08-28,customer110@protonmail.com,Germany,43.0,Grocery,26.64,4,0.15,Credit Card,4.0
112,2024-01-11,customer111@outlook.com,France,20.0,Automotive,163.85,4,0.25,Bank Transfer,5.0
113,2024-08-06,customer112@outlook.com,United Kingdom,55.0,Clothing,48.61,1,0.0,Debit Card,5.0
114,2024-08-16,customer113@hotmail.com,United States,28.0,Beauty,139.56,3,0.0,Gift Card,5.0
115,2024-07-26,customer114@hotmail.com,Mexico,30.0,Clothing,28.6,3,0.0,Credit Card,4.0
116,2023-02-03,customer115@protonmail.com,Australia,35.0,Clothing,65.79,4,0.0,Debit Card,4.0
117,2023-12-24,customer116@yahoo.com,Canada,71.0,Electronics,42.71,1,0.0,Credit Card,3.0
118,2023-10-15,customer117@yahoo.com,Australia,30.0,Home & Kitchen,42.92,1,0.1,Gift Card,2.0
119,2024-11-13,customer118@hotmail.com,Brazil,32.0,Electronics,31.0,5,0.15,Debit Card,5.0
120,2023-10-31,customer119@gmail.com,India,27.0,Home & Kitchen,29.44,4,0.0,PayPal,5.0
121,2023-06-30,customer120@hotmail.com,Brazil,68.0,Home & Kitchen,33.59,3,0.0,Credit Card,4.0
122,2023-07-03,customer121@protonmail.com,Germany,66.0,Grocery,32.85,1,0.1,Debit Card,4.0
123,2023-05-23,customer122@hotmail.com,Mexico,72.0,Home & Kitchen,122.81,2,0.0,Debit Card,1.0
124,2023-11-19,customer123@hotmail.com,Brazil,70.0,Grocery,133.05,4,0.2,Credit Card,4.0
125,2023-07-12,customer124@outlook.com,France,46.0,Grocery,25.72,4,0.0,PayPal,5.0
126,2024-02-18,customer125@yahoo.com,Brazil,27.0,Books,56.81,5,0.15,Debit Card,4.0
127,2023-06-18,customer126@yahoo.com,Mexico,41.0,Beauty,121.33,3,0.15,Debit Card,4.0
128,2024-03-03,customer127@outlook.com,United States,50.0,Clothing,92.72,4,0.2,Credit Card,4.0
129,2024-03-25,customer128@protonmail.com,Japan,63.0,Electronics,54.21,2,0.1,PayPal,3.0
130,2024-05-03,customer129@protonmail.com,Japan,42.0,Beauty,43.79,1,0.0,Credit Card,4.0
131,2024-10-06,customer130@yahoo.com,India,20.0,Sports & Outdoors,26.06,2,0.0,Debit Card,2.0
132,2023-02-26,customer131@gmail.com,France,39.0,Books,158.89,5,0.0,Gift Card,4.0
133,2023-02-08,customer132@protonmail.com,Germany,49.0,Automotive,78.38,5,0.0,Credit Card,5.0
134,2023-12-02,customer133@gmail.com,United Kingdom,72.0,Beauty,70.47,1,0.2,Gift Card,4.0
135,2024-01-12,customer134@gmail.com,France,52.0,Clothing,36.91,1,0.0,Gift Card,5.0
136,2024-07-07,customer135@outlook.com,France,20.0,Electronics,62.56,1,0.05,Credit Card,2.0
137,2023-06-15,customer136@protonmail.com,India,48.0,Automotive,122.4,4,0.05,Credit Card,4.0
138,2023-11-29,customer137@gmail.com,India,73.0,Office Supplies,24.08,5,0.15,PayPal,
139,2024-03-22,customer138@yahoo.com,Australia,40.0,Sports & Outdoors,36.46,5,0.0,Bank Transfer,4.0
140,2024-04-24,customer139@protonmail.com,Japan,,Beauty,27.72,1,0.0,Credit Card,2.0
141,2024-02-01,customer140@gmail.com,Brazil,18.0,Books,140.44,3,0.2,Gift Card,3.0
142,2024-03-07,customer141@yahoo.com,Japan,50.0,Home & Kitchen,23.38,3,0.15,Credit Card,2.0
143,2023-04-30,customer142@gmail.com,Brazil,33.0,Automotive,76.11,5,0.1,Credit Card,5.0
144,2023-12-06,customer143@hotmail.com,United States,71.0,Sports & Outdoors,27.94,5,0.0,Gift Card,1.0
145,2024-01-31,customer144@yahoo.com,France,32.0,Toys,71.49,5,0.15,Credit Card,2.0
146,2023-02-27,customer145@hotmail.com,Japan,54.0,Sports & Outdoors,27.3,2,0.2,PayPal,
147,2024-12-08,customer146@gmail.com,Australia,54.0,Books,46.19,2,0.2,Credit Card,4.0
148,2024-04-07,customer147@gmail.com,Brazil,61.0,Electronics,153.08,4,0.0,Credit Card,4.0
149,2024-06-07,customer148@gmail.com,Germany,40.0,Sports & Outdoors,84.93,4,0.1,Gift Card,4.0
150,2024-01-26,customer149@gmail.com,Mexico,23.0,Electronics,69.24,3,0.0,Credit Card,5.0
151,2024-11-10,customer150@gmail.com,Canada,,Home & Kitchen,81.54,1,0.0,PayPal,5.0
152,2023-01-05,customer151@yahoo.com,Brazil,50.0,Electronics,160.24,3,0.0,Gift Card,5.0
153,2024-11-30,customer152@protonmail.com,Brazil,34.0,Clothing,72.0,5,0.0,PayPal,4.0
154,2023-06-01,customer153@outlook.com,United States,35.0,Automotive,117.82,3,0.0,Gift Card,3.0
155,2024-10-07,customer154@hotmail.com,United Kingdom,24.0,Electronics,119.89,5,0.25,Gift Card,5.0
156,2023-02-14,customer155@gmail.com,Mexico,,Clothing,111.02,3,0.25,Credit Card,5.0
157,2023-08-17,customer156@protonmail.com,Japan,50.0,Beauty,221.8,5,0.1,Debit Card,4.0
158,2024-02-21,customer157@protonmail.com,Brazil,31.0,Grocery,94.26,5,0.05,Debit Card,4.0
159,2024-04-25,customer158@outlook.com,India,60.0,Beauty,113.54,4,0.25,PayPal,4.0
160,2023-01-12,customer159@hotmail.com,United States,53.0,Office Supplies,46.74,5,0.05,PayPal,1.0
161,2023-09-19,customer160@outlook.com,India,39.0,Beauty,66.08,1,0.05,Credit Card,4.0
162,2024-09-06,customer161@yahoo.com,Brazil,48.0,Beauty,64.12,2,0.0,PayPal,5.0
163,2023-05-14,customer162@protonmail.com,United Kingdom,63.0,Clothing,36.35,1,0.0,Debit Card,
164,2024-11-22,customer163@gmail.com,Germany,25.0,Clothing,39.0,4,0.05,PayPal,3.0
165,2024-06-02,customer164@yahoo.com,Germany,35.0,Books,63.5,2,0.0,Debit Card,4.0
166,2024-12-13,customer165@gmail.com,Japan,59.0,Beauty,74.14,3,0.0,Credit Card,
167,2024-10-21,customer166@yahoo.com,United Kingdom,59.0,Sports & Outdoors,156.94,5,0.15,PayPal,4.0
168,2023-06-15,customer167@protonmail.com,United Kingdom,34.0,Grocery,36.3,4,0.15,Debit Card,4.0
169,2024-11-18,customer168@hotmail.com,Australia,53.0,Sports & Outdoors,34.94,4,0.0,Gift Card,2.0
170,2023-12-28,customer169@protonmail.com,Brazil,51.0,Beauty,24.58,1,0.25,PayPal,5.0
171,2023-07-08,customer170@protonmail.com,France,,Electronics,102.43,4,0.0,Gift Card,5.0
172,2024-10-12,customer171@outlook.com,Canada,67.0,Clothing,177.33,2,0.0,PayPal,5.0
173,2023-12-10,customer172@protonmail.com,Canada,31.0,Toys,61.24,5,0.0,Gift Card,5.0
174,2024-05-16,customer173@outlook.com,India,40.0,Electronics,76.25,2,0.2,Credit Card,5.0
175,2024-03-21,customer174@hotmail.com,France,42.0,Automotive,62.06,4,0.25,Debit Card,5.0
176,2023-08-07,customer175@outlook.com,United States,54.0,Home & Kitchen,96.68,3,0.25,Credit Card,5.0
177,2024-12-18,customer176@yahoo.com,Germany,57.0,Electronics,31.52,2,0.0,Debit Card,3.0
178,2024-08-31,customer177@hotmail.com,United States,67.0,Sports & Outdoors,85.1,2,0.25,Gift Card,3.0
179,2024-01-22,customer178@protonmail.com,United Kingdom,26.0,Home & Kitchen,62.01,2,0.0,PayPal,4.0
180,2024-02-23,customer179@protonmail.com,Canada,53.0,Toys,104.56,3,0.15,Debit Card,5.0
181,2023-02-20,customer180@hotmail.com,Mexico,27.0,Home & Kitchen,102.4,5,0.15,PayPal,1.0
182,2024-06-16,customer181@yahoo.com,Germany,74.0,Electronics,79.5,5,0.2,Credit Card,4.0
183,2024-10-26,customer182@protonmail.com,Canada,18.0,Beauty,55.99,2,0.1,Gift Card,5.0
184,2024-12-08,customer183@protonmail.com,Japan,22.0,Clothing,37.2,1,0.0,Credit Card,3.0
185,2024-02-13,customer184@outlook.com,Mexico,69.0,Toys,101.11,2,0.15,Credit Card,4.0
186,2024-12-29,customer185@yahoo.com,France,38.0,Home & Kitchen,67.38,3,0.1,Credit Card,5.0
187,2024-08-05,customer186@hotmail.com,Canada,37.0,Toys,66.5,3,0.0,Gift Card,4.0
188,2024-01-04,customer187@yahoo.com,France,58.0,Clothing,50.6,1,0.15,Debit Card,1.0
189,2024-08-07,customer188@protonmail.com,Japan,25.0,Electronics,142.97,1,0.15,Debit Card,5.0
190,2023-04-25,customer189@protonmail.com,India,45.0,Beauty,146.65,3,0.0,Credit Card,5.0
191,2024-05-08,customer190@hotmail.com,Canada,,Toys,53.16,2,0.15,Credit Card,3.0
192,2024-03-28,customer191@outlook.com,Australia,32.0,Automotive,40.7,2,0.0,Credit Card,3.0
193,2023-12-27,customer192@gmail.com,United States,29.0,Grocery,56.18,2,0.1,Credit Card,4.0
194,2024-04-15,customer193@gmail.com,Australia,37.0,Toys,42.84,5,0.0,Debit Card,4.0
195,2024-09-14,customer194@gmail.com,United States,46.0,Electronics,83.99,5,0.15,Credit Card,5.0
196,2024-02-22,customer195@gmail.com,France,59.0,Beauty,66.03,2,0.0,Debit Card,5.0
197,2023-10-04,customer196@outlook.com,France,29.0,Toys,98.35,4,0.0,Debit Card,5.0
198,2023-11-05,customer197@yahoo.com,Mexico,62.0,Grocery,53.57,5,0.05,Debit Card,4.0
199,2024-02-19,customer198@yahoo.com,Canada,28.0,Toys,231.34,2,0.15,Gift Card,5.0
200,2024-02-29,customer199@gmail.com,United Kingdom,54.0,Electronics,25.5,1,0.2,Credit Card,5.0
201,2023-08-17,customer200@hotmail.com,Australia,39.0,Grocery,64.62,2,0.0,Debit Card,4.0
202,2024-01-25,customer201@protonmail.com,Canada,68.0,Grocery,205.57,5,0.15,Credit Card,5.0
203,2023-07-29,customer202@gmail.com,United States,57.0,Electronics,99.18,1,0.25,Gift Card,4.0
204,2024-11-20,customer203@hotmail.com,France,47.0,Sports & Outdoors,59.0,2,0.15,Gift Card,
205,2024-01-26,customer204@protonmail.com,United Kingdom,21.0,Books,81.31,5,0.0,Credit Card,5.0
206,2024-09-03,customer205@outlook.com,Japan,64.0,Toys,29.33,2,0.1,Credit Card,1.0
207,2023-10-05,customer206@outlook.com,United States,74.0,Automotive,67.09,3,0.05,Credit Card,
208,2023-10-15,customer207@protonmail.com,United States,24.0,Home & Kitchen,28.92,5,0.0,Credit Card,3.0
209,2023-07-30,customer208@hotmail.com,United Kingdom,48.0,Electronics,19.08,5,0.05,Credit Card,4.0
210,2024-02-21,customer209@yahoo.com,India,74.0,Home & Kitchen,137.67,2,0.0,Credit Card,4.0
211,2024-03-25,customer210@yahoo.com,Australia,52.0,Automotive,44.32,2,0.0,Credit Card,
212,2024-02-18,customer211@gmail.com,United Kingdom,67.0,Home & Kitchen,27.51,3,0.0,Credit Card,4.0
213,2024-09-02,customer212@protonmail.com,Australia,63.0,Sports & Outdoors,54.19,2,0.0,Credit Card,5.0
214,2024-01-08,customer213@yahoo.com,Japan,68.0,Grocery,95.51,4,0.25,Credit Card,4.0
215,2024-08-22,customer214@protonmail.com,France,34.0,Grocery,29.03,4,0.0,Debit Card,3.0
216,2023-02-12,customer215@yahoo.com,Canada,68.0,Electronics,48.11,3,0.2,Gift Card,4.0
217,2023-09-20,customer216@outlook.com,Germany,27.0,Electronics,102.44,3,0.0,Credit Card,2.0
218,2024-06-04,customer217@gmail.com,India,66.0,Office Supplies,69.07,1,0.1,Credit Card,5.0
219,2023-10-07,customer218@gmail.com,Brazil,50.0,Books,139.82,4,0.0,Gift Card,4.0
220,2024-06-17,customer219@hotmail.com,Germany,22.0,Electronics,103.39,5,0.05,Credit Card,5.0
221,2024-03-08,customer220@hotmail.com,India,57.0,Electronics,89.38,5,0.1,Credit Card,5.0
222,2023-12-20,customer221@yahoo.com,Canada,69.0,Grocery,101.31,4,0.25,Debit Card,4.0
223,2024-02-12,customer222@hotmail.com,Canada,68.0,Automotive,24.9,4,0.15,Credit Card,4.0
224,2024-10-20,customer223@yahoo.com,United States,27.0,Books,64.09,5,0.0,Debit Card,4.0
225,2024-05-10,customer224@hotmail.com,United States,66.0,Clothing,188.93,2,0.25,PayPal,
226,2024-12-19,customer225@hotmail.com,Germany,67.0,Beauty,51.04,4,0.0,Debit Card,5.0
227,2023-03-11,customer226@protonmail.com,United States,73.0,Electronics,64.8,1,0.05,PayPal,4.0
228,2024-08-16,customer227@hotmail.com,Germany,49.0,Automotive,44.86,4,0.1,Credit Card,2.0
229,2024-10-12,customer228@protonmail.com,United States,69.0,Home & Kitchen,44.61,2,0.1,Credit Card,5.0
230,2024-11-08,customer229@protonmail.com,United States,34.0,Home & Kitchen,109.83,3,0.1,Credit Card,5.0
231,2024-01-29,customer230@yahoo.com,Australia,47.0,Clothing,184.29,1,0.15,Debit Card,4.0
232,2023-12-22,customer231@protonmail.com,Australia,35.0,Electronics,150.34,1,0.25,PayPal,4.0
233,2024-03-02,customer232@outlook.com,Brazil,38.0,Clothing,17.51,4,0.0,PayPal,4.0
234,2024-10-29,customer233@gmail.com,France,33.0,Beauty,62.2,5,0.2,Credit Card,5.0
235,2024-09-24,customer234@protonmail.com,India,55.0,Books,51.72,1,0.0,Gift Card,5.0
236,2024-11-13,customer235@gmail.com,France,59.0,Sports & Outdoors,31.1,5,0.25,Credit Card,4.0
237,2024-12-08,customer236@gmail.com,United Kingdom,64.0,Home & Kitchen,112.53,4,0.05,Bank Transfer,5.0
238,2024-03-31,customer237@outlook.com,Canada,59.0,Clothing,54.13,4,0.15,Credit Card,5.0
239,2023-07-09,customer238@hotmail.com,France,,Books,33.75,2,0.0,PayPal,2.0
240,2023-04-21,customer239@outlook.com,Germany,42.0,Toys,81.68,5,0.25,Debit Card,2.0
241,2024-10-17,customer240@hotmail.com,Australia,53.0,Home & Kitchen,28.88,4,0.1,Debit Card,4.0
242,2023-04-22,customer241@protonmail.com,Mexico,42.0,Grocery,127.26,1,0.15,PayPal,5.0
243,2023-02-21,customer242@outlook.com,United States,27.0,Electronics,132.92,5,0.0,Debit Card,3.0
244,2023-12-11,customer243@protonmail.com,Germany,30.0,Electronics,100.13,2,0.1,Debit Card,5.0
245,2024-06-26,customer244@hotmail.com,Canada,48.0,Home & Kitchen,87.2,3,0.2,Gift Card,3.0
246,2024-06-20,customer245@outlook.com,Brazil,40.0,Sports & Outdoors,61.83,1,0.1,Credit Card,
247,2023-07-05,customer246@outlook.com,Australia,58.0,Electronics,78.52,2,0.0,Debit Card,5.0
248,2024-01-02,customer247@protonmail.com,Canada,55.0,Electronics,60.9,4,0.25,PayPal,2.0
249,2024-10-14,customer248@yahoo.com,Brazil,32.0,Books,24.04,5,0.0,Credit Card,5.0
250,2024-08-06,customer249@yahoo.com,Canada,53.0,Clothing,97.3,3,0.0,Credit Card,5.0
251,2024-10-31,customer250@hotmail.com,Brazil,51.0,Electronics,143.73,4,0.15,Credit Card,3.0
252,2024-07-15,customer251@hotmail.com,Mexico,25.0,Sports & Outdoors,44.95,1,0.1,Credit Card,3.0
253,2023-03-08,customer252@gmail.com,Australia,65.0,Sports & Outdoors,107.11,2,0.05,PayPal,5.0
254,2023-05-29,customer253@hotmail.com,Japan,59.0,Electronics,65.94,3,0.05,Debit Card,
255,2023-05-04,customer254@gmail.com,United States,68.0,Home & Kitchen,47.26,1,0.0,Credit Card,4.0
256,2023-04-07,customer255@outlook.com,Japan,74.0,Clothing,14.53,2,0.15,Debit Card,3.0
257,2024-09-18,customer256@yahoo.com,Canada,34.0,Office Supplies,99.17,1,0.0,Credit Card,4.0
258,2024-05-30,customer257@yahoo.com,France,64.0,Beauty,87.68,3,0.1,Gift Card,4.0
259,2024-10-29,customer258@hotmail.com,Australia,72.0,Clothing,33.27,2,0.25,PayPal,
260,2023-08-22,customer259@gmail.com,Brazil,18.0,Office Supplies,56.01,2,0.05,Credit Card,5.0
261,2024-12-16,customer260@yahoo.com,Brazil,54.0,Books,65.64,3,0.1,Credit Card,5.0
262,2024-11-10,customer261@gmail.com,Mexico,64.0,Clothing,80.91,1,0.15,Gift Card,
263,2023-03-19,customer262@gmail.com,Brazil,,Office Supplies,119.87,4,0.1,Debit Card,1.0
264,2024-09-26,customer263@yahoo.com,United States,19.0,Beauty,59.53,3,0.1,Credit Card,4.0
265,2023-03-22,customer264@hotmail.com,Japan,35.0,Toys,21.38,5,0.05,Debit Card,4.0
266,2023-11-26,customer265@hotmail.com,Canada,25.0,Sports & Outdoors,67.58,2,0.0,Credit Card,
267,2023-05-12,customer266@protonmail.com,Mexico,28.0,Office Supplies,51.06,1,0.15,Gift Card,5.0
268,2024-02-28,customer267@yahoo.com,India,31.0,Electronics,39.98,3,0.15,Gift Card,5.0
269,2023-01-13,customer268@yahoo.com,Germany,31.0,Clothing,109.36,1,0.05,Credit Card,4.0
270,2024-09-10,customer269@protonmail.com,United States,46.0,Clothing,37.23,2,0.0,PayPal,5.0
271,2023-12-14,customer270@gmail.com,Mexico,,Office Supplies,27.0,4,0.0,PayPal,4.0
272,2024-09-28,customer271@outlook.com,Germany,66.0,Electronics,48.64,5,0.2,Credit Card,3.0
273,2023-11-13,customer272@hotmail.com,India,24.0,Electronics,64.77,3,0.0,Gift Card,5.0
274,2024-02-11,customer273@outlook.com,United States,64.0,Clothing,70.13,1,0.25,Debit Card,
275,2024-06-22,customer274@protonmail.com,United Kingdom,,Electronics,128.36,2,0.0,Credit Card,
276,2024-12-10,customer275@yahoo.com,France,39.0,Sports & Outdoors,43.0,2,0.0,Bank Transfer,4.0
277,2023-10-01,customer276@gmail.com,Canada,41.0,Clothing,99.74,1,0.0,PayPal,4.0
278,2024-01-16,customer277@gmail.com,France,45.0,Grocery,48.71,4,0.0,Credit Card,4.0
279,2023-08-25,customer278@outlook.com,Mexico,68.0,Beauty,16.34,4,0.0,Debit Card,5.0
280,2023-01-31,customer279@outlook.com,Canada,27.0,Books,121.38,2,0.0,Debit Card,4.0
281,2024-09-29,customer280@outlook.com,France,46.0,Grocery,23.89,3,0.0,PayPal,2.0
282,2024-02-15,customer281@yahoo.com,United States,72.0,Electronics,76.03,3,0.2,Credit Card,5.0
283,2023-09-29,customer282@outlook.com,Japan,56.0,Toys,25.97,3,0.25,Debit Card,4.0
284,2024-07-21,customer283@protonmail.com,France,33.0,Sports & Outdoors,85.04,4,0.0,PayPal,4.0
285,2024-08-20,customer284@outlook.com,Australia,64.0,Home & Kitchen,30.38,4,0.1,PayPal,
286,2024-12-20,customer285@hotmail.com,Australia,29.0,Electronics,20.6,1,0.1,Credit Card,2.0
287,2023-11-15,customer286@protonmail.com,Japan,31.0,Toys,56.71,2,0.15,Bank Transfer,3.0
288,2023-03-18,customer287@gmail.com,Brazil,74.0,Books,12.36,5,0.05,Credit Card,5.0
289,2023-12-21,customer288@yahoo.com,Mexico,61.0,Sports & Outdoors,59.94,3,0.0,PayPal,3.0
290,2023-11-18,customer289@outlook.com,Brazil,30.0,Home & Kitchen,99.45,3,0.2,Credit Card,4.0
291,2023-06-01,customer290@hotmail.com,India,62.0,Electronics,187.83,4,0.15,Gift Card,3.0
292,2024-03-04,customer291@protonmail.com,United States,28.0,Office Supplies,72.35,4,0.15,Gift Card,
293,2023-10-30,customer292@hotmail.com,Canada,35.0,Electronics,62.58,3,0.0,Gift Card,
294,2024-10-05,customer293@protonmail.com,France,74.0,Office Supplies,124.09,5,0.1,Credit Card,5.0
295,2023-02-04,customer294@protonmail.com,Canada,38.0,Beauty,28.59,3,0.25,PayPal,4.0
296,2024-06-06,customer295@protonmail.com,India,22.0,Sports & Outdoors,37.58,5,0.1,Credit Card,4.0
297,2024-03-15,customer296@hotmail.com,India,74.0,Clothing,98.02,3,0.25,Debit Card,2.0
298,2023-06-18,customer297@protonmail.com,Australia,19.0,Grocery,47.84,2,0.2,Gift Card,4.0
299,2023-09-15,customer298@protonmail.com,France,73.0,Automotive,53.83,1,0.05,PayPal,5.0
300,2024-09-19,customer299@yahoo.com,India,43.0,Beauty,67.25,3,0.05,Debit Card,5.0
301,2023-09-23,customer300@outlook.com,Australia,33.0,Beauty,31.12,5,0.0,Credit Card,4.0
302,2024-04-29,customer301@hotmail.com,Mexico,34.0,Books,21.03,3,0.05,Debit Card,3.0
303,2024-01-10,customer302@yahoo.com,India,25.0,Electronics,36.06,4,0.0,Credit Card,4.0
304,2024-10-15,customer303@hotmail.com,Germany,67.0,Office Supplies,50.97,3,0.0,Credit Card,5.0
305,2024-04-27,customer304@hotmail.com,Japan,73.0,Electronics,85.09,5,0.15,Gift Card,4.0
306,2024-09-01,customer305@protonmail.com,Canada,59.0,Books,64.21,4,0.0,Debit Card,4.0
307,2024-10-21,customer306@yahoo.com,United States,30.0,Clothing,96.04,4,0.25,Credit Card,
308,2023-04-05,customer307@protonmail.com,United States,48.0,Grocery,63.6,2,0.0,Debit Card,
309,2024-08-31,customer308@protonmail.com,Mexico,58.0,Beauty,104.5,3,0.15,Credit Card,5.0
310,2024-12-02,customer309@outlook.com,Canada,18.0,Sports & Outdoors,54.19,3,0.1,Credit Card,2.0
311,2023-01-27,customer310@outlook.com,United Kingdom,54.0,Electronics,13.51,5,0.0,PayPal,3.0
312,2023-11-28,customer311@yahoo.com,Japan,33.0,Home & Kitchen,42.44,4,0.15,Credit Card,2.0
313,2023-07-06,customer312@hotmail.com,Canada,59.0,Electronics,68.38,1,0.05,Credit Card,5.0
314,2024-12-18,customer313@outlook.com,Canada,68.0,Office Supplies,90.7,2,0.25,Credit Card,5.0
315,2023-09-14,customer314@hotmail.com,Japan,38.0,Electronics,45.3,2,0.05,PayPal,3.0
316,2023-05-17,customer315@protonmail.com,Mexico,32.0,Office Supplies,72.87,4,0.0,Credit Card,4.0
317,2023-03-11,customer316@hotmail.com,Canada,41.0,Electronics,49.33,4,0.0,Credit Card,
318,2024-08-02,customer317@outlook.com,Japan,19.0,Grocery,37.93,1,0.1,Gift Card,5.0
319,2023-02-12,customer318@gmail.com,Australia,32.0,Toys,90.73,4,0.1,Debit Card,4.0
320,2023-08-11,customer319@gmail.com,Mexico,31.0,Grocery,80.6,4,0.2,Credit Card,5.0
321,2024-02-09,customer320@hotmail.com,Mexico,,Sports & Outdoors,222.91,2,0.0,Gift Card,2.0
322,2023-02-02,customer321@outlook.com,Australia,61.0,Beauty,45.35,1,0.0,Debit Card,5.0
323,2023-05-08,customer322@gmail.com,India,44.0,Beauty,131.2,1,0.0,PayPal,5.0
324,2024-12-26,customer323@hotmail.com,United Kingdom,67.0,Home & Kitchen,23.9,4,0.1,Credit Card,4.0
325,2023-12-01,customer324@hotmail.com,Australia,34.0,Office Supplies,131.25,2,0.0,Credit Card,
326,2023-08-10,customer325@protonmail.com,Canada,34.0,Sports & Outdoors,64.48,1,0.05,Credit Card,4.0
327,2024-09-26,customer326@yahoo.com,United States,42.0,Home & Kitchen,51.01,3,0.25,Debit Card,3.0
328,2023-02-28,customer327@outlook.com,Brazil,31.0,Clothing,80.83,4,0.05,Credit Card,2.0
329,2023-07-12,customer328@hotmail.com,Australia,61.0,Toys,84.44,3,0.25,Debit Card,5.0
330,2024-09-20,customer329@hotmail.com,United States,65.0,Automotive,122.05,3,0.0,Credit Card,3.0
331,2024-07-03,customer330@yahoo.com,India,56.0,Grocery,34.38,2,0.05,Debit Card,
332,2023-11-12,customer331@yahoo.com,India,29.0,Clothing,23.7,3,0.0,Credit Card,5.0
333,2024-12-16,customer332@hotmail.com,Germany,62.0,Sports & Outdoors,81.13,3,0.1,Credit Card,4.0
334,2024-02-25,customer333@yahoo.com,United States,38.0,Electronics,78.19,4,0.0,Debit Card,4.0
335,2024-06-28,customer334@protonmail.com,United Kingdom,74.0,Clothing,120.86,4,0.0,Gift Card,2.0
336,2024-12-19,customer335@yahoo.com,Japan,39.0,Grocery,47.67,5,0.25,Bank Transfer,5.0
337,2024-01-04,customer336@gmail.com,United States,52.0,Electronics,41.8,2,0.15,Credit Card,5.0
338,2023-12-17,customer337@hotmail.com,Germany,40.0,Clothing,79.74,1,0.0,Debit Card,4.0
339,2024-04-29,customer338@hotmail.com,United Kingdom,68.0,Electronics,66.68,1,0.15,Credit Card,3.0
340,2023-02-18,customer339@protonmail.com,Japan,22.0,Electronics,89.55,4,0.0,Debit Card,5.0
341,2023-11-09,customer340@yahoo.com,United Kingdom,73.0,Electronics,40.13,3,0.1,Credit Card,5.0
342,2024-05-19,customer341@protonmail.com,Brazil,66.0,Electronics,130.56,3,0.1,Gift Card,3.0
343,2023-10-04,customer342@protonmail.com,Germany,20.0,Books,76.72,4,0.0,Gift Card,4.0
344,2024-06-02,customer343@outlook.com,Canada,30.0,Automotive,119.15,4,0.25,Credit Card,3.0
345,2023-10-22,customer344@yahoo.com,United Kingdom,36.0,Electronics,58.43,5,0.0,Credit Card,3.0
346,2023-05-22,customer345@outlook.com,Mexico,38.0,Grocery,38.78,5,0.0,Debit Card,4.0
347,2023-04-17,customer346@hotmail.com,Brazil,51.0,Sports & Outdoors,82.64,4,0.05,Debit Card,4.0
348,2024-02-03,customer347@protonmail.com,Australia,54.0,Electronics,96.21,4,0.15,PayPal,4.0
349,2023-05-22,customer348@outlook.com,United Kingdom,27.0,Home & Kitchen,21.25,5,0.1,Credit Card,4.0
350,2023-09-27,customer349@protonmail.com,Germany,,Home & Kitchen,178.29,1,0.0,Credit Card,2.0
351,2024-01-15,customer350@yahoo.com,France,18.0,Grocery,41.54,5,0.0,PayPal,2.0
352,2023-02-06,customer351@hotmail.com,Mexico,51.0,Beauty,70.91,3,0.0,Debit Card,4.0
353,2023-11-03,customer352@hotmail.com,Germany,60.0,Clothing,93.19,2,0.25,PayPal,4.0
354,2023-08-16,customer353@hotmail.com,India,38.0,Electronics,66.31,3,0.25,Credit Card,3.0
355,2023-08-18,customer354@hotmail.com,United Kingdom,41.0,Electronics,68.82,5,0.0,Credit Card,5.0
356,2024-10-25,customer355@hotmail.com,Canada,18.0,Sports & Outdoors,69.87,1,0.15,Credit Card,5.0
357,2024-11-06,customer356@gmail.com,Brazil,26.0,Electronics,15.73,1,0.2,PayPal,5.0
358,2023-08-08,customer357@outlook.com,United States,46.0,Toys,72.55,4,0.1,Debit Card,
359,2024-10-05,customer358@protonmail.com,Brazil,24.0,Sports & Outdoors,47.14,4,0.0,Credit Card,4.0
360,2023-06-12,customer359@outlook.com,Mexico,50.0,Sports & Outdoors,117.71,4,0.0,Credit Card,5.0
361,2023-09-11,customer360@gmail.com,Canada,69.0,Electronics,105.72,5,0.15,Gift Card,5.0
362,2024-11-17,customer361@protonmail.com,Australia,38.0,Books,24.71,4,0.1,Debit Card,4.0
363,2023-03-16,customer362@hotmail.com,Canada,58.0,Books,23.82,5,0.0,Gift Card,4.0
364,2023-10-07,customer363@outlook.com,France,53.0,Grocery,182.57,1,0.0,Gift Card,3.0
365,2024-08-10,customer364@protonmail.com,France,59.0,Books,9.47,2,0.05,Credit Card,
366,2024-11-17,customer365@outlook.com,United States,,Clothing,42.79,4,0.05,Gift Card,4.0
367,2024-11-23,customer366@protonmail.com,Canada,58.0,Electronics,29.4,5,0.25,Credit Card,3.0
368,2024-10-04,customer367@gmail.com,Australia,20.0,Beauty,128.38,2,0.15,PayPal,5.0
369,2024-12-05,customer368@outlook.com,India,63.0,Sports & Outdoors,59.99,3,0.05,Debit Card,5.0
370,2023-12-10,customer369@outlook.com,United Kingdom,64.0,Beauty,41.4,2,0.1,Debit Card,5.0
371,2023-08-24,customer370@outlook.com,India,40.0,Sports & Outdoors,67.31,5,0.1,PayPal,4.0
372,2023-10-09,customer371@yahoo.com,Canada,51.0,Automotive,173.7,3,0.15,Credit Card,3.0
373,2023-03-30,customer372@gmail.com,United States,,Automotive,87.43,1,0.1,Debit Card,5.0
374,2023-04-11,customer373@yahoo.com,Germany,,Clothing,86.34,3,0.0,Credit Card,
375,2024-12-11,customer374@protonmail.com,United States,27.0,Home & Kitchen,20.59,2,0.1,Credit Card,4.0
376,2023-05-20,customer375@protonmail.com,United States,57.0,Automotive,121.32,3,0.2,Debit Card,5.0
377,2024-03-25,customer376@gmail.com,Germany,36.0,Beauty,34.01,2,0.25,PayPal,3.0
378,2023-06-19,customer377@protonmail.com,Australia,58.0,Office Supplies,83.05,5,0.25,Credit Card,4.0
379,2024-04-29,customer378@protonmail.com,Mexico,41.0,Books,38.78,5,0.15,Credit Card,4.0
380,2023-12-10,customer379@protonmail.com,Japan,61.0,Office Supplies,66.9,1,0.25,Bank Transfer,5.0
381,2023-03-18,customer380@yahoo.com,Japan,28.0,Electronics,64.74,2,0.0,Debit Card,4.0
382,2023-09-29,customer381@yahoo.com,Japan,41.0,Toys,253.05,3,0.0,PayPal,3.0
383,2024-06-17,customer382@gmail.com,Australia,48.0,Books,49.72,5,0.0,Credit Card,3.0
384,2024-08-07,customer383@hotmail.com,United States,50.0,Electronics,77.7,2,0.0,Debit Card,5.0
385,2023-07-31,customer384@gmail.com,Germany,65.0,Home & Kitchen,59.51,4,0.15,PayPal,5.0
386,2023-08-05,customer385@yahoo.com,Canada,45.0,Electronics,28.23,1,0.1,Credit Card,5.0
387,2024-06-16,customer386@outlook.com,Australia,74.0,Electronics,82.98,5,0.1,Debit Card,4.0
388,2023-11-06,customer387@outlook.com,Brazil,38.0,Office Supplies,109.29,2,0.1,Credit Card,5.0
389,2023-02-21,customer388@yahoo.com,France,65.0,Office Supplies,31.14,2,0.05,Credit Card,5.0
390,2023-03-31,customer389@yahoo.com,Australia,25.0,Automotive,55.32,4,0.2,Debit Card,3.0
391,2023-09-30,customer390@yahoo.com,Japan,45.0,Office Supplies,68.04,4,0.0,Debit Card,3.0
392,2023-07-17,customer391@outlook.com,United States,70.0,Grocery,102.52,3,0.0,Debit Card,4.0
393,2023-03-28,customer392@gmail.com,Brazil,71.0,Office Supplies,104.95,5,0.0,Debit Card,4.0
394,2024-07-25,customer393@yahoo.com,Brazil,25.0,Home & Kitchen,19.57,3,0.1,Debit Card,
395,2023-12-02,customer394@gmail.com,Mexico,36.0,Home & Kitchen,181.5,3,0.0,Debit Card,4.0
396,2024-05-31,customer395@yahoo.com,France,54.0,Grocery,87.71,3,0.0,Credit Card,5.0
397,2023-01-02,customer396@yahoo.com,Mexico,20.0,Books,65.72,1,0.1,Credit Card,5.0
398,2023-10-21,customer397@outlook.com,United Kingdom,40.0,Beauty,102.04,2,0.25,Credit Card,5.0
399,2023-12-15,customer398@yahoo.com,France,70.0,Toys,139.93,4,0.2,Gift Card,4.0
400,2024-02-26,customer399@gmail.com,Brazil,64.0,Clothing,58.96,1,0.0,Credit Card,4.0
401,2024-12-07,customer400@yahoo.com,France,45.0,Home & Kitchen,54.7,4,0.0,Credit Card,3.0
402,2023-12-01,customer401@protonmail.com,Germany,44.0,Beauty,28.6,3,0.25,Debit Card,4.0
403,2023-12-24,customer402@outlook.com,Australia,38.0,Toys,55.15,4,0.0,PayPal,2.0
404,2024-10-15,customer403@yahoo.com,France,28.0,Clothing,91.34,5,0.25,PayPal,
405,2023-10-18,customer404@protonmail.com,United States,57.0,Sports & Outdoors,55.2,3,0.25,PayPal,4.0
406,2023-10-16,customer405@hotmail.com,India,26.0,Clothing,53.85,4,0.0,Credit Card,5.0
407,2023-04-27,customer406@hotmail.com,Brazil,60.0,Books,160.19,4,0.25,Credit Card,4.0
408,2024-06-11,customer407@gmail.com,Canada,40.0,Sports & Outdoors,77.01,2,0.2,PayPal,1.0
409,2023-01-15,customer408@yahoo.com,United Kingdom,63.0,Books,77.12,2,0.05,Gift Card,5.0
410,2023-06-09,customer409@yahoo.com,Australia,48.0,Office Supplies,92.15,3,0.0,Gift Card,4.0
411,2023-11-02,customer410@hotmail.com,France,72.0,Books,112.89,1,0.05,Gift Card,4.0
412,2023-11-13,customer411@gmail.com,Canada,53.0,Office Supplies,69.08,3,0.0,Credit Card,5.0
413,2023-01-29,customer412@yahoo.com,Germany,70.0,Grocery,37.25,5,0.2,Credit Card,4.0
414,2024-01-22,customer413@protonmail.com,Mexico,66.0,Automotive,87.1,5,0.05,PayPal,5.0
415,2024-12-10,customer414@yahoo.com,United Kingdom,59.0,Beauty,121.52,4,0.05,Debit Card,5.0
416,2023-03-18,customer415@protonmail.com,Germany,39.0,Sports & Outdoors,86.29,1,0.25,Credit Card,5.0
417,2023-12-27,customer416@gmail.com,India,21.0,Toys,101.54,5,0.0,Debit Card,5.0
418,2024-03-04,customer417@protonmail.com,Mexico,62.0,Toys,53.86,1,0.05,Bank Transfer,1.0
419,2023-08-25,customer418@yahoo.com,Canada,52.0,Home & Kitchen,41.47,3,0.1,Credit Card,5.0
420,2024-02-24,customer419@yahoo.com,Germany,30.0,Home & Kitchen,74.03,5,0.0,Credit Card,
421,2023-09-06,customer420@hotmail.com,India,21.0,Electronics,47.89,4,0.0,Credit Card,3.0
422,2023-04-26,customer421@outlook.com,India,,Beauty,142.25,1,0.1,Credit Card,5.0
423,2024-09-05,customer422@gmail.com,France,49.0,Electronics,88.74,3,0.0,PayPal,4.0
424,2024-12-30,customer423@protonmail.com,Brazil,23.0,Toys,50.07,5,0.05,PayPal,5.0
425,2023-10-09,customer424@hotmail.com,Germany,67.0,Electronics,32.47,3,0.0,Credit Card,4.0
426,2023-03-09,customer425@yahoo.com,United Kingdom,63.0,Electronics,119.26,3,0.0,Gift Card,3.0
427,2023-04-30,customer426@protonmail.com,Mexico,43.0,Toys,35.97,2,0.15,Debit Card,4.0
428,2024-10-15,customer427@gmail.com,Japan,,Automotive,66.88,3,0.0,Debit Card,3.0
429,2024-10-05,customer428@protonmail.com,Brazil,29.0,Clothing,77.58,3,0.0,PayPal,5.0
430,2023-12-25,customer429@outlook.com,United Kingdom,,Automotive,36.29,1,0.0,Gift Card,5.0
431,2024-09-28,customer430@protonmail.com,United States,32.0,Electronics,60.88,5,0.1,Credit Card,
432,2023-06-12,customer431@protonmail.com,United States,49.0,Books,130.16,5,0.1,Debit Card,4.0
433,2023-10-20,customer432@protonmail.com,Japan,19.0,Electronics,24.92,1,0.1,PayPal,5.0
434,2023-03-24,customer433@gmail.com,Germany,50.0,Clothing,118.83,1,0.15,Gift Card,4.0
435,2024-02-02,customer434@outlook.com,Australia,,Electronics,74.46,4,0.15,PayPal,4.0
436,2024-05-25,customer435@gmail.com,Brazil,,Electronics,44.53,3,0.15,Gift Card,4.0
437,2024-12-02,customer436@yahoo.com,Brazil,56.0,Beauty,23.75,4,0.2,Credit Card,4.0
438,2024-07-04,customer437@outlook.com,Canada,52.0,Sports & Outdoors,61.98,1,0.0,Debit Card,4.0
439,2024-04-30,customer438@hotmail.com,Australia,43.0,Home & Kitchen,46.11,4,0.0,Credit Card,3.0
440,2024-05-06,customer439@yahoo.com,Japan,,Automotive,61.5,1,0.2,Debit Card,5.0
441,2024-04-04,customer440@gmail.com,Australia,59.0,Sports & Outdoors,93.18,1,0.0,PayPal,3.0
442,2023-11-03,customer441@yahoo.com,Brazil,41.0,Clothing,22.47,4,0.05,Debit Card,4.0
443,2024-01-01,customer442@outlook.com,Germany,27.0,Clothing,71.95,2,0.1,Credit Card,
444,2023-05-06,customer443@yahoo.com,Germany,23.0,Home & Kitchen,165.16,2,0.0,PayPal,4.0
445,2023-01-15,customer444@protonmail.com,Germany,50.0,Grocery,50.19,5,0.25,Credit Card,4.0
446,2024-07-30,customer445@hotmail.com,Canada,37.0,Books,85.6,4,0.25,Credit Card,4.0
447,2023-12-29,customer446@hotmail.com,United States,20.0,Electronics,15.48,2,0.2,PayPal,
448,2024-09-27,customer447@gmail.com,Australia,34.0,Home & Kitchen,22.36,4,0.15,PayPal,5.0
449,2023-03-30,customer448@protonmail.com,Mexico,74.0,Home & Kitchen,42.43,1,0.2,Credit Card,5.0
450,2023-10-14,customer449@hotmail.com,Canada,54.0,Clothing,133.81,3,0.1,Debit Card,4.0
451,2023-07-07,customer450@protonmail.com,United Kingdom,24.0,Toys,47.0,1,0.2,Debit Card,4.0
452,2024-09-06,customer451@outlook.com,United States,70.0,Office Supplies,87.19,4,0.0,Credit Card,4.0
453,2023-10-03,customer452@hotmail.com,United Kingdom,74.0,Home & Kitchen,46.65,2,0.0,Debit Card,5.0
454,2024-04-08,customer453@outlook.com,Canada,34.0,Clothing,28.91,2,0.0,Credit Card,4.0
455,2023-03-03,customer454@protonmail.com,Mexico,45.0,Electronics,57.16,2,0.0,PayPal,4.0
456,2024-01-20,customer455@hotmail.com,United Kingdom,66.0,Clothing,91.77,5,0.1,PayPal,
457,2023-11-19,customer456@yahoo.com,Mexico,45.0,Sports & Outdoors,119.44,5,0.2,Credit Card,4.0
458,2024-03-21,customer457@hotmail.com,Japan,67.0,Office Supplies,62.07,2,0.25,Credit Card,5.0
459,2024-03-03,customer458@gmail.com,Germany,49.0,Beauty,87.03,1,0.0,Credit Card,5.0
460,2023-03-20,customer459@hotmail.com,Germany,54.0,Electronics,68.61,3,0.15,Bank Transfer,3.0
461,2023-02-06,customer460@outlook.com,United States,64.0,Automotive,72.48,4,0.15,PayPal,5.0
462,2023-04-02,customer461@yahoo.com,Mexico,57.0,Grocery,36.75,5,0.0,PayPal,5.0
463,2023-06-08,customer462@protonmail.com,India,19.0,Home & Kitchen,39.31,5,0.0,Debit Card,4.0
464,2024-06-14,customer463@protonmail.com,Brazil,63.0,Office Supplies,30.92,4,0.15,PayPal,4.0
465,2023-07-16,customer464@gmail.com,United States,22.0,Beauty,48.73,1,0.0,Debit Card,4.0
466,2024-12-09,customer465@hotmail.com,Mexico,,Grocery,109.64,1,0.0,Credit Card,4.0
467,2023-03-05,customer466@gmail.com,United Kingdom,19.0,Books,152.41,1,0.05,Debit Card,5.0
468,2024-01-06,customer467@outlook.com,Japan,74.0,Home & Kitchen,109.53,2,0.0,Debit Card,4.0
469,2024-06-06,customer468@protonmail.com,Australia,53.0,Grocery,84.6,4,0.0,Credit Card,4.0
470,2023-02-09,customer469@outlook.com,United States,39.0,Books,67.46,5,0.2,Credit Card,5.0
471,2024-01-11,customer470@gmail.com,Germany,66.0,Office Supplies,109.35,4,0.0,Credit Card,
472,2023-02-19,customer471@yahoo.com,Canada,22.0,Electronics,287.31,5,0.1,Debit Card,3.0
473,2024-07-30,customer472@gmail.com,Canada,31.0,Clothing,76.64,2,0.05,Credit Card,3.0
474,2023-12-08,customer473@hotmail.com,United Kingdom,59.0,Beauty,91.14,4,0.15,Credit Card,5.0
475,2024-09-23,customer474@protonmail.com,United States,70.0,Toys,77.03,1,0.25,PayPal,4.0
476,2024-04-25,customer475@yahoo.com,Brazil,37.0,Clothing,176.1,1,0.0,Debit Card,4.0
477,2023-08-20,customer476@yahoo.com,Brazil,56.0,Beauty,60.8,5,0.25,Credit Card,4.0
478,2023-04-24,customer477@outlook.com,Japan,19.0,Beauty,39.04,3,0.0,Gift Card,4.0
479,2023-04-26,customer478@hotmail.com,France,31.0,Toys,98.04,4,0.25,Debit Card,4.0
480,2023-01-25,customer479@protonmail.com,United Kingdom,28.0,Clothing,39.13,5,0.1,Credit Card,5.0
481,2023-08-08,customer480@protonmail.com,Japan,46.0,Sports & Outdoors,79.88,3,0.0,Credit Card,4.0
482,2024-06-16,customer481@outlook.com,Japan,39.0,Toys,67.74,1,0.1,Credit Card,
483,2023-09-16,customer482@hotmail.com,United Kingdom,23.0,Grocery,86.06,4,0.25,Credit Card,5.0
484,2023-04-17,customer483@gmail.com,United Kingdom,30.0,Sports & Outdoors,69.57,5,0.1,Gift Card,3.0
485,2023-02-28,customer484@gmail.com,India,23.0,Books,18.76,2,0.0,Gift Card,5.0
486,2023-11-16,customer485@protonmail.com,Japan,25.0,Electronics,92.99,3,0.15,Debit Card,5.0
487,2023-06-03,customer486@yahoo.com,France,55.0,Electronics,81.44,4,0.2,Credit Card,5.0
488,2024-06-19,customer487@outlook.com,Germany,27.0,Clothing,124.68,4,0.15,Credit Card,3.0
489,2023-09-03,customer488@yahoo.com,United Kingdom,,Sports & Outdoors,41.73,1,0.05,PayPal,2.0
490,2023-04-02,customer489@gmail.com,United Kingdom,53.0,Grocery,16.82,1,0.15,Gift Card,3.0
491,2023-07-19,customer490@protonmail.com,India,,Office Supplies,97.5,4,0.0,Debit Card,4.0
492,2023-11-20,customer491@outlook.com,France,25.0,Toys,95.12,1,0.0,Gift Card,5.0
493,2023-01-28,customer492@gmail.com,Australia,38.0,Beauty,91.79,3,0.2,Credit Card,4.0
494,2023-03-23,customer493@yahoo.com,Mexico,62.0,Sports & Outdoors,10.82,2,0.05,Debit Card,2.0
495,2024-12-02,customer494@outlook.com,Japan,26.0,Clothing,192.83,3,0.2,Credit Card,2.0
496,2023-09-11,customer495@outlook.com,Japan,65.0,Sports & Outdoors,7.62,5,0.1,Debit Card,
497,2024-06-30,customer496@hotmail.com,United Kingdom,52.0,Clothing,16.64,5,0.25,Debit Card,
498,2024-10-28,customer497@outlook.com,Germany,59.0,Books,28.14,4,0.1,Debit Card,5.0
499,2023-03-24,customer498@hotmail.com,United States,65.0,Automotive,103.77,2,0.0,PayPal,3.0
500,2024-05-15,customer499@protonmail.com,Australia,31.0,Toys,130.3,4,0.0,Credit Card,4.0
501,2024-08-31,customer500@protonmail.com,United Kingdom,31.0,Electronics,69.71,1,0.1,Credit Card,5.0
502,2023-01-17,customer501@yahoo.com,France,50.0,Books,93.53,5,0.25,PayPal,4.0
503,2023-08-15,customer502@hotmail.com,France,62.0,Office Supplies,39.98,5,0.0,Debit Card,5.0
504,2023-04-09,customer503@hotmail.com,United States,,Electronics,33.53,2,0.0,Gift Card,5.0
505,2023-01-24,customer504@hotmail.com,Australia,52.0,Office Supplies,21.14,1,0.0,PayPal,3.0
506,2023-08-03,customer505@hotmail.com,Japan,71.0,Office Supplies,93.32,5,0.25,Debit Card,
507,2023-05-14,customer506@gmail.com,India,53.0,Toys,125.03,1,0.1,Debit Card,5.0
508,2024-10-15,customer507@protonmail.com,United Kingdom,18.0,Clothing,25.97,1,0.2,PayPal,5.0
509,2023-06-23,customer508@hotmail.com,Germany,27.0,Electronics,38.41,1,0.1,Credit Card,5.0
510,2024-06-29,customer509@yahoo.com,Australia,30.0,Electronics,48.08,1,0.1,Credit Card,2.0
511,2023-02-07,customer510@outlook.com,India,39.0,Clothing,28.97,5,0.15,Credit Card,5.0
512,2024-03-26,customer511@yahoo.com,United States,,Grocery,80.83,3,0.0,Credit Card,5.0
513,2024-05-22,customer512@hotmail.com,France,63.0,Office Supplies,52.88,1,0.15,PayPal,4.0
514,2023-04-22,customer513@protonmail.com,Brazil,74.0,Electronics,137.32,5,0.1,Debit Card,2.0
515,2023-11-11,customer514@outlook.com,United States,39.0,Books,40.4,3,0.2,Gift Card,4.0
516,2024-11-09,customer515@protonmail.com,United States,20.0,Books,109.69,4,0.0,Gift Card,
517,2024-03-24,customer516@hotmail.com,United States,55.0,Clothing,22.34,3,0.1,PayPal,4.0
518,2024-08-12,customer517@hotmail.com,Germany,18.0,Toys,43.98,1,0.25,PayPal,2.0
519,2023-11-07,customer518@gmail.com,Canada,37.0,Automotive,71.62,4,0.2,Credit Card,5.0
520,2023-06-24,customer519@yahoo.com,Germany,23.0,Clothing,81.26,5,0.0,Credit Card,
521,2023-12-09,customer520@outlook.com,United Kingdom,54.0,Electronics,149.11,5,0.15,PayPal,5.0
522,2023-10-23,customer521@protonmail.com,Brazil,,Sports & Outdoors,79.44,4,0.05,Credit Card,4.0
523,2024-12-18,customer522@protonmail.com,Germany,39.0,Electronics,80.21,4,0.2,Credit Card,5.0
524,2023-11-09,customer523@outlook.com,Mexico,40.0,Office Supplies,33.88,4,0.15,Gift Card,4.0
525,2024-04-02,customer524@protonmail.com,Canada,47.0,Office Supplies,37.23,5,0.05,PayPal,3.0
526,2024-03-04,customer525@yahoo.com,Canada,71.0,Electronics,47.57,3,0.0,Credit Card,5.0
527,2023-09-29,customer526@gmail.com,India,,Toys,64.66,5,0.2,PayPal,4.0
528,2023-10-01,customer527@protonmail.com,Canada,72.0,Grocery,60.74,2,0.1,PayPal,4.0
529,2024-09-08,customer528@hotmail.com,Germany,35.0,Books,81.67,2,0.1,Gift Card,4.0
530,2023-06-03,customer529@outlook.com,Japan,59.0,Books,139.91,1,0.15,PayPal,5.0
531,2023-10-31,customer530@yahoo.com,India,71.0,Office Supplies,66.56,3,0.25,Credit Card,5.0
532,2024-05-01,customer531@gmail.com,United Kingdom,27.0,Home & Kitchen,101.67,4,0.0,PayPal,2.0
533,2023-02-11,customer532@gmail.com,United Kingdom,42.0,Books,36.93,3,0.25,PayPal,5.0
534,2024-05-09,customer533@hotmail.com,United States,73.0,Electronics,151.48,1,0.0,Debit Card,2.0
535,2024-08-30,customer534@hotmail.com,France,47.0,Clothing,65.15,3,0.15,PayPal,5.0
536,2023-11-19,customer535@protonmail.com,United Kingdom,42.0,Grocery,150.11,3,0.05,Debit Card,5.0
537,2024-03-01,customer536@gmail.com,United Kingdom,53.0,Beauty,55.51,1,0.2,Gift Card,4.0
538,2023-12-22,customer537@protonmail.com,United Kingdom,44.0,Sports & Outdoors,50.0,3,0.1,Gift Card,4.0
539,2024-05-01,customer538@outlook.com,Mexico,46.0,Electronics,43.28,2,0.1,Credit Card,4.0
540,2023-02-06,customer539@gmail.com,Australia,54.0,Grocery,30.42,3,0.05,Debit Card,
541,2024-03-26,customer540@protonmail.com,Australia,28.0,Home & Kitchen,114.74,1,0.15,Credit Card,
542,2023-11-29,customer541@yahoo.com,France,58.0,Toys,38.4,5,0.0,Credit Card,4.0
543,2023-01-27,customer542@yahoo.com,Australia,64.0,Home & Kitchen,80.11,2,0.0,Credit Card,5.0
544,2024-08-07,customer543@hotmail.com,Germany,72.0,Books,28.1,3,0.05,Debit Card,3.0
545,2023-04-21,customer544@outlook.com,Canada,61.0,Toys,175.5,1,0.0,Credit Card,5.0
546,2024-03-07,customer545@hotmail.com,United Kingdom,73.0,Clothing,116.31,3,0.0,PayPal,4.0
547,2024-09-12,customer546@outlook.com,Germany,47.0,Books,111.83,2,0.0,Credit Card,5.0
548,2024-11-03,customer547@protonmail.com,United Kingdom,41.0,Clothing,72.21,1,0.0,Credit Card,5.0
549,2024-04-03,customer548@yahoo.com,Canada,57.0,Beauty,60.59,3,0.05,Credit Card,1.0
550,2024-06-07,customer549@outlook.com,India,26.0,Toys,45.45,2,0.05,Credit Card,5.0
551,2024-03-02,customer550@gmail.com,France,42.0,Automotive,148.62,2,0.15,Credit Card,5.0
552,2024-07-21,customer551@yahoo.com,France,70.0,Electronics,21.94,1,0.05,Gift Card,5.0
553,2024-12-13,customer552@protonmail.com,India,18.0,Electronics,94.46,4,0.1,Debit Card,4.0
554,2023-12-01,customer553@outlook.com,India,24.0,Home & Kitchen,39.57,1,0.05,Gift Card,5.0
555,2023-10-29,customer554@hotmail.com,United Kingdom,,Electronics,28.0,3,0.05,Credit Card,3.0
556,2023-05-07,customer555@yahoo.com,Mexico,49.0,Books,52.25,3,0.0,Credit Card,5.0
557,2024-12-15,customer556@gmail.com,France,61.0,Home & Kitchen,52.78,4,0.2,PayPal,4.0
558,2024-10-27,customer557@hotmail.com,France,27.0,Electronics,82.71,3,0.15,Debit Card,3.0
559,2024-05-30,customer558@yahoo.com,Mexico,42.0,Home & Kitchen,123.28,4,0.0,Credit Card,5.0
560,2024-04-26,customer559@outlook.com,Mexico,38.0,Books,59.31,5,0.0,Credit Card,4.0
561,2023-05-30,customer560@hotmail.com,Mexico,72.0,Beauty,17.4,2,0.15,Gift Card,4.0
562,2024-10-25,customer561@outlook.com,Canada,,Clothing,37.61,1,0.0,Credit Card,5.0
563,2023-02-12,customer562@gmail.com,United States,24.0,Office Supplies,58.8,4,0.25,Debit Card,4.0
564,2024-03-26,customer563@hotmail.com,Germany,58.0,Home & Kitchen,48.84,1,0.2,Gift Card,3.0
565,2023-07-05,customer564@outlook.com,United Kingdom,53.0,Books,94.53,2,0.05,PayPal,5.0
566,2023-11-28,customer565@yahoo.com,Japan,73.0,Home & Kitchen,80.7,4,0.25,PayPal,4.0
567,2023-03-11,customer566@hotmail.com,Canada,40.0,Grocery,104.37,4,0.1,Debit Card,2.0
568,2023-04-09,customer567@protonmail.com,United Kingdom,70.0,Home & Kitchen,11.44,1,0.25,PayPal,3.0
569,2023-10-03,customer568@yahoo.com,Brazil,36.0,Office Supplies,117.27,3,0.0,Debit Card,
570,2023-10-18,customer569@gmail.com,Australia,47.0,Beauty,18.69,4,0.1,Credit Card,4.0
571,2024-10-05,customer570@protonmail.com,Brazil,36.0,Toys,90.27,2,0.2,Debit Card,4.0
572,2024-03-12,customer571@yahoo.com,India,35.0,Toys,134.61,4,0.0,Gift Card,5.0
573,2023-01-23,customer572@yahoo.com,Mexico,51.0,Clothing,14.91,4,0.2,Credit Card,4.0
574,2024-11-10,customer573@gmail.com,Mexico,48.0,Electronics,10.16,4,0.2,Debit Card,5.0
575,2024-03-21,customer574@gmail.com,Japan,69.0,Automotive,60.96,2,0.2,Debit Card,4.0
576,2024-08-28,customer575@outlook.com,Australia,38.0,Grocery,49.07,2,0.15,PayPal,5.0
577,2024-11-05,customer576@hotmail.com,Japan,,Electronics,25.81,3,0.0,Debit Card,4.0
578,2024-01-10,customer577@protonmail.com,Brazil,44.0,Electronics,10.22,1,0.25,Debit Card,
579,2023-05-11,customer578@outlook.com,India,67.0,Clothing,118.67,3,0.25,Credit Card,4.0
580,2023-11-24,customer579@protonmail.com,Japan,70.0,Beauty,26.98,5,0.1,Credit Card,5.0
581,2024-05-16,customer580@protonmail.com,Australia,34.0,Books,254.21,4,0.05,Credit Card,4.0
582,2023-01-25,customer581@outlook.com,France,47.0,Sports & Outdoors,28.63,5,0.1,PayPal,4.0
583,2024-11-21,customer582@outlook.com,India,38.0,Electronics,30.3,2,0.25,Credit Card,5.0
584,2023-09-14,customer583@outlook.com,Germany,20.0,Automotive,6.55,4,0.0,Credit Card,5.0
585,2024-04-26,customer584@hotmail.com,Germany,68.0,Electronics,26.91,4,0.05,Debit Card,
586,2024-12-17,customer585@gmail.com,Japan,56.0,Clothing,34.23,1,0.0,Debit Card,
587,2024-09-23,customer586@protonmail.com,Japan,71.0,Office Supplies,62.47,2,0.2,PayPal,5.0
588,2024-06-24,customer587@outlook.com,Germany,34.0,Beauty,90.34,3,0.15,PayPal,4.0
589,2023-08-07,customer588@gmail.com,United States,37.0,Books,43.56,4,0.25,PayPal,5.0
590,2024-01-19,customer589@yahoo.com,Brazil,30.0,Grocery,89.68,4,0.25,Credit Card,1.0
591,2024-01-02,customer590@outlook.com,United States,38.0,Electronics,161.33,5,0.0,PayPal,
592,2024-09-21,customer591@gmail.com,Canada,61.0,Electronics,53.82,1,0.05,Credit Card,
593,2023-01-30,customer592@hotmail.com,Canada,66.0,Electronics,45.23,4,0.25,Credit Card,
594,2023-01-17,customer593@protonmail.com,Brazil,27.0,Home & Kitchen,30.32,5,0.0,Debit Card,4.0
595,2023-03-28,customer594@outlook.com,Brazil,20.0,Beauty,63.51,1,0.2,Credit Card,5.0
596,2024-11-30,customer595@hotmail.com,Australia,52.0,Toys,147.4,5,0.05,Credit Card,3.0
597,2024-01-30,customer596@gmail.com,United States,26.0,Clothing,61.54,5,0.1,Credit Card,5.0
598,2024-05-25,customer597@protonmail.com,United States,64.0,Grocery,91.74,1,0.0,Debit Card,4.0
599,2023-03-10,customer598@outlook.com,Australia,23.0,Clothing,63.84,2,0.0,Credit Card,
600,2023-01-10,customer599@outlook.com,India,35.0,Electronics,60.45,1,0.25,PayPal,5.0
601,2024-04-19,customer600@yahoo.com,Brazil,36.0,Clothing,229.3,1,0.25,Credit Card,
602,2024-05-30,customer601@outlook.com,Australia,44.0,Beauty,79.52,2,0.0,Credit Card,4.0
603,2023-11-08,customer602@gmail.com,Australia,66.0,Books,109.72,3,0.1,Debit Card,3.0
604,2023-03-02,customer603@outlook.com,Brazil,50.0,Office Supplies,86.57,3,0.0,PayPal,2.0
605,2023-12-24,customer604@yahoo.com,United Kingdom,34.0,Grocery,62.51,5,0.25,PayPal,5.0
606,2024-04-11,customer605@protonmail.com,Canada,54.0,Grocery,9.64,3,0.05,Credit Card,5.0
607,2023-06-05,customer606@gmail.com,Germany,47.0,Grocery,42.51,1,0.0,PayPal,5.0
608,2023-08-08,customer607@yahoo.com,Canada,73.0,Toys,145.32,4,0.1,Debit Card,5.0
609,2024-06-29,customer608@hotmail.com,United Kingdom,72.0,Automotive,16.39,4,0.0,Bank Transfer,2.0
610,2023-06-04,customer609@gmail.com,India,68.0,Toys,38.56,3,0.15,Debit Card,5.0
611,2023-03-14,customer610@hotmail.com,France,27.0,Clothing,39.06,4,0.0,Credit Card,3.0
612,2024-04-03,customer611@hotmail.com,France,29.0,Home & Kitchen,114.22,1,0.0,PayPal,5.0
613,2023-01-17,customer612@outlook.com,Brazil,28.0,Grocery,149.23,4,0.2,Credit Card,5.0
614,2023-11-13,customer613@outlook.com,United Kingdom,49.0,Clothing,23.15,2,0.25,PayPal,5.0
615,2024-02-20,customer614@hotmail.com,Brazil,64.0,Grocery,56.76,1,0.0,Debit Card,4.0
616,2023-02-17,customer615@outlook.com,Australia,26.0,Office Supplies,112.13,3,0.1,Credit Card,5.0
617,2024-04-21,customer616@protonmail.com,Australia,73.0,Clothing,40.68,2,0.0,Credit Card,4.0
618,2024-08-23,customer617@protonmail.com,Germany,21.0,Clothing,91.03,3,0.0,Credit Card,5.0
619,2024-12-11,customer618@yahoo.com,Mexico,47.0,Electronics,54.87,3,0.0,Credit Card,
620,2023-07-14,customer619@protonmail.com,Mexico,38.0,Books,196.82,5,0.0,Debit Card,4.0
621,2023-08-27,customer620@outlook.com,Canada,70.0,Sports & Outdoors,43.12,3,0.2,PayPal,5.0
622,2024-03-27,customer621@yahoo.com,Canada,36.0,Clothing,100.37,1,0.05,Credit Card,5.0
623,2024-03-13,customer622@protonmail.com,Brazil,28.0,Books,47.88,3,0.1,Credit Card,2.0
624,2024-03-20,customer623@hotmail.com,Australia,50.0,Toys,70.31,5,0.05,PayPal,
625,2023-08-18,customer624@hotmail.com,Brazil,20.0,Home & Kitchen,25.17,2,0.0,Credit Card,2.0
626,2023-02-10,customer625@outlook.com,Germany,54.0,Electronics,91.54,2,0.05,PayPal,5.0
627,2023-01-19,customer626@gmail.com,Japan,26.0,Home & Kitchen,124.69,1,0.0,Credit Card,
628,2024-12-29,customer627@outlook.com,Canada,39.0,Grocery,21.94,4,0.0,PayPal,4.0
629,2023-10-24,customer628@hotmail.com,Mexico,51.0,Home & Kitchen,37.03,1,0.0,PayPal,2.0
630,2023-11-23,customer629@protonmail.com,Japan,67.0,Electronics,117.15,2,0.0,Credit Card,4.0
631,2024-04-02,customer630@gmail.com,Japan,57.0,Clothing,50.41,1,0.1,Credit Card,4.0
632,2023-05-30,customer631@yahoo.com,Canada,65.0,Sports & Outdoors,59.23,2,0.0,Credit Card,5.0
633,2023-10-06,customer632@hotmail.com,India,64.0,Beauty,28.46,5,0.05,Credit Card,5.0
634,2023-11-15,customer633@gmail.com,United Kingdom,59.0,Clothing,126.27,3,0.15,Credit Card,4.0
635,2023-03-11,customer634@protonmail.com,Canada,37.0,Toys,25.2,1,0.1,PayPal,5.0
636,2024-03-16,customer635@hotmail.com,France,,Beauty,59.2,4,0.1,PayPal,5.0
637,2023-05-22,customer636@hotmail.com,Mexico,67.0,Automotive,42.58,2,0.0,Credit Card,5.0
638,2023-01-03,customer637@yahoo.com,France,31.0,Sports & Outdoors,102.53,1,0.0,PayPal,4.0
639,2024-03-29,customer638@hotmail.com,United States,67.0,Beauty,231.81,1,0.0,Credit Card,5.0
640,2023-08-08,customer639@yahoo.com,Mexico,24.0,Electronics,17.74,2,0.05,Credit Card,5.0
641,2024-06-08,customer640@gmail.com,Japan,65.0,Clothing,40.63,1,0.25,Credit Card,5.0
642,2024-01-27,customer641@gmail.com,Japan,32.0,Automotive,49.7,3,0.25,Credit Card,4.0
643,2023-01-22,customer642@gmail.com,Australia,59.0,Electronics,24.4,3,0.0,Credit Card,1.0
644,2024-05-21,customer643@protonmail.com,United States,72.0,Clothing,63.44,4,0.0,Credit Card,4.0
645,2023-01-30,customer644@gmail.com,Japan,70.0,Sports & Outdoors,108.13,2,0.05,Credit Card,5.0
646,2023-08-17,customer645@protonmail.com,Canada,41.0,Automotive,74.76,1,0.0,Gift Card,3.0
647,2024-05-15,customer646@outlook.com,United Kingdom,26.0,Electronics,93.07,1,0.0,Debit Card,4.0
648,2023-10-22,customer647@hotmail.com,Australia,41.0,Automotive,38.79,1,0.05,Gift Card,5.0
649,2023-10-08,customer648@hotmail.com,Australia,52.0,Home & Kitchen,93.71,2,0.25,Credit Card,5.0
650,2023-06-11,customer649@outlook.com,United Kingdom,,Grocery,73.2,4,0.0,Gift Card,
651,2023-11-21,customer650@protonmail.com,United States,,Automotive,27.48,3,0.0,Credit Card,5.0
652,2023-08-02,customer651@gmail.com,Canada,54.0,Grocery,65.7,2,0.0,Credit Card,
653,2024-11-21,customer652@outlook.com,United States,19.0,Automotive,42.7,2,0.1,Credit Card,5.0
654,2024-05-16,customer653@protonmail.com,Mexico,70.0,Office Supplies,296.15,1,0.25,Debit Card,5.0
655,2024-10-25,customer654@hotmail.com,United States,33.0,Automotive,112.43,1,0.25,Credit Card,4.0
656,2023-09-04,customer655@gmail.com,Brazil,24.0,Books,70.51,2,0.2,PayPal,5.0
657,2024-11-24,customer656@yahoo.com,Germany,31.0,Books,138.75,3,0.1,PayPal,4.0
658,2023-07-24,customer657@hotmail.com,Germany,64.0,Electronics,95.07,3,0.15,Credit Card,5.0
659,2023-08-14,customer658@hotmail.com,United States,63.0,Home & Kitchen,27.8,5,0.0,PayPal,5.0
660,2023-08-06,customer659@outlook.com,United States,43.0,Sports & Outdoors,163.22,5,0.25,Credit Card,5.0
661,2024-03-06,customer660@gmail.com,Mexico,,Electronics,23.02,2,0.2,Credit Card,4.0
662,2024-03-23,customer661@yahoo.com,Brazil,33.0,Office Supplies,151.44,4,0.0,Credit Card,4.0
663,2023-02-17,customer662@outlook.com,United Kingdom,74.0,Home & Kitchen,74.37,1,0.0,Credit Card,5.0
664,2024-02-14,customer663@outlook.com,Australia,48.0,Electronics,63.31,4,0.25,Credit Card,4.0
665,2024-11-26,customer664@outlook.com,India,24.0,Home & Kitchen,38.1,5,0.1,Credit Card,1.0
666,2023-10-25,customer665@outlook.com,Germany,48.0,Electronics,76.84,4,0.25,Credit Card,4.0
667,2024-05-25,customer666@outlook.com,Mexico,21.0,Electronics,91.57,3,0.05,Gift Card,5.0
668,2024-04-06,customer667@hotmail.com,Australia,25.0,Toys,87.0,2,0.1,Gift Card,5.0
669,2024-12-16,customer668@hotmail.com,France,30.0,Home & Kitchen,73.73,5,0.0,Bank Transfer,2.0
670,2024-04-14,customer669@hotmail.com,India,23.0,Grocery,57.87,5,0.25,Credit Card,4.0
671,2023-12-10,customer670@yahoo.com,France,,Clothing,98.34,4,0.2,Credit Card,5.0
672,2023-01-10,customer671@gmail.com,United States,53.0,Beauty,49.6,1,0.2,Debit Card,5.0
673,2024-08-09,customer672@protonmail.com,Canada,46.0,Beauty,61.53,5,0.2,Debit Card,4.0
674,2023-09-05,customer673@protonmail.com,Brazil,59.0,Electronics,83.25,5,0.0,Credit Card,5.0
675,2024-11-06,customer674@yahoo.com,Japan,52.0,Electronics,65.22,2,0.0,PayPal,5.0
676,2023-06-28,customer675@hotmail.com,India,53.0,Grocery,23.29,2,0.0,Bank Transfer,3.0
677,2023-11-16,customer676@yahoo.com,Canada,50.0,Beauty,74.24,4,0.15,Credit Card,5.0
678,2024-08-28,customer677@hotmail.com,Australia,38.0,Electronics,74.48,4,0.15,Gift Card,5.0
679,2023-04-21,customer678@gmail.com,Germany,18.0,Sports & Outdoors,70.53,4,0.2,Credit Card,4.0
680,2023-07-21,customer679@yahoo.com,Mexico,49.0,Clothing,58.46,5,0.1,Debit Card,5.0
681,2024-08-01,customer680@outlook.com,Brazil,62.0,Electronics,52.33,2,0.0,Credit Card,3.0
682,2023-08-20,customer681@hotmail.com,United Kingdom,69.0,Home & Kitchen,66.21,5,0.05,Debit Card,4.0
683,2024-11-30,customer682@yahoo.com,Brazil,31.0,Beauty,38.58,3,0.25,Credit Card,5.0
684,2024-01-28,customer683@hotmail.com,Brazil,70.0,Clothing,144.36,5,0.0,Debit Card,3.0
685,2024-08-25,customer684@outlook.com,Germany,20.0,Toys,84.41,2,0.15,Credit Card,5.0
686,2024-02-04,customer685@yahoo.com,France,31.0,Electronics,78.95,5,0.0,Debit Card,5.0
687,2023-02-02,customer686@protonmail.com,United Kingdom,66.0,Electronics,10.72,4,0.05,PayPal,1.0
688,2024-08-15,customer687@gmail.com,Germany,23.0,Home & Kitchen,123.17,3,0.0,Credit Card,3.0
689,2023-11-03,customer688@hotmail.com,Canada,45.0,Books,35.06,5,0.0,Debit Card,2.0
690,2023-10-11,customer689@outlook.com,Japan,55.0,Grocery,47.0,2,0.05,Bank Transfer,5.0
691,2024-06-21,customer690@hotmail.com,Australia,20.0,Beauty,44.41,4,0.0,Gift Card,
692,2023-07-25,customer691@hotmail.com,Japan,,Electronics,81.28,3,0.0,Bank Transfer,4.0
693,2023-11-09,customer692@protonmail.com,Mexico,39.0,Electronics,34.14,1,0.2,Credit Card,5.0
694,2024-03-20,customer693@yahoo.com,Germany,63.0,Home & Kitchen,103.31,2,0.0,Debit Card,5.0
695,2024-03-09,customer694@outlook.com,Canada,61.0,Grocery,79.82,5,0.15,PayPal,5.0
696,2024-06-15,customer695@protonmail.com,Germany,34.0,Books,42.61,3,0.25,Gift Card,4.0
697,2023-03-02,customer696@outlook.com,Germany,40.0,Grocery,25.43,5,0.0,Credit Card,3.0
698,2024-12-25,customer697@protonmail.com,France,26.0,Clothing,78.46,1,0.05,Bank Transfer,4.0
699,2024-03-19,customer698@protonmail.com,India,43.0,Toys,18.83,4,0.15,Debit Card,4.0
700,2024-03-27,customer699@hotmail.com,Mexico,64.0,Toys,40.16,5,0.25,PayPal,5.0
701,2024-10-06,customer700@protonmail.com,Japan,23.0,Sports & Outdoors,60.45,5,0.05,Debit Card,5.0
702,2023-12-25,customer701@gmail.com,Brazil,29.0,Books,57.69,4,0.0,Credit Card,4.0
703,2023-01-23,customer702@hotmail.com,United Kingdom,34.0,Home & Kitchen,43.43,3,0.0,Credit Card,4.0
704,2023-04-08,customer703@outlook.com,Germany,18.0,Clothing,99.65,1,0.0,Credit Card,4.0
705,2024-11-22,customer704@outlook.com,India,69.0,Office Supplies,36.7,2,0.2,Debit Card,4.0
706,2024-12-21,customer705@protonmail.com,Germany,64.0,Home & Kitchen,43.04,4,0.15,Debit Card,2.0
707,2023-03-03,customer706@yahoo.com,Germany,36.0,Beauty,69.7,5,0.0,Debit Card,5.0
708,2024-05-15,customer707@yahoo.com,India,23.0,Office Supplies,69.83,4,0.25,Debit Card,4.0
709,2024-04-27,customer708@gmail.com,India,46.0,Toys,28.55,4,0.15,Debit Card,5.0
710,2023-05-01,customer709@gmail.com,Brazil,41.0,Books,67.67,5,0.15,Credit Card,3.0
711,2024-07-28,customer710@gmail.com,Brazil,26.0,Electronics,46.36,2,0.0,Credit Card,
712,2023-12-02,customer711@outlook.com,Japan,40.0,Beauty,44.45,2,0.25,Debit Card,4.0
713,2023-06-18,customer712@yahoo.com,Australia,70.0,Automotive,77.14,1,0.0,Credit Card,2.0
714,2024-02-14,customer713@yahoo.com,Brazil,26.0,Office Supplies,33.81,4,0.0,Gift Card,2.0
715,2024-10-22,customer714@protonmail.com,United States,67.0,Home & Kitchen,55.61,1,0.15,Gift Card,5.0
716,2023-06-08,customer715@hotmail.com,United States,20.0,Automotive,62.55,2,0.0,Debit Card,4.0
717,2024-03-27,customer716@gmail.com,India,43.0,Clothing,77.84,1,0.25,Credit Card,5.0
718,2024-06-18,customer717@protonmail.com,United States,22.0,Sports & Outdoors,41.38,5,0.25,PayPal,5.0
719,2024-04-01,customer718@hotmail.com,Japan,57.0,Home & Kitchen,87.65,2,0.1,Credit Card,5.0
720,2024-04-19,customer719@outlook.com,Germany,42.0,Home & Kitchen,101.8,5,0.1,Debit Card,5.0
721,2024-06-13,customer720@yahoo.com,Brazil,52.0,Sports & Outdoors,100.47,2,0.0,Bank Transfer,1.0
722,2023-06-20,customer721@hotmail.com,France,72.0,Books,27.37,1,0.0,Gift Card,4.0
723,2023-03-16,customer722@outlook.com,Germany,68.0,Office Supplies,98.88,5,0.0,Gift Card,5.0
724,2024-12-23,customer723@hotmail.com,Brazil,59.0,Home & Kitchen,101.35,2,0.0,Credit Card,5.0
725,2023-08-22,customer724@outlook.com,Mexico,37.0,Automotive,161.22,4,0.05,Debit Card,5.0
726,2024-11-23,customer725@hotmail.com,Brazil,58.0,Books,29.92,1,0.2,PayPal,5.0
727,2023-07-15,customer726@hotmail.com,United Kingdom,48.0,Electronics,134.54,1,0.0,Credit Card,5.0
728,2023-07-13,customer727@gmail.com,India,56.0,Home & Kitchen,18.48,2,0.0,PayPal,3.0
729,2023-01-19,customer728@gmail.com,Mexico,57.0,Beauty,103.38,4,0.05,Credit Card,4.0
730,2023-11-19,customer729@hotmail.com,United Kingdom,61.0,Grocery,115.06,1,0.05,Gift Card,2.0
731,2024-11-20,customer730@yahoo.com,Japan,59.0,Electronics,100.85,4,0.05,Debit Card,4.0
732,2024-10-15,customer731@hotmail.com,Brazil,48.0,Clothing,22.76,4,0.0,Credit Card,5.0
733,2023-08-11,customer732@yahoo.com,Japan,29.0,Books,129.64,1,0.2,Gift Card,3.0
734,2023-10-24,customer733@gmail.com,Mexico,74.0,Sports & Outdoors,220.06,3,0.0,PayPal,5.0
735,2024-05-03,customer734@outlook.com,United Kingdom,22.0,Sports & Outdoors,32.7,5,0.0,Debit Card,5.0
736,2024-11-28,customer735@protonmail.com,United Kingdom,52.0,Grocery,53.38,3,0.05,Bank Transfer,5.0
737,2024-03-16,customer736@protonmail.com,India,30.0,Home & Kitchen,40.71,4,0.25,Debit Card,5.0
738,2023-05-27,customer737@outlook.com,United States,53.0,Electronics,91.41,4,0.0,Debit Card,5.0
739,2023-09-18,customer738@hotmail.com,United States,43.0,Home & Kitchen,48.58,3,0.0,Credit Card,5.0
740,2024-06-12,customer739@hotmail.com,India,19.0,Office Supplies,94.58,4,0.15,PayPal,5.0
741,2023-01-18,customer740@outlook.com,India,71.0,Toys,58.39,5,0.1,Debit Card,3.0
742,2024-03-13,customer741@hotmail.com,Canada,61.0,Home & Kitchen,70.13,2,0.0,Debit Card,5.0
743,2024-07-15,customer742@protonmail.com,India,37.0,Grocery,64.33,1,0.15,Gift Card,5.0
744,2023-09-10,customer743@hotmail.com,Brazil,,Toys,18.93,4,0.2,Credit Card,4.0
745,2024-01-29,customer744@outlook.com,Mexico,49.0,Clothing,68.03,2,0.15,PayPal,1.0
746,2024-06-07,customer745@gmail.com,Germany,62.0,Electronics,23.28,4,0.1,PayPal,4.0
747,2024-03-10,customer746@hotmail.com,Germany,74.0,Grocery,25.97,1,0.05,Credit Card,2.0
748,2023-01-18,customer747@hotmail.com,Germany,66.0,Beauty,131.12,2,0.0,PayPal,5.0
749,2024-03-03,customer748@outlook.com,Japan,22.0,Home & Kitchen,90.3,4,0.0,PayPal,5.0
750,2023-06-18,customer749@yahoo.com,Mexico,19.0,Home & Kitchen,86.1,1,0.1,Debit Card,2.0
751,2024-06-24,customer750@outlook.com,Mexico,28.0,Home & Kitchen,68.69,3,0.2,Credit Card,4.0
752,2023-07-10,customer751@yahoo.com,Germany,39.0,Sports & Outdoors,197.75,4,0.05,Credit Card,5.0
753,2024-12-15,customer752@gmail.com,United States,20.0,Home & Kitchen,67.65,3,0.15,Credit Card,5.0
754,2023-03-27,customer753@gmail.com,France,69.0,Clothing,60.76,1,0.0,Credit Card,3.0
755,2024-10-12,customer754@yahoo.com,France,55.0,Clothing,59.47,4,0.0,Debit Card,4.0
756,2023-01-25,customer755@outlook.com,United States,25.0,Office Supplies,119.02,1,0.0,Debit Card,1.0
757,2024-05-13,customer756@gmail.com,Mexico,66.0,Books,65.71,3,0.0,Debit Card,4.0
758,2023-09-15,customer757@hotmail.com,Canada,60.0,Clothing,77.27,3,0.1,Debit Card,4.0
759,2023-05-23,customer758@gmail.com,Australia,35.0,Books,124.26,3,0.0,PayPal,3.0
760,2023-06-09,customer759@yahoo.com,Germany,36.0,Beauty,87.3,5,0.0,Gift Card,3.0
761,2023-01-29,customer760@protonmail.com,Brazil,57.0,Automotive,107.29,5,0.15,PayPal,4.0
762,2023-04-07,customer761@gmail.com,Japan,47.0,Office Supplies,40.5,4,0.15,PayPal,2.0
763,2023-10-14,customer762@yahoo.com,Mexico,72.0,Books,30.15,3,0.2,Credit Card,5.0
764,2023-04-25,customer763@protonmail.com,United States,69.0,Books,146.37,4,0.0,Gift Card,5.0
765,2024-12-07,customer764@gmail.com,United Kingdom,71.0,Clothing,105.21,1,0.15,Gift Card,5.0
766,2024-08-26,customer765@yahoo.com,Germany,,Grocery,92.69,2,0.0,Gift Card,1.0
767,2023-12-11,customer766@outlook.com,India,62.0,Sports & Outdoors,80.36,3,0.2,Debit Card,4.0
768,2023-03-11,customer767@yahoo.com,Germany,42.0,Clothing,65.04,5,0.0,Credit Card,4.0
769,2024-12-20,customer768@outlook.com,Australia,61.0,Books,41.51,2,0.1,Debit Card,4.0
770,2024-06-13,customer769@protonmail.com,Brazil,57.0,Home & Kitchen,40.62,3,0.0,Credit Card,5.0
771,2023-05-14,customer770@outlook.com,Mexico,46.0,Beauty,29.75,5,0.2,Credit Card,5.0
772,2023-02-09,customer771@outlook.com,United Kingdom,30.0,Home & Kitchen,23.57,5,0.0,Debit Card,3.0
773,2024-03-28,customer772@yahoo.com,Japan,72.0,Clothing,36.25,1,0.0,Gift Card,2.0
774,2023-01-30,customer773@yahoo.com,India,18.0,Electronics,51.59,3,0.0,Debit Card,4.0
775,2024-03-24,customer774@outlook.com,United Kingdom,,Home & Kitchen,145.74,4,0.25,Debit Card,5.0
776,2023-11-19,customer775@gmail.com,Mexico,53.0,Home & Kitchen,22.85,4,0.0,Debit Card,5.0
777,2024-10-04,customer776@gmail.com,Germany,40.0,Beauty,70.2,5,0.0,Credit Card,3.0
778,2023-10-06,customer777@hotmail.com,United Kingdom,67.0,Beauty,153.83,5,0.1,Credit Card,4.0
779,2023-11-23,customer778@outlook.com,Brazil,20.0,Toys,118.48,2,0.2,PayPal,4.0
780,2024-02-03,customer779@hotmail.com,Germany,57.0,Clothing,65.92,5,0.0,Credit Card,5.0
781,2024-12-18,customer780@protonmail.com,France,31.0,Automotive,42.4,3,0.0,Credit Card,4.0
782,2024-05-27,customer781@yahoo.com,Brazil,47.0,Automotive,15.28,1,0.25,Debit Card,
783,2024-05-03,customer782@yahoo.com,United Kingdom,42.0,Sports & Outdoors,71.47,2,0.15,Credit Card,4.0
784,2023-08-15,customer783@hotmail.com,United Kingdom,26.0,Sports & Outdoors,97.4,2,0.1,Credit Card,
785,2023-12-19,customer784@hotmail.com,Brazil,41.0,Grocery,43.05,5,0.0,Debit Card,5.0
786,2023-05-22,customer785@gmail.com,India,22.0,Beauty,123.23,4,0.2,Bank Transfer,5.0
787,2023-10-13,customer786@outlook.com,Canada,,Home & Kitchen,61.27,2,0.25,Credit Card,
788,2024-08-23,customer787@yahoo.com,Mexico,33.0,Books,78.49,1,0.05,Debit Card,5.0
789,2023-03-14,customer788@outlook.com,United States,23.0,Electronics,65.99,2,0.25,Debit Card,5.0
790,2023-05-01,customer789@protonmail.com,Japan,72.0,Grocery,122.29,2,0.0,PayPal,4.0
791,2024-03-03,customer790@gmail.com,France,52.0,Sports & Outdoors,124.52,3,0.2,Debit Card,5.0
792,2024-08-05,customer791@protonmail.com,Canada,44.0,Office Supplies,89.23,1,0.05,PayPal,
793,2024-12-12,customer792@yahoo.com,Brazil,45.0,Electronics,54.94,3,0.0,Gift Card,5.0
794,2024-03-04,customer793@hotmail.com,United States,63.0,Books,64.46,3,0.05,Credit Card,4.0
795,2024-04-24,customer794@gmail.com,United Kingdom,41.0,Beauty,202.78,4,0.05,PayPal,5.0
796,2023-07-31,customer795@hotmail.com,France,18.0,Grocery,158.94,3,0.1,Credit Card,5.0
797,2023-10-27,customer796@protonmail.com,Japan,56.0,Grocery,68.06,4,0.2,PayPal,4.0
798,2023-08-18,customer797@hotmail.com,United Kingdom,44.0,Home & Kitchen,31.03,1,0.25,Debit Card,5.0
799,2023-03-21,customer798@protonmail.com,United States,24.0,Office Supplies,110.96,1,0.0,Debit Card,3.0
800,2023-09-28,customer799@gmail.com,Brazil,32.0,Office Supplies,48.83,3,0.0,Debit Card,3.0
801,2023-06-08,customer800@protonmail.com,United States,39.0,Office Supplies,141.79,5,0.2,Debit Card,4.0
802,2024-03-07,customer801@outlook.com,France,72.0,Sports & Outdoors,42.73,2,0.0,Credit Card,4.0
803,2024-07-04,customer802@yahoo.com,Japan,64.0,Grocery,49.21,4,0.0,Debit Card,5.0
804,2024-12-16,customer803@hotmail.com,Japan,29.0,Electronics,28.77,5,0.15,Debit Card,4.0
805,2024-10-04,customer804@outlook.com,Canada,,Home & Kitchen,175.33,1,0.1,Credit Card,5.0
806,2023-08-21,customer805@hotmail.com,Japan,20.0,Electronics,35.23,1,0.0,Credit Card,4.0
807,2024-11-16,customer806@hotmail.com,United States,29.0,Books,105.89,4,0.0,Credit Card,4.0
808,2024-11-18,customer807@hotmail.com,United States,27.0,Office Supplies,59.06,5,0.2,PayPal,5.0
809,2024-01-03,customer808@protonmail.com,United Kingdom,47.0,Sports & Outdoors,49.68,4,0.0,Credit Card,3.0
810,2023-05-30,customer809@yahoo.com,Brazil,21.0,Books,47.88,5,0.15,Debit Card,3.0
811,2024-07-21,customer810@yahoo.com,United Kingdom,49.0,Grocery,140.11,1,0.15,Bank Transfer,3.0
812,2023-03-24,customer811@outlook.com,India,35.0,Toys,267.72,3,0.2,Credit Card,3.0
813,2023-09-21,customer812@yahoo.com,Canada,56.0,Books,131.43,4,0.1,Credit Card,5.0
814,2024-01-24,customer813@protonmail.com,France,74.0,Sports & Outdoors,18.34,4,0.0,Gift Card,2.0
815,2024-09-22,customer814@protonmail.com,France,72.0,Books,106.19,1,0.0,PayPal,
816,2024-12-13,customer815@outlook.com,Australia,71.0,Sports & Outdoors,59.34,1,0.0,Credit Card,5.0
817,2024-08-20,customer816@hotmail.com,Germany,50.0,Grocery,61.6,5,0.0,Credit Card,5.0
818,2023-12-20,customer817@outlook.com,Canada,50.0,Books,35.65,2,0.1,Debit Card,
819,2023-03-03,customer818@protonmail.com,Brazil,51.0,Clothing,74.81,1,0.05,PayPal,4.0
820,2024-08-06,customer819@gmail.com,Japan,65.0,Toys,66.4,1,0.0,Debit Card,5.0
821,2024-09-17,customer820@protonmail.com,Japan,33.0,Automotive,89.39,1,0.1,PayPal,2.0
822,2023-12-11,customer821@outlook.com,Mexico,40.0,Clothing,57.66,3,0.2,Credit Card,5.0
823,2024-02-09,customer822@protonmail.com,India,37.0,Grocery,112.54,3,0.0,Debit Card,4.0
824,2024-09-12,customer823@hotmail.com,Brazil,68.0,Sports & Outdoors,69.43,5,0.05,Credit Card,
825,2023-04-07,customer824@hotmail.com,France,30.0,Electronics,70.31,3,0.25,Debit Card,5.0
826,2024-08-16,customer825@yahoo.com,United States,29.0,Books,65.65,1,0.05,Gift Card,
827,2024-01-10,customer826@hotmail.com,United Kingdom,38.0,Home & Kitchen,105.98,3,0.0,Credit Card,5.0
828,2024-05-15,customer827@hotmail.com,Germany,40.0,Electronics,51.76,3,0.0,Debit Card,2.0
829,2023-05-20,customer828@hotmail.com,United Kingdom,58.0,Home & Kitchen,89.56,2,0.0,Credit Card,5.0
830,2024-03-25,customer829@protonmail.com,Mexico,24.0,Beauty,71.57,4,0.1,Credit Card,4.0
831,2023-07-15,customer830@gmail.com,United States,30.0,Sports & Outdoors,141.37,5,0.05,Credit Card,
832,2024-01-14,customer831@yahoo.com,Japan,71.0,Toys,53.87,3,0.0,Debit Card,4.0
833,2024-01-19,customer832@outlook.com,France,54.0,Books,113.9,4,0.2,Bank Transfer,4.0
834,2024-11-29,customer833@hotmail.com,Germany,37.0,Clothing,80.4,3,0.05,Credit Card,4.0
835,2024-05-04,customer834@outlook.com,Brazil,73.0,Automotive,135.27,4,0.05,Credit Card,5.0
836,2024-02-11,customer835@yahoo.com,Japan,32.0,Office Supplies,70.13,3,0.0,Credit Card,3.0
837,2023-10-21,customer836@gmail.com,India,54.0,Beauty,50.64,2,0.05,Debit Card,3.0
838,2023-09-04,customer837@yahoo.com,Canada,30.0,Home & Kitchen,50.34,3,0.1,Credit Card,
839,2024-04-21,customer838@hotmail.com,United Kingdom,57.0,Automotive,75.88,2,0.25,Bank Transfer,5.0
840,2024-10-06,customer839@outlook.com,Mexico,45.0,Grocery,66.67,1,0.2,PayPal,3.0
841,2024-02-22,customer840@gmail.com,India,25.0,Electronics,52.64,4,0.0,Debit Card,5.0
842,2024-04-26,customer841@yahoo.com,Germany,46.0,Clothing,76.88,3,0.0,Credit Card,
843,2023-08-28,customer842@yahoo.com,France,43.0,Clothing,9.68,4,0.2,Debit Card,5.0
844,2024-02-12,customer843@hotmail.com,Canada,56.0,Beauty,59.79,3,0.0,PayPal,4.0
845,2024-02-22,customer844@protonmail.com,United States,69.0,Books,67.99,5,0.0,Debit Card,4.0
846,2024-05-12,customer845@hotmail.com,United States,64.0,Home & Kitchen,21.35,1,0.15,PayPal,3.0
847,2023-08-19,customer846@protonmail.com,United States,36.0,Home & Kitchen,33.76,1,0.25,PayPal,5.0
848,2023-09-12,customer847@outlook.com,United States,58.0,Books,35.26,3,0.15,Gift Card,4.0
849,2023-09-20,customer848@protonmail.com,Germany,49.0,Sports & Outdoors,64.47,5,0.0,Credit Card,4.0
850,2023-11-04,customer849@gmail.com,Japan,46.0,Books,57.11,3,0.0,PayPal,4.0
851,2023-08-02,customer850@yahoo.com,Japan,30.0,Home & Kitchen,57.6,3,0.0,Credit Card,3.0
852,2023-05-23,customer851@protonmail.com,Japan,48.0,Sports & Outdoors,21.6,3,0.0,Debit Card,2.0
853,2024-01-01,customer852@gmail.com,Japan,37.0,Office Supplies,119.78,2,0.15,Debit Card,4.0
854,2024-09-16,customer853@protonmail.com,Japan,73.0,Electronics,137.93,3,0.15,Debit Card,5.0
855,2023-01-24,customer854@outlook.com,Germany,44.0,Books,26.03,5,0.0,Credit Card,5.0
856,2024-04-30,customer855@yahoo.com,Germany,43.0,Clothing,55.2,3,0.1,Debit Card,3.0
857,2024-08-19,customer856@gmail.com,France,22.0,Home & Kitchen,56.8,3,0.05,Credit Card,4.0
858,2024-08-24,customer857@protonmail.com,Brazil,36.0,Automotive,84.22,4,0.05,Debit Card,4.0
859,2024-09-14,customer858@gmail.com,Australia,74.0,Office Supplies,50.25,4,0.0,Credit Card,5.0
860,2023-08-20,customer859@protonmail.com,India,54.0,Clothing,113.28,2,0.0,Debit Card,
861,2023-03-15,customer860@protonmail.com,Germany,60.0,Clothing,32.14,3,0.25,Credit Card,4.0
862,2024-12-27,customer861@yahoo.com,Japan,56.0,Electronics,97.77,3,0.15,Credit Card,4.0
863,2024-05-25,customer862@hotmail.com,Japan,45.0,Sports & Outdoors,82.71,2,0.2,Debit Card,4.0
864,2023-09-18,customer863@outlook.com,Japan,71.0,Electronics,28.31,3,0.0,Credit Card,3.0
865,2024-09-13,customer864@outlook.com,Canada,35.0,Books,53.68,1,0.0,Debit Card,5.0
866,2023-09-16,customer865@gmail.com,Canada,38.0,Electronics,30.57,3,0.1,Gift Card,4.0
867,2024-07-01,customer866@outlook.com,Japan,59.0,Sports & Outdoors,181.96,2,0.15,Gift Card,4.0
868,2024-12-02,customer867@outlook.com,India,47.0,Automotive,60.17,5,0.15,Debit Card,5.0
869,2024-07-14,customer868@outlook.com,France,40.0,Electronics,49.31,4,0.1,Debit Card,
870,2024-04-23,customer869@yahoo.com,United States,53.0,Grocery,18.91,4,0.05,Debit Card,4.0
871,2023-05-20,customer870@outlook.com,India,65.0,Grocery,79.91,2,0.1,Credit Card,4.0
872,2024-11-12,customer871@gmail.com,India,58.0,Electronics,53.0,1,0.0,Credit Card,4.0
873,2023-11-07,customer872@yahoo.com,India,42.0,Automotive,97.09,2,0.0,Credit Card,4.0
874,2024-03-30,customer873@outlook.com,France,20.0,Sports & Outdoors,151.42,3,0.0,Gift Card,5.0
875,2024-03-22,customer874@hotmail.com,Japan,63.0,Toys,104.99,3,0.0,Credit Card,5.0
876,2023-06-29,customer875@gmail.com,United States,69.0,Sports & Outdoors,34.0,1,0.15,Credit Card,4.0
877,2024-03-16,customer876@hotmail.com,United States,60.0,Home & Kitchen,49.68,2,0.2,Credit Card,4.0
878,2023-10-13,customer877@yahoo.com,United States,28.0,Electronics,26.48,4,0.25,Credit Card,4.0
879,2023-09-13,customer878@yahoo.com,France,67.0,Clothing,42.32,5,0.05,Credit Card,5.0
880,2024-09-19,customer879@protonmail.com,Mexico,30.0,Beauty,116.77,5,0.25,Debit Card,4.0
881,2024-06-11,customer880@hotmail.com,United States,67.0,Automotive,44.38,3,0.25,Debit Card,4.0
882,2023-12-24,customer881@hotmail.com,Australia,57.0,Clothing,97.7,4,0.2,Gift Card,5.0
883,2023-01-14,customer882@outlook.com,Brazil,46.0,Home & Kitchen,47.81,4,0.0,PayPal,4.0
884,2024-06-01,customer883@protonmail.com,France,29.0,Electronics,103.78,2,0.1,PayPal,4.0
885,2024-06-22,customer884@outlook.com,United States,42.0,Office Supplies,33.46,2,0.0,Debit Card,3.0
886,2023-05-02,customer885@yahoo.com,Mexico,25.0,Home & Kitchen,29.3,1,0.2,Credit Card,5.0
887,2024-07-06,customer886@outlook.com,India,58.0,Automotive,181.04,1,0.0,PayPal,5.0
888,2023-10-19,customer887@outlook.com,France,72.0,Home & Kitchen,35.64,2,0.05,Debit Card,5.0
889,2024-06-18,customer888@hotmail.com,India,65.0,Electronics,118.45,2,0.0,PayPal,3.0
890,2024-09-04,customer889@yahoo.com,India,54.0,Home & Kitchen,88.43,3,0.25,Credit Card,4.0
891,2024-05-26,customer890@outlook.com,Japan,73.0,Books,41.27,5,0.1,Debit Card,5.0
892,2024-11-17,customer891@outlook.com,India,71.0,Clothing,41.62,5,0.05,Credit Card,5.0
893,2023-02-25,customer892@yahoo.com,Japan,74.0,Automotive,54.93,1,0.2,Credit Card,2.0
894,2023-08-25,customer893@hotmail.com,Brazil,21.0,Toys,119.89,3,0.1,PayPal,1.0
895,2023-02-13,customer894@yahoo.com,Canada,73.0,Electronics,49.03,3,0.1,PayPal,4.0
896,2023-05-06,customer895@yahoo.com,United States,20.0,Sports & Outdoors,97.33,5,0.0,Gift Card,3.0
897,2023-09-30,customer896@protonmail.com,Canada,40.0,Clothing,82.19,3,0.05,PayPal,3.0
898,2023-01-18,customer897@outlook.com,Mexico,33.0,Sports & Outdoors,83.72,2,0.05,PayPal,
899,2023-10-17,customer898@outlook.com,France,66.0,Grocery,184.58,4,0.05,PayPal,2.0
900,2023-04-03,customer899@outlook.com,Japan,20.0,Office Supplies,92.79,1,0.0,PayPal,5.0
901,2023-03-24,customer900@gmail.com,Australia,72.0,Toys,83.0,1,0.25,PayPal,4.0
902,2024-09-02,customer901@gmail.com,France,42.0,Clothing,18.95,4,0.0,Credit Card,2.0
903,2024-06-27,customer902@outlook.com,Brazil,22.0,Clothing,137.77,2,0.1,Bank Transfer,5.0
904,2023-11-29,customer903@gmail.com,Brazil,72.0,Clothing,105.24,2,0.1,Debit Card,
905,2024-02-19,customer904@yahoo.com,Mexico,20.0,Books,81.14,5,0.0,Credit Card,5.0
906,2023-08-01,customer905@gmail.com,United States,38.0,Electronics,54.67,2,0.25,Debit Card,1.0
907,2023-12-21,customer906@hotmail.com,Germany,32.0,Home & Kitchen,19.72,1,0.0,PayPal,4.0
908,2024-07-20,customer907@protonmail.com,Canada,59.0,Office Supplies,91.53,1,0.2,PayPal,4.0
909,2024-01-16,customer908@gmail.com,Australia,31.0,Automotive,67.25,5,0.1,Credit Card,5.0
910,2024-08-02,customer909@protonmail.com,Japan,54.0,Electronics,176.64,3,0.0,Debit Card,3.0
911,2023-12-20,customer910@outlook.com,Canada,23.0,Office Supplies,97.66,1,0.0,PayPal,4.0
912,2023-09-22,customer911@gmail.com,Japan,19.0,Grocery,72.65,2,0.15,PayPal,3.0
913,2024-10-15,customer912@yahoo.com,United States,,Electronics,207.83,2,0.05,Credit Card,5.0
914,2024-10-19,customer913@yahoo.com,Australia,31.0,Automotive,67.05,5,0.1,PayPal,4.0
915,2023-06-16,customer914@yahoo.com,Mexico,45.0,Office Supplies,168.04,3,0.0,PayPal,4.0
916,2023-12-05,customer915@yahoo.com,Japan,53.0,Sports & Outdoors,16.47,5,0.0,Credit Card,
917,2024-07-17,customer916@protonmail.com,Brazil,52.0,Grocery,231.21,3,0.0,Credit Card,4.0
918,2023-07-10,customer917@outlook.com,Mexico,23.0,Clothing,119.48,4,0.25,Debit Card,
919,2024-06-30,customer918@gmail.com,Australia,38.0,Toys,38.23,1,0.25,PayPal,4.0
920,2024-10-18,customer919@yahoo.com,Canada,44.0,Beauty,195.21,2,0.0,Bank Transfer,4.0
921,2023-06-22,customer920@yahoo.com,Australia,40.0,Toys,13.07,3,0.0,Bank Transfer,4.0
922,2023-04-22,customer921@protonmail.com,Germany,56.0,Clothing,29.91,1,0.2,PayPal,1.0
923,2024-11-20,customer922@protonmail.com,Mexico,46.0,Sports & Outdoors,89.75,2,0.0,Debit Card,
924,2024-12-28,customer923@gmail.com,United Kingdom,37.0,Grocery,138.31,4,0.0,Credit Card,5.0
925,2024-09-18,customer924@hotmail.com,Australia,30.0,Grocery,81.8,4,0.0,Debit Card,5.0
926,2024-03-23,customer925@outlook.com,Mexico,,Electronics,20.81,1,0.25,Debit Card,
927,2023-03-04,customer926@yahoo.com,Brazil,65.0,Clothing,40.91,2,0.0,PayPal,4.0
928,2024-10-30,customer927@yahoo.com,Canada,59.0,Electronics,48.39,3,0.15,Bank Transfer,5.0
929,2023-05-26,customer928@hotmail.com,India,42.0,Sports & Outdoors,87.34,2,0.05,Credit Card,5.0
930,2023-05-11,customer929@outlook.com,Germany,41.0,Home & Kitchen,62.46,1,0.05,Credit Card,4.0
931,2024-06-07,customer930@gmail.com,Brazil,34.0,Office Supplies,132.01,1,0.0,Debit Card,5.0
932,2023-10-12,customer931@yahoo.com,Mexico,48.0,Sports & Outdoors,19.68,3,0.0,Credit Card,5.0
933,2024-09-25,customer932@gmail.com,Mexico,68.0,Clothing,98.0,2,0.0,Credit Card,5.0
934,2024-09-29,customer933@gmail.com,Japan,29.0,Beauty,30.09,3,0.0,Debit Card,
935,2024-08-10,customer934@gmail.com,Brazil,,Home & Kitchen,152.9,4,0.0,Credit Card,5.0
936,2024-09-03,customer935@protonmail.com,United States,63.0,Electronics,98.71,3,0.0,Credit Card,4.0
937,2024-02-03,customer936@yahoo.com,Mexico,21.0,Electronics,62.5,3,0.0,Bank Transfer,
938,2024-09-28,customer937@outlook.com,Mexico,52.0,Toys,53.35,4,0.2,Debit Card,
939,2024-10-30,customer938@protonmail.com,United Kingdom,51.0,Automotive,84.95,1,0.0,Credit Card,5.0
940,2023-07-24,customer939@hotmail.com,United States,73.0,Home & Kitchen,129.66,2,0.1,PayPal,5.0
941,2023-11-07,customer940@protonmail.com,Mexico,40.0,Beauty,82.46,4,0.1,Credit Card,1.0
942,2024-03-26,customer941@outlook.com,Australia,61.0,Electronics,62.25,2,0.0,Credit Card,3.0
943,2024-09-19,customer942@gmail.com,Canada,22.0,Clothing,35.65,5,0.0,Bank Transfer,
944,2023-10-12,customer943@gmail.com,United Kingdom,52.0,Sports & Outdoors,60.51,3,0.0,PayPal,5.0
945,2023-07-09,customer944@protonmail.com,Japan,32.0,Grocery,130.19,1,0.0,Credit Card,4.0
946,2023-08-23,customer945@protonmail.com,Japan,53.0,Office Supplies,107.75,4,0.0,Debit Card,4.0
947,2024-08-06,customer946@hotmail.com,Japan,52.0,Sports & Outdoors,140.47,3,0.05,Debit Card,4.0
948,2024-01-15,customer947@yahoo.com,United Kingdom,36.0,Books,34.32,1,0.15,Gift Card,
949,2023-07-06,customer948@gmail.com,Brazil,66.0,Electronics,20.61,2,0.15,Debit Card,4.0
950,2024-06-05,customer949@hotmail.com,India,43.0,Home & Kitchen,102.11,5,0.0,PayPal,4.0
951,2024-04-26,customer950@yahoo.com,United States,32.0,Automotive,24.79,3,0.0,Credit Card,4.0
952,2024-01-14,customer951@protonmail.com,Australia,56.0,Toys,140.38,2,0.2,Credit Card,3.0
953,2024-03-28,customer952@hotmail.com,Japan,48.0,Clothing,104.02,3,0.2,Credit Card,2.0
954,2023-06-18,customer953@outlook.com,Germany,47.0,Home & Kitchen,80.98,1,0.15,Debit Card,4.0
955,2023-05-14,customer954@protonmail.com,Japan,25.0,Electronics,31.06,2,0.15,Debit Card,5.0
956,2024-08-12,customer955@outlook.com,India,,Beauty,67.43,3,0.0,Credit Card,4.0
957,2024-05-11,customer956@hotmail.com,India,38.0,Clothing,60.56,5,0.15,Credit Card,5.0
958,2024-12-14,customer957@yahoo.com,Brazil,49.0,Office Supplies,83.12,2,0.0,Debit Card,4.0
959,2024-11-16,customer958@protonmail.com,Brazil,26.0,Books,165.35,5,0.1,Credit Card,3.0
960,2023-09-22,customer959@gmail.com,France,18.0,Grocery,34.76,3,0.1,Gift Card,3.0
961,2023-12-04,customer960@yahoo.com,United States,58.0,Electronics,54.66,5,0.2,PayPal,4.0
962,2024-09-11,customer961@gmail.com,France,25.0,Electronics,63.35,1,0.25,Debit Card,4.0
963,2023-01-03,customer962@protonmail.com,Brazil,57.0,Home & Kitchen,145.43,1,0.05,Gift Card,
964,2024-09-22,customer963@hotmail.com,France,20.0,Home & Kitchen,71.87,3,0.0,Debit Card,4.0
965,2023-05-03,customer964@yahoo.com,Mexico,36.0,Office Supplies,98.26,4,0.0,Debit Card,5.0
966,2023-07-10,customer965@protonmail.com,Australia,69.0,Grocery,152.23,2,0.0,Debit Card,5.0
967,2023-12-18,customer966@hotmail.com,United States,49.0,Clothing,80.81,1,0.05,Credit Card,4.0
968,2024-05-29,customer967@hotmail.com,India,35.0,Books,55.12,1,0.1,Credit Card,4.0
969,2023-09-16,customer968@outlook.com,France,24.0,Toys,134.84,2,0.0,Debit Card,5.0
970,2024-11-16,customer969@yahoo.com,United States,,Sports & Outdoors,161.97,2,0.0,Credit Card,4.0
971,2024-07-25,customer970@protonmail.com,Japan,50.0,Electronics,93.78,3,0.15,PayPal,5.0
972,2024-06-24,customer971@gmail.com,Germany,43.0,Clothing,43.75,4,0.0,Credit Card,5.0
973,2024-07-17,customer972@yahoo.com,Brazil,62.0,Electronics,51.67,1,0.0,Debit Card,4.0
974,2023-01-22,customer973@yahoo.com,Brazil,70.0,Automotive,161.03,4,0.05,Debit Card,
975,2024-08-23,customer974@hotmail.com,Mexico,,Clothing,103.84,5,0.1,Credit Card,1.0
976,2024-03-17,customer975@protonmail.com,Mexico,45.0,Beauty,57.35,2,0.0,Credit Card,4.0
977,2023-05-16,customer976@protonmail.com,Brazil,53.0,Automotive,18.36,2,0.0,Debit Card,4.0
978,2024-07-22,customer977@yahoo.com,Canada,,Clothing,105.15,5,0.1,Credit Card,
979,2023-03-19,customer978@outlook.com,India,34.0,Electronics,94.12,5,0.0,Credit Card,4.0
980,2024-03-27,customer979@outlook.com,United States,56.0,Clothing,104.0,1,0.25,Credit Card,4.0
981,2024-02-20,customer980@protonmail.com,France,47.0,Sports & Outdoors,39.48,5,0.0,Debit Card,4.0
982,2023-01-21,customer981@protonmail.com,India,33.0,Books,55.3,5,0.25,PayPal,3.0
983,2023-10-01,customer982@yahoo.com,Mexico,31.0,Electronics,124.89,2,0.0,PayPal,5.0
984,2023-03-29,customer983@protonmail.com,Mexico,50.0,Electronics,9.43,5,0.05,Credit Card,3.0
985,2024-11-22,customer984@protonmail.com,Canada,28.0,Beauty,54.89,1,0.05,PayPal,
986,2024-08-08,customer985@yahoo.com,Brazil,33.0,Beauty,23.26,3,0.0,Bank Transfer,5.0
987,2024-12-28,customer986@hotmail.com,United States,39.0,Electronics,36.22,4,0.0,Debit Card,5.0
988,2023-12-23,customer987@protonmail.com,Australia,29.0,Grocery,114.21,1,0.05,Gift Card,3.0
989,2023-08-28,customer988@yahoo.com,Germany,36.0,Clothing,61.72,5,0.0,PayPal,4.0
990,2024-11-30,customer989@yahoo.com,United Kingdom,36.0,Electronics,31.63,5,0.0,Credit Card,5.0
991,2023-08-12,customer990@protonmail.com,Brazil,20.0,Clothing,89.63,2,0.0,Debit Card,1.0
992,2023-10-30,customer991@protonmail.com,Mexico,34.0,Beauty,46.2,3,0.1,Gift Card,3.0
993,2023-04-08,customer992@protonmail.com,Germany,55.0,Sports & Outdoors,60.17,2,0.0,Credit Card,4.0
994,2024-08-22,customer993@yahoo.com,Brazil,46.0,Books,75.51,1,0.0,Credit Card,4.0
995,2023-03-29,customer994@yahoo.com,Brazil,39.0,Home & Kitchen,140.94,5,0.15,Credit Card,4.0
996,2023-01-26,customer995@gmail.com,Japan,54.0,Clothing,75.51,5,0.0,Credit Card,5.0
997,2024-08-31,customer996@hotmail.com,Germany,29.0,Clothing,52.51,3,0.0,Credit Card,5.0
998,2024-09-05,customer997@protonmail.com,India,73.0,Clothing,86.69,3,0.0,Debit Card,5.0
999,2024-09-15,customer998@protonmail.com,Brazil,21.0,Books,90.13,4,0.1,PayPal,5.0
1000,2024-09-19,customer999@outlook.com,India,44.0,Books,49.39,3,0.0,Credit Card,2.0
1001,2023-04-14,customer1000@gmail.com,United Kingdom,62.0,Electronics,61.7,4,0.25,PayPal,3.0
1002,2023-09-22,customer1001@protonmail.com,United States,61.0,Home & Kitchen,66.05,3,0.15,Bank Transfer,5.0
1003,2024-07-12,customer1002@protonmail.com,Japan,44.0,Electronics,127.46,1,0.0,Debit Card,5.0
1004,2023-08-14,customer1003@yahoo.com,United States,,Sports & Outdoors,10.15,5,0.25,Bank Transfer,5.0
1005,2024-07-22,customer1004@hotmail.com,Canada,68.0,Clothing,83.86,3,0.15,Debit Card,1.0
1006,2024-10-26,customer1005@yahoo.com,United Kingdom,42.0,Sports & Outdoors,109.34,3,0.15,Credit Card,2.0
1007,2024-12-02,customer1006@protonmail.com,Canada,20.0,Electronics,125.21,4,0.0,Credit Card,5.0
1008,2024-07-21,customer1007@outlook.com,Mexico,41.0,Clothing,21.91,5,0.0,Debit Card,2.0
1009,2024-08-04,customer1008@protonmail.com,India,20.0,Home & Kitchen,21.37,3,0.1,Gift Card,5.0
1010,2024-03-12,customer1009@hotmail.com,Australia,67.0,Electronics,44.74,1,0.05,Credit Card,4.0
1011,2023-02-26,customer1010@hotmail.com,Japan,30.0,Grocery,99.46,1,0.2,Debit Card,5.0
1012,2023-11-15,customer1011@gmail.com,Japan,26.0,Electronics,116.65,4,0.15,PayPal,3.0
1013,2024-11-26,customer1012@outlook.com,India,53.0,Electronics,19.04,3,0.0,Bank Transfer,5.0
1014,2024-10-27,customer1013@hotmail.com,Germany,34.0,Clothing,76.67,3,0.2,Gift Card,4.0
1015,2023-06-24,customer1014@outlook.com,Brazil,60.0,Home & Kitchen,112.98,5,0.25,Credit Card,5.0
1016,2024-06-29,customer1015@yahoo.com,France,59.0,Automotive,50.95,2,0.15,Credit Card,3.0
1017,2023-08-13,customer1016@outlook.com,Australia,47.0,Office Supplies,80.42,4,0.2,Credit Card,3.0
1018,2023-11-01,customer1017@yahoo.com,Germany,34.0,Clothing,28.2,2,0.0,Credit Card,3.0
1019,2024-04-18,customer1018@protonmail.com,Brazil,34.0,Home & Kitchen,93.61,4,0.15,Gift Card,5.0
1020,2023-12-29,customer1019@gmail.com,Mexico,18.0,Books,59.5,1,0.1,Debit Card,1.0
1021,2024-03-17,customer1020@yahoo.com,Mexico,68.0,Books,55.62,2,0.0,Gift Card,5.0
1022,2023-03-13,customer1021@gmail.com,France,30.0,Books,78.32,2,0.0,Debit Card,3.0
1023,2023-08-05,customer1022@yahoo.com,United States,44.0,Electronics,16.74,1,0.1,Debit Card,
1024,2024-08-14,customer1023@yahoo.com,India,19.0,Electronics,45.78,4,0.0,Credit Card,4.0
1025,2024-03-28,customer1024@protonmail.com,United States,47.0,Electronics,113.03,2,0.1,Debit Card,5.0
1026,2024-09-06,customer1025@hotmail.com,Canada,34.0,Clothing,18.87,2,0.25,PayPal,4.0
1027,2024-12-05,customer1026@gmail.com,India,,Toys,20.69,2,0.15,PayPal,5.0
1028,2023-09-17,customer1027@outlook.com,Germany,36.0,Automotive,49.09,4,0.25,PayPal,4.0
1029,2023-07-12,customer1028@gmail.com,Australia,61.0,Home & Kitchen,65.66,3,0.0,PayPal,3.0
1030,2023-08-15,customer1029@gmail.com,Canada,72.0,Grocery,75.59,5,0.0,Credit Card,5.0
1031,2024-02-22,customer1030@outlook.com,United Kingdom,54.0,Home & Kitchen,175.84,3,0.25,Credit Card,4.0
1032,2023-07-04,customer1031@outlook.com,United Kingdom,64.0,Electronics,77.28,4,0.15,PayPal,5.0
1033,2023-10-12,customer1032@gmail.com,United Kingdom,44.0,Sports & Outdoors,83.46,5,0.0,Debit Card,4.0
1034,2023-05-07,customer1033@protonmail.com,Japan,24.0,Home & Kitchen,125.51,5,0.0,Credit Card,5.0
1035,2023-10-09,customer1034@protonmail.com,Japan,38.0,Automotive,37.82,4,0.15,Credit Card,4.0
1036,2024-11-22,customer1035@protonmail.com,Canada,25.0,Office Supplies,85.31,3,0.0,Gift Card,3.0
1037,2023-11-06,customer1036@protonmail.com,Mexico,20.0,Electronics,98.77,5,0.0,PayPal,5.0
1038,2024-07-08,customer1037@outlook.com,Australia,74.0,Home & Kitchen,90.8,5,0.2,Credit Card,4.0
1039,2023-11-11,customer1038@yahoo.com,Brazil,45.0,Home & Kitchen,75.69,1,0.2,Debit Card,5.0
1040,2023-11-13,customer1039@outlook.com,United States,56.0,Automotive,72.43,4,0.2,Credit Card,5.0
1041,2024-04-25,customer1040@gmail.com,Germany,42.0,Electronics,31.7,1,0.05,Credit Card,2.0
1042,2023-03-22,customer1041@yahoo.com,Mexico,53.0,Beauty,52.72,2,0.0,Credit Card,4.0
1043,2023-09-17,customer1042@yahoo.com,India,34.0,Home & Kitchen,152.15,5,0.05,Credit Card,2.0
1044,2023-04-12,customer1043@outlook.com,United States,51.0,Toys,45.05,4,0.2,Bank Transfer,5.0
1045,2023-05-26,customer1044@protonmail.com,Japan,48.0,Electronics,68.27,4,0.0,Credit Card,5.0
1046,2024-06-02,customer1045@hotmail.com,Brazil,26.0,Grocery,65.51,4,0.0,Debit Card,5.0
1047,2023-05-08,customer1046@hotmail.com,Canada,48.0,Sports & Outdoors,85.37,1,0.05,Gift Card,
1048,2023-05-29,customer1047@outlook.com,India,33.0,Electronics,65.17,4,0.1,Credit Card,
1049,2024-02-23,customer1048@gmail.com,Canada,49.0,Home & Kitchen,58.63,1,0.05,Debit Card,5.0
1050,2023-09-11,customer1049@protonmail.com,Mexico,42.0,Books,110.88,2,0.25,Credit Card,
1051,2023-03-31,customer1050@gmail.com,United States,36.0,Toys,77.19,1,0.1,Credit Card,1.0
1052,2024-11-29,customer1051@hotmail.com,Japan,43.0,Grocery,72.5,3,0.2,Credit Card,3.0
1053,2024-11-04,customer1052@gmail.com,United Kingdom,22.0,Clothing,47.11,5,0.0,PayPal,4.0
1054,2024-02-29,customer1053@outlook.com,Japan,73.0,Automotive,53.67,5,0.1,Debit Card,5.0
1055,2024-01-19,customer1054@gmail.com,Brazil,51.0,Home & Kitchen,79.08,1,0.0,Credit Card,4.0
1056,2024-08-13,customer1055@protonmail.com,Australia,20.0,Grocery,117.2,5,0.0,Debit Card,3.0
1057,2024-12-11,customer1056@outlook.com,Brazil,26.0,Automotive,140.12,2,0.0,PayPal,5.0
1058,2023-03-17,customer1057@protonmail.com,Brazil,18.0,Sports & Outdoors,82.98,2,0.15,PayPal,4.0
1059,2023-03-13,customer1058@outlook.com,Germany,32.0,Office Supplies,193.83,2,0.05,Bank Transfer,3.0
1060,2023-08-30,customer1059@yahoo.com,India,70.0,Clothing,56.6,3,0.25,PayPal,5.0
1061,2023-08-11,customer1060@yahoo.com,United States,59.0,Beauty,56.36,1,0.1,Credit Card,
1062,2024-10-15,customer1061@hotmail.com,Australia,68.0,Electronics,130.49,2,0.0,Credit Card,4.0
1063,2024-01-07,customer1062@hotmail.com,Brazil,45.0,Home & Kitchen,74.48,2,0.15,Debit Card,5.0
1064,2024-08-14,customer1063@protonmail.com,Brazil,34.0,Toys,48.1,4,0.0,Debit Card,
1065,2024-05-02,customer1064@gmail.com,Germany,39.0,Automotive,66.98,5,0.15,Debit Card,3.0
1066,2024-06-12,customer1065@outlook.com,Mexico,36.0,Office Supplies,34.68,1,0.05,PayPal,4.0
1067,2024-11-29,customer1066@yahoo.com,Mexico,,Toys,60.85,3,0.0,Credit Card,3.0
1068,2024-03-04,customer1067@protonmail.com,Canada,51.0,Grocery,31.96,5,0.1,Bank Transfer,4.0
1069,2024-07-20,customer1068@yahoo.com,United States,65.0,Grocery,34.64,5,0.05,Debit Card,5.0
1070,2023-07-16,customer1069@gmail.com,Australia,29.0,Grocery,78.57,3,0.0,PayPal,5.0
1071,2023-07-09,customer1070@yahoo.com,Canada,69.0,Electronics,12.9,4,0.0,Debit Card,4.0
1072,2024-03-03,customer1071@protonmail.com,United States,67.0,Books,32.23,2,0.1,PayPal,3.0
1073,2024-10-20,customer1072@outlook.com,India,51.0,Books,41.09,5,0.05,Bank Transfer,4.0
1074,2023-02-07,customer1073@hotmail.com,France,33.0,Grocery,52.34,1,0.0,Credit Card,4.0
1075,2024-01-01,customer1074@outlook.com,India,51.0,Toys,94.04,3,0.1,Debit Card,4.0
1076,2023-05-28,customer1075@gmail.com,Brazil,21.0,Grocery,51.18,3,0.25,PayPal,2.0
1077,2024-10-07,customer1076@protonmail.com,Japan,29.0,Office Supplies,149.04,1,0.2,Gift Card,5.0
1078,2024-01-14,customer1077@gmail.com,Germany,48.0,Toys,44.69,3,0.0,Debit Card,4.0
1079,2023-01-31,customer1078@yahoo.com,Brazil,73.0,Grocery,13.85,5,0.0,Credit Card,4.0
1080,2023-01-02,customer1079@hotmail.com,Canada,59.0,Toys,33.62,4,0.2,Debit Card,3.0
1081,2024-04-11,customer1080@protonmail.com,Germany,31.0,Sports & Outdoors,77.89,1,0.0,Debit Card,5.0
1082,2023-06-19,customer1081@yahoo.com,India,72.0,Books,34.56,3,0.25,Credit Card,5.0
1083,2023-01-31,customer1082@protonmail.com,Japan,45.0,Office Supplies,43.9,4,0.05,Debit Card,4.0
1084,2023-04-22,customer1083@gmail.com,United Kingdom,53.0,Grocery,129.88,3,0.05,Debit Card,
1085,2023-04-23,customer1084@outlook.com,India,64.0,Beauty,152.61,1,0.25,Credit Card,5.0
1086,2023-09-10,customer1085@yahoo.com,Australia,23.0,Clothing,25.11,2,0.0,Credit Card,4.0
1087,2024-06-08,customer1086@protonmail.com,Brazil,29.0,Books,58.26,3,0.0,PayPal,5.0
1088,2024-09-18,customer1087@gmail.com,Canada,55.0,Grocery,76.8,1,0.25,Credit Card,4.0
1089,2024-01-24,customer1088@outlook.com,Canada,42.0,Office Supplies,113.8,3,0.15,Credit Card,5.0
1090,2024-11-22,customer1089@gmail.com,Mexico,23.0,Office Supplies,50.81,2,0.05,PayPal,5.0
1091,2024-07-31,customer1090@gmail.com,Mexico,25.0,Beauty,76.42,1,0.0,Credit Card,4.0
1092,2023-05-01,customer1091@outlook.com,Germany,29.0,Beauty,125.42,2,0.1,Credit Card,5.0
1093,2024-06-20,customer1092@yahoo.com,Mexico,46.0,Electronics,68.24,1,0.2,Bank Transfer,
1094,2023-06-18,customer1093@outlook.com,India,34.0,Beauty,8.32,4,0.0,Debit Card,
1095,2024-12-04,customer1094@yahoo.com,United Kingdom,69.0,Clothing,57.9,1,0.0,Credit Card,4.0
1096,2024-09-10,customer1095@outlook.com,Germany,21.0,Grocery,39.02,1,0.0,Credit Card,4.0
1097,2023-02-16,customer1096@yahoo.com,Australia,42.0,Electronics,40.86,2,0.0,Credit Card,5.0
1098,2023-05-07,customer1097@hotmail.com,Germany,38.0,Office Supplies,43.05,4,0.1,PayPal,3.0
1099,2023-11-19,customer1098@protonmail.com,United Kingdom,25.0,Books,12.63,3,0.25,Credit Card,4.0
1100,2024-06-25,customer1099@gmail.com,United Kingdom,61.0,Electronics,146.72,1,0.15,Credit Card,4.0
1101,2024-02-08,customer1100@outlook.com,Japan,61.0,Sports & Outdoors,117.99,2,0.1,Gift Card,4.0
1102,2023-03-04,customer1101@protonmail.com,France,21.0,Beauty,159.47,1,0.25,PayPal,3.0
1103,2024-04-03,customer1102@protonmail.com,Mexico,48.0,Grocery,202.27,3,0.2,PayPal,5.0
1104,2024-04-18,customer1103@protonmail.com,India,46.0,Beauty,74.79,2,0.1,PayPal,4.0
1105,2024-11-09,customer1104@gmail.com,United States,20.0,Toys,47.65,5,0.0,Gift Card,5.0
1106,2023-07-13,customer1105@protonmail.com,Japan,30.0,Electronics,87.67,2,0.0,Credit Card,5.0
1107,2023-01-28,customer1106@gmail.com,Japan,38.0,Grocery,89.93,3,0.25,Credit Card,4.0
1108,2024-07-01,customer1107@yahoo.com,United States,50.0,Office Supplies,47.53,1,0.1,Credit Card,4.0
1109,2024-05-27,customer1108@outlook.com,Brazil,44.0,Grocery,46.67,3,0.25,Credit Card,3.0
1110,2024-01-15,customer1109@protonmail.com,Australia,46.0,Electronics,63.37,5,0.0,Gift Card,4.0
1111,2024-05-20,customer1110@outlook.com,India,59.0,Beauty,44.45,1,0.0,Debit Card,4.0
1112,2023-05-11,customer1111@hotmail.com,France,27.0,Home & Kitchen,90.48,2,0.0,Credit Card,4.0
1113,2023-04-02,customer1112@outlook.com,France,21.0,Office Supplies,28.75,2,0.0,Credit Card,4.0
1114,2023-10-21,customer1113@outlook.com,Japan,66.0,Electronics,102.37,3,0.0,PayPal,3.0
1115,2024-10-14,customer1114@gmail.com,Brazil,31.0,Electronics,137.99,3,0.25,Credit Card,4.0
1116,2024-01-11,customer1115@protonmail.com,Brazil,46.0,Home & Kitchen,221.84,5,0.0,PayPal,2.0
1117,2024-04-11,customer1116@gmail.com,France,21.0,Beauty,154.11,1,0.25,Gift Card,4.0
1118,2024-12-28,customer1117@yahoo.com,Australia,74.0,Sports & Outdoors,219.95,2,0.0,PayPal,4.0
1119,2023-08-09,customer1118@protonmail.com,Mexico,58.0,Beauty,91.33,3,0.0,Credit Card,5.0
1120,2023-12-17,customer1119@outlook.com,India,74.0,Clothing,25.23,4,0.0,Debit Card,5.0
1121,2024-05-15,customer1120@yahoo.com,Germany,72.0,Automotive,71.5,1,0.2,Debit Card,5.0
1122,2023-04-21,customer1121@yahoo.com,Japan,32.0,Clothing,192.95,4,0.0,PayPal,5.0
1123,2023-10-21,customer1122@gmail.com,Canada,41.0,Electronics,151.38,3,0.0,Credit Card,3.0
1124,2024-02-10,customer1123@yahoo.com,Germany,68.0,Beauty,55.89,2,0.2,PayPal,5.0
1125,2023-08-10,customer1124@protonmail.com,Australia,47.0,Books,15.42,2,0.15,Debit Card,4.0
1126,2023-06-10,customer1125@protonmail.com,Germany,59.0,Toys,88.57,1,0.0,Debit Card,5.0
1127,2023-11-16,customer1126@hotmail.com,Mexico,44.0,Clothing,24.07,4,0.2,Credit Card,3.0
1128,2024-10-04,customer1127@hotmail.com,India,42.0,Beauty,87.1,4,0.25,Credit Card,3.0
1129,2023-10-31,customer1128@yahoo.com,United States,41.0,Electronics,93.35,5,0.1,PayPal,5.0
1130,2024-08-31,customer1129@hotmail.com,United Kingdom,64.0,Books,147.17,2,0.25,Credit Card,3.0
1131,2024-05-08,customer1130@protonmail.com,Canada,46.0,Clothing,16.8,2,0.0,Credit Card,4.0
1132,2023-04-04,customer1131@yahoo.com,Canada,,Beauty,114.46,2,0.2,Debit Card,2.0
1133,2024-10-29,customer1132@outlook.com,Australia,46.0,Home & Kitchen,63.74,1,0.15,Credit Card,2.0
1134,2024-03-05,customer1133@protonmail.com,Brazil,46.0,Home & Kitchen,169.49,3,0.0,PayPal,5.0
1135,2024-02-20,customer1134@gmail.com,Brazil,30.0,Clothing,110.07,1,0.15,Credit Card,5.0
1136,2024-05-23,customer1135@outlook.com,France,39.0,Books,75.14,1,0.0,Debit Card,5.0
1137,2023-01-31,customer1136@hotmail.com,France,53.0,Home & Kitchen,38.16,2,0.0,Credit Card,4.0
1138,2023-07-03,customer1137@yahoo.com,United Kingdom,66.0,Sports & Outdoors,67.78,5,0.05,Debit Card,3.0
1139,2024-08-03,customer1138@gmail.com,India,41.0,Clothing,130.71,5,0.0,Debit Card,5.0
1140,2024-04-02,customer1139@gmail.com,India,,Clothing,68.06,5,0.05,Gift Card,3.0
1141,2023-10-12,customer1140@protonmail.com,Germany,74.0,Toys,66.68,5,0.25,Credit Card,4.0
1142,2023-12-04,customer1141@yahoo.com,Canada,26.0,Clothing,68.85,5,0.0,Credit Card,4.0
1143,2024-03-28,customer1142@protonmail.com,France,29.0,Beauty,47.71,4,0.15,Credit Card,3.0
1144,2023-12-18,customer1143@hotmail.com,Brazil,51.0,Sports & Outdoors,35.38,1,0.0,Credit Card,5.0
1145,2023-11-30,customer1144@hotmail.com,United Kingdom,33.0,Beauty,39.25,5,0.1,Credit Card,4.0
1146,2024-02-07,customer1145@yahoo.com,Germany,24.0,Books,72.72,5,0.1,Gift Card,2.0
1147,2023-07-25,customer1146@outlook.com,Canada,62.0,Clothing,117.64,3,0.2,Credit Card,4.0
1148,2024-02-21,customer1147@yahoo.com,Brazil,68.0,Home & Kitchen,78.89,4,0.15,Credit Card,4.0
1149,2024-05-20,customer1148@yahoo.com,India,31.0,Clothing,132.19,2,0.0,Bank Transfer,4.0
1150,2024-06-02,customer1149@yahoo.com,Brazil,30.0,Automotive,152.92,3,0.0,PayPal,5.0
1151,2024-03-28,customer1150@yahoo.com,India,64.0,Electronics,200.1,1,0.1,Credit Card,4.0
1152,2023-11-27,customer1151@yahoo.com,Canada,,Home & Kitchen,190.01,4,0.0,PayPal,3.0
1153,2024-04-23,customer1152@yahoo.com,India,18.0,Sports & Outdoors,26.49,3,0.2,Debit Card,4.0
1154,2024-06-11,customer1153@outlook.com,India,60.0,Toys,97.42,4,0.1,Gift Card,5.0
1155,2023-08-15,customer1154@outlook.com,Germany,28.0,Automotive,53.01,2,0.15,Credit Card,4.0
1156,2023-12-21,customer1155@protonmail.com,Japan,55.0,Electronics,40.49,3,0.15,Debit Card,5.0
1157,2024-05-09,customer1156@gmail.com,United States,41.0,Automotive,60.72,1,0.0,PayPal,2.0
1158,2024-04-28,customer1157@protonmail.com,India,41.0,Beauty,162.48,3,0.15,Bank Transfer,4.0
1159,2023-12-29,customer1158@protonmail.com,United States,72.0,Grocery,131.08,5,0.15,Debit Card,5.0
1160,2023-07-12,customer1159@protonmail.com,United States,53.0,Clothing,73.19,3,0.2,Credit Card,
1161,2024-10-26,customer1160@protonmail.com,Japan,,Clothing,106.86,5,0.0,Bank Transfer,2.0
1162,2024-01-31,customer1161@hotmail.com,Brazil,61.0,Electronics,89.69,1,0.1,Debit Card,2.0
1163,2024-01-30,customer1162@outlook.com,India,26.0,Grocery,60.81,4,0.25,Debit Card,5.0
1164,2023-12-08,customer1163@protonmail.com,Mexico,27.0,Electronics,44.28,1,0.05,Credit Card,4.0
1165,2024-07-08,customer1164@protonmail.com,United States,40.0,Home & Kitchen,67.74,3,0.2,PayPal,5.0
1166,2023-08-09,customer1165@yahoo.com,Brazil,35.0,Home & Kitchen,111.0,3,0.0,Debit Card,5.0
1167,2024-11-15,customer1166@yahoo.com,Germany,73.0,Grocery,173.26,3,0.0,Bank Transfer,5.0
1168,2023-02-15,customer1167@gmail.com,Mexico,45.0,Home & Kitchen,98.05,3,0.0,Debit Card,5.0
1169,2023-01-10,customer1168@hotmail.com,United Kingdom,41.0,Clothing,49.86,4,0.05,Credit Card,5.0
1170,2024-01-08,customer1169@protonmail.com,France,,Beauty,36.84,4,0.05,PayPal,3.0
1171,2024-09-19,customer1170@protonmail.com,United Kingdom,,Automotive,87.8,1,0.0,Credit Card,5.0
1172,2023-01-08,customer1171@protonmail.com,Brazil,52.0,Grocery,17.24,4,0.2,Credit Card,4.0
1173,2024-05-10,customer1172@protonmail.com,Mexico,41.0,Toys,265.2,2,0.2,Gift Card,5.0
1174,2023-10-12,customer1173@yahoo.com,Australia,46.0,Electronics,96.92,3,0.15,Bank Transfer,4.0
1175,2023-01-16,customer1174@protonmail.com,Germany,70.0,Electronics,146.47,5,0.2,PayPal,3.0
1176,2023-09-28,customer1175@yahoo.com,Germany,55.0,Home & Kitchen,126.35,2,0.1,Credit Card,5.0
1177,2024-04-17,customer1176@outlook.com,Japan,22.0,Clothing,95.92,4,0.15,PayPal,
1178,2024-04-07,customer1177@yahoo.com,Japan,19.0,Clothing,92.31,4,0.0,Debit Card,5.0
1179,2024-09-11,customer1178@yahoo.com,United Kingdom,43.0,Books,114.58,3,0.0,Debit Card,
1180,2024-12-21,customer1179@outlook.com,Germany,36.0,Clothing,57.38,2,0.1,Debit Card,5.0
1181,2023-02-09,customer1180@hotmail.com,Mexico,48.0,Beauty,73.98,4,0.0,Debit Card,4.0
1182,2024-09-18,customer1181@protonmail.com,Mexico,50.0,Electronics,118.47,5,0.0,Credit Card,4.0
1183,2023-01-08,customer1182@outlook.com,Germany,67.0,Office Supplies,26.44,5,0.1,Debit Card,
1184,2024-12-12,customer1183@yahoo.com,Brazil,35.0,Grocery,72.43,3,0.0,Credit Card,4.0
1185,2024-07-18,customer1184@hotmail.com,United States,56.0,Clothing,67.1,1,0.05,PayPal,5.0
1186,2024-11-25,customer1185@outlook.com,India,71.0,Clothing,16.37,5,0.1,Gift Card,5.0
1187,2023-02-19,customer1186@yahoo.com,Germany,29.0,Office Supplies,101.68,4,0.2,Credit Card,5.0
1188,2023-02-24,customer1187@gmail.com,Japan,72.0,Office Supplies,82.81,1,0.0,Gift Card,
1189,2024-12-20,customer1188@outlook.com,Japan,71.0,Clothing,72.35,4,0.0,PayPal,5.0
1190,2023-07-25,customer1189@hotmail.com,India,39.0,Electronics,131.81,4,0.0,PayPal,5.0
1191,2023-10-06,customer1190@outlook.com,Mexico,62.0,Office Supplies,119.57,5,0.0,Gift Card,5.0
1192,2023-08-05,customer1191@hotmail.com,Germany,31.0,Sports & Outdoors,125.0,3,0.0,Credit Card,4.0
1193,2023-04-25,customer1192@hotmail.com,Australia,19.0,Beauty,67.67,3,0.0,PayPal,
1194,2023-02-21,customer1193@gmail.com,Japan,30.0,Home & Kitchen,56.3,1,0.0,Credit Card,5.0
1195,2023-04-09,customer1194@protonmail.com,Australia,,Grocery,81.65,3,0.25,Bank Transfer,4.0
1196,2024-09-10,customer1195@yahoo.com,Germany,43.0,Toys,95.4,3,0.0,Debit Card,4.0
1197,2023-01-20,customer1196@yahoo.com,Germany,32.0,Books,109.4,5,0.0,PayPal,2.0
1198,2024-10-15,customer1197@yahoo.com,Australia,72.0,Beauty,40.43,2,0.15,Credit Card,3.0
1199,2023-06-10,customer1198@hotmail.com,Mexico,,Clothing,91.66,1,0.1,Credit Card,5.0
1200,2024-03-17,customer1199@hotmail.com,United States,31.0,Clothing,140.72,2,0.0,Credit Card,5.0
1201,2023-07-07,customer1200@gmail.com,United Kingdom,34.0,Sports & Outdoors,44.06,2,0.0,Credit Card,5.0
1202,2024-10-12,customer1201@gmail.com,Brazil,36.0,Sports & Outdoors,15.67,3,0.0,Debit Card,5.0
1203,2023-01-30,customer1202@hotmail.com,Australia,23.0,Office Supplies,9.42,4,0.0,Credit Card,5.0
1204,2024-06-05,customer1203@outlook.com,France,49.0,Toys,55.9,2,0.05,Gift Card,4.0
1205,2024-11-13,customer1204@yahoo.com,Germany,19.0,Clothing,35.41,2,0.05,PayPal,3.0
1206,2023-11-18,customer1205@yahoo.com,Mexico,50.0,Home & Kitchen,99.13,2,0.0,Debit Card,5.0
1207,2023-11-26,customer1206@hotmail.com,India,59.0,Toys,89.52,5,0.2,Gift Card,
1208,2023-04-20,customer1207@protonmail.com,India,55.0,Electronics,18.89,2,0.2,Debit Card,4.0
1209,2024-10-03,customer1208@protonmail.com,United Kingdom,18.0,Toys,136.98,4,0.05,Gift Card,5.0
1210,2024-11-30,customer1209@protonmail.com,Japan,59.0,Clothing,46.66,1,0.2,PayPal,5.0
1211,2023-12-29,customer1210@gmail.com,Mexico,46.0,Clothing,38.76,1,0.0,PayPal,2.0
1212,2024-05-20,customer1211@outlook.com,United Kingdom,63.0,Home & Kitchen,86.78,2,0.15,Credit Card,4.0
1213,2024-07-07,customer1212@yahoo.com,United Kingdom,42.0,Books,53.21,3,0.2,PayPal,4.0
1214,2023-09-16,customer1213@yahoo.com,Japan,46.0,Electronics,82.14,2,0.1,PayPal,4.0
1215,2023-01-03,customer1214@protonmail.com,Canada,43.0,Sports & Outdoors,65.67,2,0.0,Credit Card,4.0
1216,2023-04-04,customer1215@yahoo.com,Brazil,22.0,Home & Kitchen,146.11,3,0.15,Credit Card,4.0
1217,2024-10-16,customer1216@hotmail.com,India,43.0,Automotive,83.26,2,0.0,Gift Card,
1218,2024-08-06,customer1217@gmail.com,France,56.0,Books,60.87,3,0.05,Bank Transfer,5.0
1219,2023-03-11,customer1218@hotmail.com,Mexico,64.0,Grocery,70.85,1,0.2,Debit Card,5.0
1220,2024-08-08,customer1219@yahoo.com,Australia,51.0,Grocery,128.6,1,0.15,Credit Card,5.0
1221,2024-10-06,customer1220@gmail.com,France,,Automotive,40.74,5,0.0,Debit Card,5.0
1222,2024-02-01,customer1221@gmail.com,India,30.0,Automotive,102.33,3,0.05,Credit Card,4.0
1223,2023-11-26,customer1222@yahoo.com,Japan,63.0,Home & Kitchen,73.34,2,0.05,PayPal,2.0
1224,2024-12-30,customer1223@hotmail.com,Canada,66.0,Clothing,74.79,1,0.05,Credit Card,4.0
1225,2024-09-28,customer1224@protonmail.com,India,33.0,Beauty,35.56,4,0.0,Credit Card,5.0
1226,2023-10-10,customer1225@protonmail.com,France,60.0,Toys,56.13,2,0.2,Debit Card,4.0
1227,2023-12-15,customer1226@protonmail.com,Germany,65.0,Sports & Outdoors,49.08,3,0.0,PayPal,5.0
1228,2024-11-18,customer1227@gmail.com,India,42.0,Sports & Outdoors,73.11,4,0.2,Gift Card,
1229,2024-11-03,customer1228@hotmail.com,Brazil,50.0,Electronics,27.3,1,0.1,Debit Card,4.0
1230,2024-04-05,customer1229@protonmail.com,Germany,73.0,Electronics,14.5,4,0.05,Credit Card,4.0
1231,2024-04-18,customer1230@hotmail.com,Mexico,53.0,Sports & Outdoors,52.97,5,0.2,Credit Card,5.0
1232,2024-06-21,customer1231@outlook.com,India,56.0,Sports & Outdoors,130.1,1,0.25,PayPal,4.0
1233,2023-07-30,customer1232@protonmail.com,Canada,69.0,Grocery,96.93,5,0.05,Credit Card,2.0
1234,2024-10-31,customer1233@gmail.com,Australia,71.0,Beauty,68.54,2,0.1,PayPal,4.0
1235,2023-08-03,customer1234@gmail.com,Japan,62.0,Home & Kitchen,37.31,1,0.05,Debit Card,
1236,2024-08-29,customer1235@gmail.com,France,59.0,Electronics,8.67,3,0.05,Debit Card,4.0
1237,2024-08-21,customer1236@hotmail.com,Australia,30.0,Clothing,46.43,2,0.0,Credit Card,5.0
1238,2023-07-30,customer1237@gmail.com,Mexico,58.0,Clothing,62.75,3,0.1,Gift Card,2.0
1239,2024-08-12,customer1238@gmail.com,Australia,,Beauty,32.29,1,0.0,PayPal,4.0
1240,2024-09-25,customer1239@outlook.com,Canada,30.0,Sports & Outdoors,92.66,4,0.2,Debit Card,5.0
1241,2023-12-29,customer1240@outlook.com,India,74.0,Automotive,91.28,2,0.0,Debit Card,4.0
1242,2024-01-29,customer1241@yahoo.com,Germany,41.0,Books,52.39,4,0.25,Credit Card,4.0
1243,2024-01-07,customer1242@protonmail.com,Canada,54.0,Home & Kitchen,65.15,2,0.05,Credit Card,4.0
1244,2023-02-02,customer1243@outlook.com,United Kingdom,54.0,Books,64.29,1,0.15,Gift Card,
1245,2024-01-30,customer1244@hotmail.com,India,53.0,Home & Kitchen,87.61,2,0.0,Debit Card,
1246,2024-05-06,customer1245@hotmail.com,Mexico,65.0,Electronics,39.9,4,0.0,Credit Card,4.0
1247,2024-02-14,customer1246@hotmail.com,Canada,64.0,Books,253.07,5,0.25,Gift Card,5.0
1248,2023-12-31,customer1247@outlook.com,Canada,69.0,Clothing,27.17,5,0.1,Debit Card,3.0
1249,2024-01-01,customer1248@outlook.com,Mexico,68.0,Electronics,40.29,1,0.05,Credit Card,3.0
1250,2024-01-27,customer1249@gmail.com,Canada,22.0,Beauty,80.04,5,0.0,Credit Card,5.0
1251,2024-11-09,customer1250@hotmail.com,Australia,,Sports & Outdoors,174.79,2,0.15,Credit Card,5.0
1252,2023-10-28,customer1251@protonmail.com,United Kingdom,58.0,Electronics,49.74,1,0.15,Debit Card,3.0
1253,2023-06-13,customer1252@hotmail.com,Canada,66.0,Beauty,36.4,2,0.1,Gift Card,4.0
1254,2023-02-16,customer1253@yahoo.com,Japan,33.0,Electronics,59.19,5,0.25,Credit Card,2.0
1255,2024-09-27,customer1254@protonmail.com,Canada,,Books,104.07,3,0.1,Credit Card,4.0
1256,2023-05-12,customer1255@hotmail.com,United Kingdom,58.0,Sports & Outdoors,107.19,1,0.2,Credit Card,4.0
1257,2023-11-01,customer1256@protonmail.com,Japan,47.0,Books,96.64,4,0.05,Debit Card,4.0
1258,2024-07-06,customer1257@hotmail.com,Germany,36.0,Beauty,185.65,2,0.05,PayPal,3.0
1259,2023-05-11,customer1258@hotmail.com,Mexico,51.0,Clothing,107.51,1,0.1,Credit Card,4.0
1260,2023-06-20,customer1259@protonmail.com,Australia,50.0,Home & Kitchen,120.18,2,0.0,Gift Card,5.0
1261,2024-04-08,customer1260@protonmail.com,Canada,34.0,Books,127.12,4,0.2,Credit Card,3.0
1262,2024-04-03,customer1261@outlook.com,Japan,48.0,Clothing,33.5,2,0.05,PayPal,1.0
1263,2023-06-27,customer1262@hotmail.com,Japan,49.0,Electronics,63.66,1,0.0,Debit Card,4.0
1264,2024-01-31,customer1263@protonmail.com,Australia,67.0,Books,40.79,2,0.0,Debit Card,4.0
1265,2024-05-29,customer1264@hotmail.com,Mexico,28.0,Home & Kitchen,43.33,4,0.0,PayPal,5.0
1266,2023-06-11,customer1265@gmail.com,Japan,55.0,Books,55.58,1,0.25,Debit Card,2.0
1267,2023-11-20,customer1266@protonmail.com,Brazil,22.0,Toys,86.34,3,0.0,PayPal,4.0
1268,2023-07-24,customer1267@outlook.com,Japan,31.0,Grocery,169.95,4,0.0,Debit Card,
1269,2024-11-17,customer1268@gmail.com,United Kingdom,65.0,Grocery,101.52,1,0.15,PayPal,5.0
1270,2023-10-08,customer1269@hotmail.com,India,53.0,Sports & Outdoors,91.02,3,0.2,Credit Card,5.0
1271,2024-09-16,customer1270@protonmail.com,Japan,31.0,Automotive,56.39,4,0.05,Debit Card,1.0
1272,2024-10-04,customer1271@protonmail.com,Japan,54.0,Toys,179.91,4,0.05,Gift Card,4.0
1273,2023-05-03,customer1272@gmail.com,United States,72.0,Beauty,25.74,1,0.1,PayPal,5.0
1274,2024-11-18,customer1273@hotmail.com,Brazil,38.0,Grocery,109.16,3,0.15,PayPal,5.0
1275,2023-02-05,customer1274@gmail.com,United States,60.0,Grocery,15.63,5,0.0,Bank Transfer,5.0
1276,2023-10-10,customer1275@hotmail.com,Germany,32.0,Beauty,76.5,2,0.25,Credit Card,4.0
1277,2023-04-27,customer1276@outlook.com,Australia,39.0,Automotive,127.88,1,0.0,PayPal,4.0
1278,2023-02-03,customer1277@protonmail.com,Mexico,69.0,Books,71.34,3,0.1,Gift Card,
1279,2024-02-07,customer1278@gmail.com,Canada,25.0,Office Supplies,148.02,3,0.0,Credit Card,5.0
1280,2024-03-14,customer1279@outlook.com,India,26.0,Clothing,37.23,4,0.1,Credit Card,
1281,2024-02-29,customer1280@hotmail.com,Australia,21.0,Electronics,8.24,4,0.0,Credit Card,4.0
1282,2023-11-01,customer1281@outlook.com,Australia,26.0,Home & Kitchen,27.25,1,0.0,Gift Card,5.0
1283,2024-07-28,customer1282@outlook.com,Mexico,62.0,Toys,57.32,4,0.25,Bank Transfer,5.0
1284,2023-12-26,customer1283@hotmail.com,France,51.0,Electronics,86.6,5,0.0,Gift Card,4.0
1285,2024-01-26,customer1284@yahoo.com,Canada,25.0,Electronics,45.91,1,0.15,Debit Card,3.0
1286,2023-11-19,customer1285@yahoo.com,United States,35.0,Clothing,76.77,3,0.1,PayPal,5.0
1287,2023-06-01,customer1286@yahoo.com,Germany,63.0,Sports & Outdoors,97.28,2,0.0,Credit Card,4.0
1288,2024-04-22,customer1287@yahoo.com,Mexico,46.0,Electronics,38.98,4,0.0,Bank Transfer,4.0
1289,2024-08-28,customer1288@yahoo.com,United Kingdom,58.0,Toys,39.78,3,0.0,Gift Card,5.0
1290,2023-08-11,customer1289@hotmail.com,Canada,33.0,Sports & Outdoors,23.19,3,0.1,Debit Card,4.0
1291,2023-12-05,customer1290@yahoo.com,United States,70.0,Beauty,148.05,1,0.2,Credit Card,4.0
1292,2024-10-13,customer1291@yahoo.com,Australia,38.0,Sports & Outdoors,150.1,4,0.05,Gift Card,5.0
1293,2023-05-31,customer1292@gmail.com,Germany,,Home & Kitchen,76.29,4,0.25,Gift Card,5.0
1294,2023-11-04,customer1293@protonmail.com,Germany,41.0,Office Supplies,29.07,4,0.0,Bank Transfer,4.0
1295,2023-07-16,customer1294@gmail.com,Australia,60.0,Automotive,165.22,1,0.25,Debit Card,4.0
1296,2023-09-07,customer1295@outlook.com,Germany,50.0,Clothing,39.83,4,0.2,Credit Card,5.0
1297,2023-12-02,customer1296@protonmail.com,United States,53.0,Electronics,24.09,2,0.0,Credit Card,4.0
1298,2024-11-04,customer1297@hotmail.com,France,22.0,Books,39.09,1,0.2,Debit Card,5.0
1299,2023-01-10,customer1298@protonmail.com,Brazil,63.0,Grocery,35.78,2,0.0,Gift Card,3.0
1300,2023-09-19,customer1299@gmail.com,Australia,42.0,Grocery,30.11,1,0.25,Credit Card,3.0
1301,2024-09-24,customer1300@outlook.com,Mexico,32.0,Automotive,45.47,2,0.15,Debit Card,3.0
1302,2023-03-02,customer1301@protonmail.com,United States,57.0,Office Supplies,72.62,2,0.0,Gift Card,5.0
1303,2024-01-05,customer1302@gmail.com,United States,61.0,Beauty,108.38,1,0.25,Credit Card,2.0
1304,2023-04-24,customer1303@protonmail.com,Canada,58.0,Electronics,59.85,5,0.0,Debit Card,5.0
1305,2024-02-13,customer1304@gmail.com,United States,70.0,Electronics,60.13,4,0.0,PayPal,5.0
1306,2024-06-05,customer1305@hotmail.com,Japan,33.0,Electronics,58.91,2,0.0,Debit Card,3.0
1307,2024-04-08,customer1306@protonmail.com,Japan,28.0,Home & Kitchen,24.1,2,0.2,Debit Card,5.0
1308,2024-02-15,customer1307@yahoo.com,Brazil,48.0,Electronics,106.72,2,0.25,PayPal,5.0
1309,2024-06-26,customer1308@protonmail.com,United Kingdom,37.0,Books,128.45,4,0.25,Credit Card,3.0
1310,2024-01-26,customer1309@outlook.com,Japan,39.0,Grocery,160.69,2,0.1,PayPal,5.0
1311,2024-03-23,customer1310@hotmail.com,Canada,54.0,Electronics,54.17,1,0.0,Gift Card,
1312,2023-03-01,customer1311@gmail.com,Mexico,20.0,Grocery,155.16,3,0.25,Credit Card,2.0
1313,2023-01-16,customer1312@gmail.com,United Kingdom,42.0,Automotive,114.79,2,0.1,Credit Card,5.0
1314,2023-04-30,customer1313@gmail.com,United States,42.0,Electronics,31.4,5,0.25,Credit Card,
1315,2024-01-30,customer1314@yahoo.com,Canada,19.0,Electronics,39.9,2,0.0,PayPal,5.0
1316,2023-10-17,customer1315@yahoo.com,Australia,56.0,Books,73.58,4,0.0,Credit Card,4.0
1317,2023-09-25,customer1316@hotmail.com,Brazil,65.0,Grocery,60.11,2,0.0,Debit Card,5.0
1318,2023-11-24,customer1317@yahoo.com,France,71.0,Beauty,27.45,1,0.05,PayPal,5.0
1319,2024-12-23,customer1318@outlook.com,Germany,71.0,Electronics,73.23,2,0.2,Debit Card,5.0
1320,2023-10-02,customer1319@protonmail.com,Canada,24.0,Sports & Outdoors,74.37,5,0.05,Debit Card,2.0
1321,2023-11-21,customer1320@protonmail.com,Canada,,Grocery,113.97,1,0.1,Gift Card,5.0
1322,2024-01-03,customer1321@hotmail.com,India,42.0,Home & Kitchen,48.44,5,0.05,Debit Card,5.0
1323,2024-07-19,customer1322@outlook.com,Brazil,51.0,Sports & Outdoors,40.72,1,0.25,Gift Card,5.0
1324,2024-06-19,customer1323@hotmail.com,Canada,71.0,Books,22.9,4,0.25,Debit Card,5.0
1325,2024-12-15,customer1324@hotmail.com,Canada,33.0,Home & Kitchen,81.72,4,0.2,Debit Card,4.0
1326,2024-04-09,customer1325@hotmail.com,Australia,44.0,Automotive,75.94,3,0.0,Credit Card,5.0
1327,2024-11-27,customer1326@yahoo.com,Germany,56.0,Home & Kitchen,173.2,1,0.2,PayPal,1.0
1328,2024-03-22,customer1327@yahoo.com,Canada,68.0,Grocery,109.44,4,0.2,Debit Card,5.0
1329,2024-01-28,customer1328@outlook.com,France,57.0,Beauty,48.67,1,0.0,PayPal,4.0
1330,2024-02-12,customer1329@protonmail.com,France,56.0,Home & Kitchen,70.27,4,0.0,Debit Card,5.0
1331,2023-12-17,customer1330@hotmail.com,Australia,73.0,Beauty,27.0,4,0.25,Gift Card,4.0
1332,2023-05-27,customer1331@outlook.com,Brazil,67.0,Electronics,53.89,5,0.15,Credit Card,4.0
1333,2023-09-25,customer1332@protonmail.com,United Kingdom,67.0,Home & Kitchen,77.98,2,0.0,PayPal,5.0
1334,2024-03-17,customer1333@yahoo.com,Brazil,61.0,Home & Kitchen,177.97,4,0.0,Credit Card,4.0
1335,2024-03-18,customer1334@hotmail.com,Brazil,36.0,Automotive,35.57,1,0.1,Credit Card,
1336,2023-04-26,customer1335@hotmail.com,Brazil,22.0,Automotive,145.3,3,0.1,Debit Card,5.0
1337,2024-08-09,customer1336@yahoo.com,Mexico,62.0,Home & Kitchen,81.13,4,0.2,Credit Card,1.0
1338,2024-06-04,customer1337@outlook.com,United Kingdom,61.0,Books,107.98,1,0.15,Credit Card,4.0
1339,2024-01-19,customer1338@outlook.com,Brazil,53.0,Office Supplies,68.67,5,0.2,Credit Card,5.0
1340,2023-11-27,customer1339@hotmail.com,United States,25.0,Sports & Outdoors,43.24,2,0.05,Bank Transfer,5.0
1341,2024-02-12,customer1340@protonmail.com,Germany,73.0,Electronics,140.8,5,0.25,Gift Card,
1342,2024-02-29,customer1341@yahoo.com,Brazil,60.0,Clothing,51.36,1,0.25,Bank Transfer,4.0
1343,2023-11-09,customer1342@outlook.com,Mexico,55.0,Clothing,104.38,2,0.25,Credit Card,4.0
1344,2024-09-21,customer1343@outlook.com,Canada,41.0,Clothing,28.71,4,0.15,Credit Card,5.0
1345,2023-04-26,customer1344@gmail.com,Brazil,21.0,Books,34.05,1,0.05,Credit Card,4.0
1346,2023-09-30,customer1345@gmail.com,Germany,57.0,Beauty,15.81,5,0.0,PayPal,4.0
1347,2023-10-18,customer1346@outlook.com,Australia,,Beauty,63.92,5,0.1,Bank Transfer,5.0
1348,2023-03-14,customer1347@protonmail.com,India,21.0,Clothing,81.2,1,0.0,Debit Card,5.0
1349,2023-03-07,customer1348@yahoo.com,India,21.0,Beauty,70.19,5,0.0,Debit Card,
1350,2024-10-12,customer1349@hotmail.com,France,24.0,Toys,22.65,3,0.0,Credit Card,5.0
1351,2024-07-19,customer1350@hotmail.com,India,33.0,Beauty,34.5,5,0.2,Debit Card,4.0
1352,2023-09-24,customer1351@hotmail.com,France,24.0,Electronics,106.94,4,0.0,Gift Card,2.0
1353,2023-07-14,customer1352@outlook.com,United Kingdom,25.0,Clothing,47.88,2,0.0,PayPal,5.0
1354,2023-10-24,customer1353@outlook.com,Mexico,39.0,Clothing,72.33,1,0.0,PayPal,4.0
1355,2024-05-29,customer1354@outlook.com,Germany,19.0,Clothing,45.6,2,0.0,Debit Card,4.0
1356,2023-08-05,customer1355@protonmail.com,Mexico,27.0,Beauty,99.71,3,0.0,Debit Card,5.0
1357,2023-02-18,customer1356@yahoo.com,Mexico,40.0,Toys,45.93,3,0.05,Credit Card,5.0
1358,2023-11-03,customer1357@gmail.com,United States,18.0,Clothing,60.58,4,0.2,PayPal,5.0
1359,2024-03-13,customer1358@protonmail.com,Brazil,,Toys,123.45,5,0.0,Debit Card,5.0
1360,2024-01-16,customer1359@outlook.com,India,68.0,Beauty,71.1,2,0.25,Credit Card,4.0
1361,2023-05-06,customer1360@protonmail.com,United Kingdom,40.0,Sports & Outdoors,37.35,1,0.2,Debit Card,4.0
1362,2024-09-07,customer1361@hotmail.com,France,60.0,Beauty,90.4,4,0.0,Credit Card,4.0
1363,2024-04-06,customer1362@outlook.com,Mexico,43.0,Grocery,22.62,4,0.1,Credit Card,3.0
1364,2024-06-09,customer1363@hotmail.com,Brazil,50.0,Beauty,36.28,4,0.2,Credit Card,5.0
1365,2024-11-30,customer1364@yahoo.com,Germany,25.0,Home & Kitchen,24.15,4,0.15,Gift Card,4.0
1366,2024-01-10,customer1365@hotmail.com,Germany,59.0,Grocery,101.25,4,0.0,Credit Card,2.0
1367,2024-02-27,customer1366@yahoo.com,Canada,33.0,Clothing,86.53,3,0.15,Bank Transfer,
1368,2024-07-11,customer1367@protonmail.com,Mexico,35.0,Sports & Outdoors,94.92,2,0.1,Credit Card,
1369,2024-07-18,customer1368@outlook.com,India,32.0,Office Supplies,78.81,4,0.0,Debit Card,4.0
1370,2024-09-10,customer1369@outlook.com,Brazil,58.0,Home & Kitchen,139.18,1,0.0,PayPal,5.0
1371,2024-05-29,customer1370@yahoo.com,France,55.0,Home & Kitchen,77.67,1,0.0,Credit Card,4.0
1372,2023-02-12,customer1371@hotmail.com,France,47.0,Home & Kitchen,47.44,1,0.0,Gift Card,5.0
1373,2023-09-13,customer1372@outlook.com,Germany,37.0,Office Supplies,38.42,2,0.1,PayPal,2.0
1374,2024-03-08,customer1373@outlook.com,Germany,,Clothing,76.99,3,0.05,Credit Card,5.0
1375,2023-11-21,customer1374@gmail.com,United States,65.0,Grocery,132.56,3,0.0,Bank Transfer,1.0
1376,2023-02-01,customer1375@hotmail.com,United Kingdom,55.0,Electronics,28.05,1,0.15,Credit Card,3.0
1377,2023-07-15,customer1376@gmail.com,Japan,50.0,Home & Kitchen,93.48,3,0.0,Credit Card,3.0
1378,2023-08-13,customer1377@outlook.com,United Kingdom,74.0,Electronics,60.57,4,0.05,Gift Card,4.0
1379,2023-01-27,customer1378@hotmail.com,Canada,22.0,Grocery,121.12,2,0.0,Credit Card,5.0
1380,2024-07-10,customer1379@outlook.com,France,32.0,Electronics,20.39,3,0.2,PayPal,3.0
1381,2023-10-03,customer1380@gmail.com,India,69.0,Automotive,173.59,2,0.0,Credit Card,4.0
1382,2024-07-31,customer1381@protonmail.com,Germany,,Sports & Outdoors,60.07,5,0.0,Gift Card,4.0
1383,2024-09-27,customer1382@gmail.com,Brazil,35.0,Automotive,17.46,3,0.0,Debit Card,3.0
1384,2024-10-07,customer1383@hotmail.com,Japan,60.0,Clothing,27.62,5,0.1,Credit Card,4.0
1385,2024-10-25,customer1384@gmail.com,Germany,50.0,Books,187.66,2,0.2,Bank Transfer,5.0
1386,2023-12-30,customer1385@hotmail.com,Japan,33.0,Electronics,93.23,2,0.0,PayPal,
1387,2023-06-27,customer1386@protonmail.com,Australia,37.0,Books,55.85,4,0.0,PayPal,4.0
1388,2023-03-03,customer1387@outlook.com,Canada,,Toys,212.2,2,0.0,Debit Card,
1389,2024-03-31,customer1388@gmail.com,France,32.0,Electronics,75.71,4,0.0,PayPal,
1390,2023-04-03,customer1389@gmail.com,United Kingdom,18.0,Office Supplies,116.87,1,0.0,Credit Card,3.0
1391,2023-06-26,customer1390@yahoo.com,Australia,52.0,Electronics,34.16,5,0.1,Debit Card,3.0
1392,2023-06-28,customer1391@yahoo.com,United States,21.0,Home & Kitchen,54.43,4,0.0,Credit Card,2.0
1393,2023-07-19,customer1392@protonmail.com,United States,58.0,Sports & Outdoors,74.94,3,0.1,Debit Card,
1394,2023-09-29,customer1393@gmail.com,Germany,58.0,Books,50.21,3,0.2,Credit Card,5.0
1395,2023-08-30,customer1394@outlook.com,Australia,71.0,Home & Kitchen,178.82,2,0.25,PayPal,4.0
1396,2024-01-20,customer1395@hotmail.com,France,72.0,Office Supplies,138.21,2,0.1,Credit Card,2.0
1397,2024-11-29,customer1396@hotmail.com,United States,71.0,Home & Kitchen,91.59,2,0.05,Debit Card,4.0
1398,2024-04-16,customer1397@hotmail.com,Canada,51.0,Toys,27.5,4,0.15,PayPal,4.0
1399,2024-05-08,customer1398@hotmail.com,Canada,23.0,Electronics,58.14,2,0.25,Credit Card,4.0
1400,2023-04-29,customer1399@gmail.com,United States,66.0,Electronics,39.09,2,0.0,Credit Card,4.0
1401,2023-03-25,customer1400@protonmail.com,India,69.0,Books,92.93,2,0.0,Credit Card,3.0
1402,2023-05-18,customer1401@outlook.com,United Kingdom,29.0,Grocery,50.02,3,0.0,Credit Card,5.0
1403,2024-09-11,customer1402@outlook.com,Brazil,38.0,Toys,17.47,2,0.0,PayPal,
1404,2023-05-07,customer1403@protonmail.com,France,21.0,Home & Kitchen,83.86,3,0.1,Debit Card,5.0
1405,2024-12-19,customer1404@hotmail.com,Mexico,36.0,Electronics,48.22,5,0.0,Debit Card,4.0
1406,2024-07-05,customer1405@gmail.com,Mexico,37.0,Office Supplies,149.93,2,0.0,Credit Card,4.0
1407,2024-08-28,customer1406@yahoo.com,Japan,67.0,Home & Kitchen,30.67,1,0.15,Debit Card,4.0
1408,2023-08-09,customer1407@yahoo.com,Mexico,29.0,Toys,40.82,4,0.0,Credit Card,4.0
1409,2023-04-25,customer1408@protonmail.com,France,26.0,Electronics,56.42,2,0.0,Credit Card,4.0
1410,2023-05-02,customer1409@gmail.com,Germany,,Electronics,86.72,4,0.0,Debit Card,4.0
1411,2024-09-18,customer1410@outlook.com,Canada,58.0,Electronics,123.27,5,0.2,PayPal,5.0
1412,2023-11-11,customer1411@outlook.com,Australia,72.0,Electronics,54.43,3,0.25,Credit Card,4.0
1413,2023-10-26,customer1412@gmail.com,Japan,62.0,Toys,76.35,3,0.15,Credit Card,4.0
1414,2023-06-30,customer1413@outlook.com,Australia,31.0,Clothing,21.56,4,0.05,PayPal,4.0
1415,2023-09-18,customer1414@yahoo.com,United Kingdom,57.0,Grocery,41.17,1,0.05,Credit Card,2.0
1416,2023-09-27,customer1415@yahoo.com,Germany,69.0,Electronics,50.92,1,0.0,Credit Card,4.0
1417,2024-07-01,customer1416@hotmail.com,United Kingdom,65.0,Clothing,56.31,1,0.0,Bank Transfer,5.0
1418,2024-08-24,customer1417@protonmail.com,India,48.0,Clothing,99.26,3,0.05,Credit Card,3.0
1419,2023-12-07,customer1418@gmail.com,Canada,34.0,Home & Kitchen,193.94,5,0.0,PayPal,2.0
1420,2023-09-01,customer1419@outlook.com,United Kingdom,23.0,Electronics,42.8,4,0.25,PayPal,1.0
1421,2023-11-26,customer1420@gmail.com,Germany,37.0,Electronics,92.66,5,0.1,Credit Card,5.0
1422,2023-05-08,customer1421@gmail.com,France,48.0,Electronics,137.8,2,0.0,Debit Card,
1423,2023-02-20,customer1422@gmail.com,Germany,73.0,Clothing,133.81,5,0.25,Debit Card,5.0
1424,2023-06-19,customer1423@hotmail.com,Mexico,44.0,Electronics,35.53,4,0.0,Credit Card,5.0
1425,2023-01-18,customer1424@outlook.com,Australia,58.0,Clothing,129.32,1,0.15,Credit Card,5.0
1426,2023-01-26,customer1425@yahoo.com,Germany,60.0,Clothing,28.42,3,0.25,Bank Transfer,5.0
1427,2023-06-24,customer1426@outlook.com,Germany,44.0,Clothing,27.95,4,0.0,Credit Card,4.0
1428,2024-10-19,customer1427@hotmail.com,Australia,60.0,Home & Kitchen,69.88,2,0.2,PayPal,4.0
1429,2023-05-16,customer1428@yahoo.com,Germany,67.0,Books,50.66,4,0.25,Debit Card,5.0
1430,2024-05-23,customer1429@outlook.com,India,54.0,Clothing,156.93,3,0.1,Debit Card,4.0
1431,2023-04-18,customer1430@gmail.com,Canada,58.0,Office Supplies,16.96,4,0.15,Debit Card,5.0
1432,2023-12-05,customer1431@yahoo.com,Germany,56.0,Electronics,70.48,4,0.0,Debit Card,5.0
1433,2024-03-19,customer1432@yahoo.com,France,74.0,Electronics,118.11,2,0.2,Debit Card,1.0
1434,2024-02-14,customer1433@gmail.com,Mexico,52.0,Grocery,15.78,1,0.0,Debit Card,
1435,2024-08-06,customer1434@protonmail.com,United Kingdom,24.0,Home & Kitchen,52.81,5,0.0,PayPal,5.0
1436,2023-07-05,customer1435@protonmail.com,United Kingdom,31.0,Home & Kitchen,116.22,5,0.2,Gift Card,2.0
1437,2024-06-26,customer1436@outlook.com,Germany,33.0,Automotive,66.24,5,0.0,Credit Card,4.0
1438,2023-10-22,customer1437@yahoo.com,Japan,70.0,Toys,66.21,1,0.15,Credit Card,2.0
1439,2023-11-22,customer1438@gmail.com,Mexico,18.0,Sports & Outdoors,123.5,4,0.0,PayPal,5.0
1440,2023-08-22,customer1439@protonmail.com,United States,30.0,Electronics,88.55,1,0.0,Credit Card,4.0
1441,2024-12-28,customer1440@outlook.com,Japan,57.0,Home & Kitchen,41.58,3,0.25,Gift Card,3.0
1442,2024-08-24,customer1441@outlook.com,Australia,51.0,Home & Kitchen,172.94,5,0.0,Credit Card,
1443,2023-12-04,customer1442@outlook.com,Germany,18.0,Beauty,60.02,2,0.15,Credit Card,3.0
1444,2024-06-26,customer1443@hotmail.com,Canada,62.0,Clothing,27.1,2,0.0,Credit Card,5.0
1445,2024-10-30,customer1444@outlook.com,Japan,19.0,Toys,68.41,3,0.2,Credit Card,5.0
1446,2023-07-27,customer1445@outlook.com,Japan,22.0,Office Supplies,63.44,3,0.15,PayPal,5.0
1447,2023-08-27,customer1446@hotmail.com,Canada,64.0,Office Supplies,86.65,1,0.1,Credit Card,5.0
1448,2024-07-10,customer1447@protonmail.com,Japan,43.0,Electronics,95.72,2,0.15,Gift Card,5.0
1449,2023-07-27,customer1448@hotmail.com,Australia,49.0,Toys,22.54,5,0.0,Credit Card,4.0
1450,2023-03-10,customer1449@yahoo.com,France,19.0,Beauty,56.8,1,0.0,PayPal,3.0
1451,2024-03-10,customer1450@gmail.com,Australia,27.0,Grocery,88.93,2,0.15,PayPal,2.0
1452,2023-05-28,customer1451@yahoo.com,Mexico,30.0,Automotive,66.92,4,0.1,Credit Card,3.0
1453,2024-03-04,customer1452@protonmail.com,France,37.0,Beauty,47.84,2,0.0,Gift Card,
1454,2023-03-19,customer1453@protonmail.com,India,54.0,Sports & Outdoors,105.4,4,0.2,Credit Card,2.0
1455,2023-12-16,customer1454@outlook.com,United States,,Electronics,104.91,2,0.0,Debit Card,4.0
1456,2023-06-23,customer1455@gmail.com,Brazil,70.0,Toys,2.0,1,0.15,Credit Card,4.0
1457,2024-01-21,customer1456@hotmail.com,Brazil,30.0,Toys,76.68,5,0.15,Debit Card,5.0
1458,2023-06-15,customer1457@hotmail.com,Brazil,35.0,Beauty,86.35,4,0.0,Credit Card,2.0
1459,2023-07-03,customer1458@gmail.com,Germany,23.0,Toys,57.03,2,0.0,Credit Card,5.0
1460,2024-10-19,customer1459@protonmail.com,United States,65.0,Clothing,72.66,1,0.25,Gift Card,2.0
1461,2024-12-17,customer1460@protonmail.com,United States,52.0,Books,59.95,3,0.2,PayPal,4.0
1462,2023-08-27,customer1461@protonmail.com,Germany,47.0,Office Supplies,84.59,4,0.0,Gift Card,4.0
1463,2024-04-16,customer1462@outlook.com,Canada,64.0,Clothing,48.65,4,0.0,PayPal,
1464,2023-09-17,customer1463@protonmail.com,United Kingdom,61.0,Grocery,49.87,4,0.1,PayPal,2.0
1465,2023-05-05,customer1464@gmail.com,United States,41.0,Sports & Outdoors,60.1,3,0.25,Gift Card,
1466,2023-03-14,customer1465@gmail.com,Germany,64.0,Clothing,85.85,5,0.0,Debit Card,4.0
1467,2024-10-12,customer1466@gmail.com,Mexico,33.0,Clothing,92.31,1,0.1,Gift Card,5.0
1468,2023-02-18,customer1467@outlook.com,Canada,54.0,Toys,144.79,5,0.15,Debit Card,2.0
1469,2023-12-26,customer1468@outlook.com,Germany,43.0,Grocery,29.52,5,0.25,Debit Card,
1470,2023-06-10,customer1469@hotmail.com,Germany,42.0,Electronics,13.76,5,0.1,Debit Card,5.0
1471,2024-07-09,customer1470@yahoo.com,France,,Automotive,104.98,2,0.05,Credit Card,4.0
1472,2023-04-09,customer1471@yahoo.com,Australia,51.0,Grocery,69.34,5,0.0,Credit Card,5.0
1473,2024-02-26,customer1472@yahoo.com,Mexico,71.0,Clothing,16.15,5,0.1,Gift Card,
1474,2023-09-09,customer1473@hotmail.com,Canada,57.0,Electronics,59.46,5,0.1,Debit Card,5.0
1475,2024-01-16,customer1474@yahoo.com,Germany,41.0,Electronics,122.85,2,0.25,Credit Card,4.0
1476,2023-05-16,customer1475@protonmail.com,Canada,67.0,Electronics,48.63,4,0.1,Bank Transfer,5.0
1477,2023-03-27,customer1476@yahoo.com,United States,73.0,Electronics,76.24,5,0.2,Gift Card,4.0
1478,2023-05-11,customer1477@hotmail.com,Brazil,49.0,Electronics,41.89,1,0.05,PayPal,5.0
1479,2024-02-25,customer1478@yahoo.com,United Kingdom,32.0,Office Supplies,32.06,2,0.05,Credit Card,
1480,2024-04-17,customer1479@outlook.com,United Kingdom,67.0,Sports & Outdoors,112.12,4,0.0,Credit Card,3.0
1481,2024-10-22,customer1480@outlook.com,France,54.0,Grocery,45.08,5,0.05,Gift Card,3.0
1482,2024-11-18,customer1481@hotmail.com,France,40.0,Toys,55.54,4,0.0,Credit Card,4.0
1483,2024-07-03,customer1482@protonmail.com,France,41.0,Sports & Outdoors,68.38,3,0.0,Credit Card,4.0
1484,2023-01-10,customer1483@yahoo.com,India,61.0,Automotive,41.38,5,0.25,Credit Card,5.0
1485,2024-05-28,customer1484@hotmail.com,Japan,54.0,Home & Kitchen,239.62,2,0.15,PayPal,5.0
1486,2024-05-30,customer1485@hotmail.com,Germany,52.0,Beauty,103.77,4,0.0,Credit Card,2.0
1487,2024-05-30,customer1486@hotmail.com,Canada,63.0,Automotive,25.08,5,0.1,Gift Card,
1488,2024-04-26,customer1487@outlook.com,United States,22.0,Office Supplies,117.72,2,0.05,PayPal,5.0
1489,2024-05-16,customer1488@yahoo.com,Brazil,,Clothing,77.62,1,0.2,Bank Transfer,5.0
1490,2024-03-03,customer1489@hotmail.com,Brazil,46.0,Grocery,83.19,1,0.0,Credit Card,5.0
1491,2024-03-28,customer1490@yahoo.com,Japan,33.0,Books,60.76,4,0.15,Debit Card,5.0
1492,2024-05-20,customer1491@outlook.com,Brazil,61.0,Home & Kitchen,54.82,2,0.2,PayPal,5.0
1493,2023-02-01,customer1492@gmail.com,Japan,32.0,Home & Kitchen,117.8,4,0.15,Bank Transfer,4.0
1494,2024-01-07,customer1493@outlook.com,Japan,56.0,Books,31.57,3,0.1,Credit Card,5.0
1495,2023-04-04,customer1494@hotmail.com,Mexico,43.0,Home & Kitchen,133.15,5,0.0,Credit Card,4.0
1496,2024-11-07,customer1495@gmail.com,Australia,50.0,Electronics,71.7,4,0.15,Debit Card,3.0
1497,2024-12-23,customer1496@yahoo.com,Mexico,18.0,Electronics,23.62,3,0.25,PayPal,3.0
1498,2023-04-26,customer1497@hotmail.com,Brazil,63.0,Grocery,19.36,2,0.15,Credit Card,4.0
1499,2024-10-12,customer1498@outlook.com,France,32.0,Automotive,42.31,2,0.1,Debit Card,4.0
1500,2023-12-12,customer1499@protonmail.com,Germany,69.0,Automotive,46.95,2,0.1,Credit Card,4.0
1501,2024-05-05,customer1500@protonmail.com,Canada,72.0,Toys,20.08,1,0.0,Debit Card,5.0
1502,2024-04-21,customer1501@yahoo.com,Germany,26.0,Office Supplies,88.84,2,0.25,Credit Card,5.0
1503,2023-03-27,customer1502@protonmail.com,Australia,20.0,Books,97.15,5,0.0,Debit Card,4.0
1504,2024-10-25,customer1503@hotmail.com,Japan,32.0,Books,94.07,5,0.15,Credit Card,4.0
1505,2024-04-12,customer1504@yahoo.com,India,35.0,Books,111.01,2,0.1,Credit Card,5.0
1506,2023-12-22,customer1505@hotmail.com,Canada,74.0,Home & Kitchen,49.53,2,0.15,Debit Card,4.0
1507,2024-03-24,customer1506@gmail.com,Canada,22.0,Sports & Outdoors,81.17,4,0.0,Credit Card,5.0
1508,2024-12-14,customer1507@hotmail.com,Japan,31.0,Clothing,110.36,1,0.15,PayPal,5.0
1509,2024-04-17,customer1508@protonmail.com,United States,28.0,Office Supplies,89.5,4,0.1,Debit Card,4.0
1510,2024-04-24,customer1509@protonmail.com,India,65.0,Electronics,76.64,3,0.05,Debit Card,
1511,2024-10-01,customer1510@gmail.com,United Kingdom,57.0,Electronics,136.06,4,0.15,Credit Card,5.0
1512,2024-05-25,customer1511@protonmail.com,Australia,48.0,Clothing,52.79,1,0.15,Credit Card,4.0
1513,2023-04-15,customer1512@yahoo.com,United States,65.0,Home & Kitchen,52.55,5,0.2,PayPal,3.0
1514,2024-08-20,customer1513@protonmail.com,United States,39.0,Office Supplies,71.67,4,0.1,Credit Card,4.0
1515,2024-10-18,customer1514@outlook.com,India,32.0,Toys,71.47,1,0.2,Credit Card,5.0
1516,2024-06-19,customer1515@outlook.com,Japan,59.0,Clothing,69.76,5,0.25,PayPal,5.0
1517,2023-04-22,customer1516@outlook.com,Mexico,68.0,Sports & Outdoors,21.3,1,0.2,Credit Card,3.0
1518,2024-01-17,customer1517@gmail.com,India,60.0,Books,119.0,1,0.25,Debit Card,
1519,2023-02-09,customer1518@hotmail.com,Mexico,18.0,Home & Kitchen,81.03,4,0.1,Credit Card,5.0
1520,2024-07-18,customer1519@outlook.com,Canada,33.0,Clothing,8.45,5,0.05,Credit Card,5.0
1521,2024-11-29,customer1520@yahoo.com,Brazil,74.0,Home & Kitchen,15.33,1,0.0,Gift Card,2.0
1522,2023-01-27,customer1521@outlook.com,Japan,18.0,Sports & Outdoors,135.35,4,0.1,PayPal,4.0
1523,2023-03-21,customer1522@yahoo.com,United Kingdom,44.0,Grocery,46.36,5,0.15,Credit Card,5.0
1524,2024-11-11,customer1523@gmail.com,Canada,62.0,Home & Kitchen,68.49,1,0.0,Credit Card,4.0
1525,2024-08-06,customer1524@hotmail.com,Germany,67.0,Sports & Outdoors,33.12,1,0.0,Debit Card,5.0
1526,2024-08-23,customer1525@protonmail.com,India,57.0,Beauty,249.04,2,0.2,Debit Card,5.0
1527,2023-06-02,customer1526@protonmail.com,France,68.0,Clothing,62.25,2,0.0,Debit Card,2.0
1528,2024-04-10,customer1527@protonmail.com,United Kingdom,24.0,Books,47.82,2,0.15,Credit Card,
1529,2024-08-28,customer1528@gmail.com,Australia,34.0,Clothing,113.93,4,0.25,Gift Card,4.0
1530,2023-02-20,customer1529@hotmail.com,Japan,20.0,Clothing,29.41,2,0.25,PayPal,5.0
1531,2023-07-27,customer1530@gmail.com,Japan,63.0,Clothing,123.09,3,0.0,PayPal,3.0
1532,2023-08-04,customer1531@outlook.com,Australia,55.0,Home & Kitchen,58.4,2,0.1,Gift Card,5.0
1533,2024-01-31,customer1532@protonmail.com,Germany,69.0,Books,100.83,2,0.25,Credit Card,
1534,2023-07-05,customer1533@yahoo.com,Germany,,Beauty,77.59,5,0.15,Credit Card,4.0
1535,2023-09-07,customer1534@outlook.com,Germany,53.0,Clothing,55.96,2,0.0,Credit Card,4.0
1536,2023-07-07,customer1535@protonmail.com,Mexico,61.0,Office Supplies,21.17,2,0.0,Credit Card,5.0
1537,2023-02-16,customer1536@hotmail.com,France,42.0,Home & Kitchen,71.18,2,0.1,Credit Card,5.0
1538,2024-05-05,customer1537@outlook.com,Mexico,67.0,Clothing,38.23,5,0.1,Gift Card,5.0
1539,2024-04-11,customer1538@protonmail.com,Germany,74.0,Sports & Outdoors,69.93,5,0.0,Gift Card,5.0
1540,2024-10-01,customer1539@yahoo.com,Germany,55.0,Toys,107.84,3,0.05,Debit Card,
1541,2024-02-25,customer1540@outlook.com,Germany,38.0,Office Supplies,89.46,3,0.05,PayPal,
1542,2024-05-12,customer1541@protonmail.com,Germany,54.0,Clothing,6.77,3,0.1,Credit Card,4.0
1543,2023-09-20,customer1542@hotmail.com,Germany,71.0,Clothing,52.5,3,0.0,Credit Card,5.0
1544,2023-10-11,customer1543@protonmail.com,Japan,47.0,Toys,43.15,4,0.0,Debit Card,5.0
1545,2023-10-29,customer1544@yahoo.com,Mexico,61.0,Toys,46.75,1,0.2,PayPal,3.0
1546,2024-12-08,customer1545@yahoo.com,United Kingdom,50.0,Grocery,74.12,5,0.0,PayPal,3.0
1547,2023-12-11,customer1546@outlook.com,Germany,43.0,Grocery,48.39,4,0.2,Debit Card,5.0
1548,2024-09-21,customer1547@outlook.com,Germany,73.0,Electronics,37.83,5,0.2,Gift Card,4.0
1549,2023-08-23,customer1548@outlook.com,United Kingdom,38.0,Beauty,26.12,3,0.2,Credit Card,4.0
1550,2024-05-15,customer1549@outlook.com,United States,20.0,Beauty,50.83,1,0.1,Credit Card,5.0
1551,2023-07-20,customer1550@yahoo.com,United States,63.0,Toys,103.13,2,0.0,Credit Card,4.0
1552,2023-10-18,customer1551@protonmail.com,United States,48.0,Clothing,106.18,2,0.0,Gift Card,4.0
1553,2024-09-18,customer1552@protonmail.com,Canada,19.0,Automotive,78.48,4,0.1,Debit Card,
1554,2024-05-14,customer1553@outlook.com,Japan,32.0,Beauty,12.89,1,0.2,Debit Card,4.0
1555,2023-12-21,customer1554@gmail.com,Canada,61.0,Home & Kitchen,73.89,1,0.2,Bank Transfer,4.0
1556,2023-10-25,customer1555@outlook.com,Germany,59.0,Clothing,144.64,1,0.0,Debit Card,5.0
1557,2024-08-06,customer1556@yahoo.com,France,46.0,Beauty,27.84,4,0.25,Credit Card,5.0
1558,2023-04-24,customer1557@outlook.com,United States,60.0,Automotive,49.46,1,0.0,Credit Card,
1559,2024-09-11,customer1558@yahoo.com,France,74.0,Books,103.72,4,0.0,Debit Card,
1560,2024-03-27,customer1559@protonmail.com,Mexico,33.0,Automotive,14.41,4,0.0,PayPal,4.0
1561,2023-08-29,customer1560@hotmail.com,United States,29.0,Clothing,50.16,3,0.0,Gift Card,5.0
1562,2024-05-24,customer1561@gmail.com,United Kingdom,61.0,Clothing,163.41,1,0.0,Credit Card,5.0
1563,2024-12-24,customer1562@yahoo.com,United States,39.0,Sports & Outdoors,152.96,1,0.0,PayPal,4.0
1564,2023-09-12,customer1563@hotmail.com,United Kingdom,54.0,Electronics,153.62,5,0.2,Credit Card,
1565,2023-10-15,customer1564@gmail.com,India,47.0,Electronics,50.67,4,0.0,PayPal,4.0
1566,2024-11-09,customer1565@gmail.com,Australia,71.0,Beauty,134.56,4,0.15,Credit Card,5.0
1567,2023-09-09,customer1566@outlook.com,Germany,22.0,Home & Kitchen,75.58,5,0.25,Credit Card,4.0
1568,2024-09-15,customer1567@yahoo.com,India,64.0,Electronics,36.82,3,0.15,Credit Card,4.0
1569,2024-10-18,customer1568@gmail.com,Mexico,71.0,Electronics,44.17,5,0.05,Gift Card,5.0
1570,2024-03-01,customer1569@hotmail.com,India,,Home & Kitchen,85.26,3,0.1,Credit Card,
1571,2023-03-01,customer1570@hotmail.com,Australia,73.0,Home & Kitchen,13.26,5,0.1,Credit Card,4.0
1572,2023-02-13,customer1571@hotmail.com,Germany,26.0,Clothing,59.68,4,0.05,Credit Card,4.0
1573,2023-07-25,customer1572@gmail.com,Australia,72.0,Office Supplies,70.62,2,0.2,Bank Transfer,4.0
1574,2023-01-13,customer1573@protonmail.com,Brazil,74.0,Sports & Outdoors,94.85,1,0.15,Debit Card,3.0
1575,2024-07-10,customer1574@gmail.com,France,71.0,Beauty,17.03,5,0.0,Gift Card,1.0
1576,2024-04-12,customer1575@outlook.com,Australia,63.0,Electronics,60.16,2,0.15,Credit Card,5.0
1577,2023-11-28,customer1576@protonmail.com,Brazil,38.0,Home & Kitchen,111.52,5,0.0,Debit Card,4.0
1578,2024-08-17,customer1577@protonmail.com,Australia,66.0,Automotive,188.31,1,0.1,Debit Card,5.0
1579,2023-04-08,customer1578@protonmail.com,Brazil,18.0,Sports & Outdoors,36.84,3,0.0,Credit Card,4.0
1580,2024-01-01,customer1579@outlook.com,France,60.0,Grocery,134.08,1,0.05,Debit Card,2.0
1581,2023-09-05,customer1580@outlook.com,India,28.0,Clothing,107.87,1,0.0,Credit Card,4.0
1582,2023-01-18,customer1581@yahoo.com,Canada,66.0,Toys,146.84,3,0.0,Credit Card,2.0
1583,2023-12-16,customer1582@protonmail.com,Japan,29.0,Books,14.01,3,0.2,Credit Card,4.0
1584,2023-04-16,customer1583@outlook.com,India,52.0,Home & Kitchen,98.4,2,0.0,Debit Card,5.0
1585,2023-02-03,customer1584@hotmail.com,France,25.0,Grocery,132.25,2,0.0,Debit Card,4.0
1586,2023-06-04,customer1585@gmail.com,Australia,18.0,Clothing,65.15,2,0.0,Debit Card,4.0
1587,2023-05-23,customer1586@yahoo.com,Japan,19.0,Books,53.81,2,0.0,Gift Card,5.0
1588,2024-04-03,customer1587@outlook.com,France,44.0,Electronics,71.12,4,0.15,Debit Card,4.0
1589,2024-08-01,customer1588@protonmail.com,France,66.0,Sports & Outdoors,126.14,2,0.1,Debit Card,3.0
1590,2023-12-21,customer1589@outlook.com,Japan,32.0,Grocery,38.19,4,0.0,Credit Card,4.0
1591,2024-04-13,customer1590@gmail.com,Brazil,29.0,Clothing,36.24,4,0.0,PayPal,5.0
1592,2023-03-16,customer1591@yahoo.com,France,35.0,Office Supplies,10.13,2,0.15,Credit Card,4.0
1593,2024-07-28,customer1592@outlook.com,India,27.0,Home & Kitchen,61.04,1,0.0,Credit Card,4.0
1594,2024-01-02,customer1593@outlook.com,India,33.0,Automotive,23.86,1,0.1,Debit Card,3.0
1595,2023-11-09,customer1594@yahoo.com,Brazil,39.0,Beauty,61.82,3,0.0,Gift Card,5.0
1596,2024-09-26,customer1595@hotmail.com,Canada,53.0,Automotive,33.12,1,0.05,Credit Card,4.0
1597,2023-08-18,customer1596@hotmail.com,Germany,52.0,Beauty,45.49,1,0.2,Debit Card,
1598,2023-11-17,customer1597@outlook.com,United States,62.0,Books,50.5,3,0.15,Credit Card,4.0
1599,2024-11-07,customer1598@protonmail.com,Mexico,39.0,Clothing,73.06,2,0.05,Credit Card,5.0
1600,2023-04-20,customer1599@yahoo.com,Australia,67.0,Grocery,76.72,3,0.0,Debit Card,4.0
1601,2024-01-16,customer1600@yahoo.com,Germany,59.0,Grocery,56.14,4,0.0,Credit Card,4.0
1602,2024-02-26,customer1601@protonmail.com,United Kingdom,67.0,Toys,48.65,4,0.25,PayPal,
1603,2024-05-26,customer1602@gmail.com,Japan,59.0,Beauty,45.08,2,0.25,Credit Card,4.0
1604,2024-11-09,customer1603@protonmail.com,Canada,19.0,Books,19.14,1,0.0,Debit Card,4.0
1605,2023-09-09,customer1604@gmail.com,Germany,30.0,Home & Kitchen,126.24,1,0.15,Credit Card,3.0
1606,2023-03-26,customer1605@yahoo.com,United States,60.0,Electronics,36.88,5,0.2,Credit Card,4.0
1607,2023-10-19,customer1606@gmail.com,Brazil,27.0,Sports & Outdoors,66.56,1,0.05,Debit Card,4.0
1608,2023-04-25,customer1607@outlook.com,Brazil,71.0,Sports & Outdoors,26.89,2,0.0,Credit Card,5.0
1609,2024-06-15,customer1608@yahoo.com,Brazil,33.0,Sports & Outdoors,97.03,5,0.0,Credit Card,4.0
1610,2024-02-18,customer1609@yahoo.com,Mexico,62.0,Toys,67.75,2,0.05,Credit Card,3.0
1611,2024-07-06,customer1610@gmail.com,France,34.0,Clothing,80.35,1,0.0,Credit Card,5.0
1612,2023-09-06,customer1611@protonmail.com,Japan,24.0,Home & Kitchen,26.14,5,0.05,PayPal,4.0
1613,2024-11-27,customer1612@hotmail.com,India,32.0,Electronics,82.77,4,0.0,Gift Card,
1614,2024-10-15,customer1613@hotmail.com,Brazil,72.0,Electronics,14.39,5,0.0,Credit Card,5.0
1615,2024-10-30,customer1614@gmail.com,France,47.0,Sports & Outdoors,41.77,4,0.0,Credit Card,5.0
1616,2024-06-04,customer1615@hotmail.com,India,46.0,Beauty,238.96,3,0.0,Credit Card,5.0
1617,2023-05-17,customer1616@hotmail.com,Brazil,50.0,Automotive,28.74,4,0.0,PayPal,4.0
1618,2023-04-18,customer1617@gmail.com,India,50.0,Electronics,67.1,1,0.05,Credit Card,2.0
1619,2024-11-29,customer1618@protonmail.com,France,60.0,Grocery,131.32,1,0.25,Credit Card,
1620,2024-09-27,customer1619@gmail.com,Germany,34.0,Toys,91.09,3,0.2,Debit Card,3.0
1621,2024-10-04,customer1620@protonmail.com,Brazil,18.0,Clothing,147.41,3,0.1,PayPal,5.0
1622,2024-04-13,customer1621@protonmail.com,United States,66.0,Beauty,68.92,4,0.1,Debit Card,3.0
1623,2024-09-17,customer1622@yahoo.com,India,37.0,Office Supplies,98.22,5,0.0,PayPal,2.0
1624,2023-12-27,customer1623@outlook.com,Japan,,Clothing,116.5,2,0.0,Credit Card,4.0
1625,2023-04-29,customer1624@gmail.com,India,53.0,Sports & Outdoors,115.72,2,0.1,Credit Card,
1626,2023-07-07,customer1625@gmail.com,Mexico,64.0,Home & Kitchen,25.19,1,0.0,Debit Card,4.0
1627,2024-09-13,customer1626@outlook.com,Brazil,60.0,Home & Kitchen,36.3,5,0.0,PayPal,4.0
1628,2024-04-19,customer1627@outlook.com,India,29.0,Electronics,108.7,3,0.25,Credit Card,4.0
1629,2024-12-29,customer1628@gmail.com,Japan,28.0,Electronics,148.4,2,0.0,Credit Card,4.0
1630,2024-10-17,customer1629@hotmail.com,United States,25.0,Beauty,34.58,4,0.0,Credit Card,4.0
1631,2024-07-08,customer1630@protonmail.com,Germany,32.0,Electronics,38.1,3,0.1,Gift Card,4.0
1632,2023-01-29,customer1631@yahoo.com,Mexico,73.0,Sports & Outdoors,90.48,3,0.15,Credit Card,4.0
1633,2023-05-16,customer1632@hotmail.com,United Kingdom,,Grocery,48.64,5,0.0,Gift Card,3.0
1634,2023-10-01,customer1633@outlook.com,United States,67.0,Grocery,112.7,2,0.0,Gift Card,2.0
1635,2023-01-27,customer1634@outlook.com,France,41.0,Home & Kitchen,95.22,4,0.0,Debit Card,5.0
1636,2024-11-14,customer1635@yahoo.com,Australia,66.0,Electronics,121.88,5,0.05,Gift Card,3.0
1637,2023-06-16,customer1636@protonmail.com,France,67.0,Clothing,53.45,5,0.05,Credit Card,5.0
1638,2023-10-07,customer1637@outlook.com,India,62.0,Home & Kitchen,46.88,5,0.0,Credit Card,2.0
1639,2024-05-07,customer1638@protonmail.com,Canada,36.0,Clothing,38.56,2,0.25,Debit Card,5.0
1640,2023-01-27,customer1639@protonmail.com,France,24.0,Toys,146.3,4,0.25,PayPal,5.0
1641,2024-04-09,customer1640@gmail.com,Australia,47.0,Sports & Outdoors,26.12,3,0.2,Bank Transfer,4.0
1642,2023-03-16,customer1641@outlook.com,Japan,47.0,Home & Kitchen,23.82,1,0.1,Debit Card,4.0
1643,2024-10-20,customer1642@gmail.com,India,32.0,Home & Kitchen,70.19,3,0.25,Credit Card,5.0
1644,2024-05-19,customer1643@protonmail.com,United Kingdom,24.0,Grocery,46.32,2,0.0,Credit Card,5.0
1645,2023-09-03,customer1644@yahoo.com,India,44.0,Office Supplies,117.05,3,0.15,Debit Card,5.0
1646,2024-05-26,customer1645@gmail.com,Mexico,42.0,Sports & Outdoors,22.38,4,0.1,PayPal,5.0
1647,2023-08-18,customer1646@yahoo.com,Mexico,29.0,Toys,57.13,4,0.1,Debit Card,2.0
1648,2023-03-25,customer1647@hotmail.com,United States,27.0,Sports & Outdoors,16.33,4,0.0,Gift Card,5.0
1649,2023-01-08,customer1648@gmail.com,Germany,45.0,Electronics,51.36,3,0.0,Credit Card,5.0
1650,2023-06-10,customer1649@outlook.com,Japan,45.0,Automotive,69.19,3,0.25,Debit Card,5.0
1651,2024-05-31,customer1650@protonmail.com,United Kingdom,46.0,Home & Kitchen,62.43,5,0.0,Credit Card,3.0
1652,2024-02-16,customer1651@yahoo.com,United States,56.0,Sports & Outdoors,59.78,2,0.0,Debit Card,5.0
1653,2023-07-19,customer1652@gmail.com,United Kingdom,53.0,Home & Kitchen,95.76,2,0.15,PayPal,2.0
1654,2024-05-16,customer1653@outlook.com,United States,65.0,Beauty,33.23,5,0.25,Debit Card,5.0
1655,2023-10-11,customer1654@hotmail.com,Brazil,69.0,Beauty,81.39,5,0.05,Debit Card,5.0
1656,2023-04-25,customer1655@yahoo.com,United Kingdom,22.0,Beauty,58.37,2,0.2,Credit Card,4.0
1657,2024-05-10,customer1656@hotmail.com,Japan,38.0,Clothing,51.92,5,0.1,Gift Card,
1658,2023-11-30,customer1657@protonmail.com,United States,68.0,Sports & Outdoors,86.81,5,0.0,Debit Card,
1659,2024-04-30,customer1658@hotmail.com,Brazil,70.0,Toys,72.57,5,0.1,PayPal,4.0
1660,2024-02-15,customer1659@hotmail.com,United Kingdom,28.0,Beauty,84.48,3,0.25,Credit Card,2.0
1661,2023-03-15,customer1660@yahoo.com,United Kingdom,30.0,Books,182.33,4,0.25,Credit Card,4.0
1662,2023-02-06,customer1661@yahoo.com,Canada,71.0,Books,57.99,4,0.25,Debit Card,4.0
1663,2023-03-15,customer1662@protonmail.com,United States,26.0,Sports & Outdoors,24.48,1,0.0,Debit Card,4.0
1664,2023-06-13,customer1663@outlook.com,Mexico,45.0,Electronics,33.91,1,0.2,Debit Card,4.0
1665,2023-06-13,customer1664@gmail.com,Mexico,66.0,Sports & Outdoors,145.57,5,0.05,Credit Card,5.0
1666,2024-11-01,customer1665@gmail.com,United States,21.0,Electronics,50.62,2,0.05,Debit Card,3.0
1667,2024-07-25,customer1666@protonmail.com,United Kingdom,68.0,Beauty,95.4,1,0.05,Credit Card,5.0
1668,2024-10-04,customer1667@gmail.com,Japan,63.0,Clothing,62.31,5,0.15,Credit Card,4.0
1669,2023-12-13,customer1668@protonmail.com,Australia,68.0,Grocery,29.85,2,0.1,PayPal,3.0
1670,2023-08-24,customer1669@yahoo.com,Japan,20.0,Electronics,72.04,4,0.0,PayPal,3.0
1671,2023-10-22,customer1670@protonmail.com,Mexico,28.0,Books,40.09,4,0.05,Credit Card,5.0
1672,2024-09-25,customer1671@outlook.com,India,53.0,Electronics,43.59,3,0.25,Bank Transfer,4.0
1673,2023-09-17,customer1672@hotmail.com,Germany,37.0,Grocery,62.55,4,0.0,Bank Transfer,4.0
1674,2024-04-06,customer1673@hotmail.com,Germany,63.0,Electronics,18.69,3,0.0,Debit Card,5.0
1675,2023-04-16,customer1674@outlook.com,Germany,18.0,Books,94.08,3,0.0,PayPal,4.0
1676,2024-12-17,customer1675@protonmail.com,Canada,44.0,Electronics,47.0,1,0.15,Debit Card,5.0
1677,2024-04-13,customer1676@hotmail.com,Australia,29.0,Grocery,101.8,1,0.2,Credit Card,3.0
1678,2024-12-06,customer1677@outlook.com,Canada,56.0,Home & Kitchen,99.55,4,0.2,Credit Card,4.0
1679,2023-08-04,customer1678@yahoo.com,Canada,52.0,Toys,56.58,5,0.0,Credit Card,4.0
1680,2024-03-26,customer1679@gmail.com,Canada,50.0,Electronics,69.22,1,0.25,Credit Card,3.0
1681,2023-07-20,customer1680@yahoo.com,Brazil,51.0,Clothing,81.91,2,0.25,Gift Card,5.0
1682,2023-12-08,customer1681@hotmail.com,Australia,22.0,Electronics,50.43,2,0.2,Bank Transfer,3.0
1683,2023-08-24,customer1682@hotmail.com,Germany,32.0,Toys,15.45,1,0.2,Debit Card,2.0
1684,2023-04-14,customer1683@yahoo.com,Australia,57.0,Electronics,71.69,3,0.2,Debit Card,4.0
1685,2023-11-19,customer1684@outlook.com,Brazil,32.0,Office Supplies,116.14,5,0.0,Gift Card,5.0
1686,2024-01-23,customer1685@outlook.com,Brazil,72.0,Clothing,39.12,4,0.15,PayPal,4.0
1687,2023-04-25,customer1686@gmail.com,France,22.0,Sports & Outdoors,105.13,5,0.25,Credit Card,3.0
1688,2023-10-18,customer1687@outlook.com,India,37.0,Home & Kitchen,27.15,3,0.1,Bank Transfer,2.0
1689,2023-03-10,customer1688@protonmail.com,Germany,38.0,Home & Kitchen,54.12,4,0.25,Debit Card,5.0
1690,2024-04-16,customer1689@yahoo.com,India,25.0,Grocery,59.48,5,0.0,Credit Card,5.0
1691,2023-08-17,customer1690@hotmail.com,Canada,74.0,Beauty,63.4,3,0.1,Credit Card,5.0
1692,2023-03-07,customer1691@yahoo.com,Canada,32.0,Sports & Outdoors,35.18,4,0.25,PayPal,5.0
1693,2024-01-10,customer1692@gmail.com,Brazil,69.0,Beauty,27.42,1,0.1,Credit Card,5.0
1694,2024-09-01,customer1693@yahoo.com,Brazil,54.0,Electronics,55.47,5,0.05,Gift Card,4.0
1695,2024-12-24,customer1694@outlook.com,India,49.0,Office Supplies,88.3,5,0.0,PayPal,5.0
1696,2024-12-06,customer1695@gmail.com,United States,74.0,Books,38.72,3,0.2,Credit Card,3.0
1697,2023-05-07,customer1696@hotmail.com,Mexico,19.0,Grocery,58.47,1,0.25,Credit Card,5.0
1698,2023-06-02,customer1697@hotmail.com,India,64.0,Beauty,182.4,2,0.05,Debit Card,4.0
1699,2024-10-13,customer1698@outlook.com,Australia,66.0,Home & Kitchen,75.23,2,0.05,Credit Card,5.0
1700,2024-04-06,customer1699@yahoo.com,Australia,62.0,Toys,55.31,5,0.05,Debit Card,4.0
1701,2024-02-01,customer1700@gmail.com,Canada,51.0,Office Supplies,61.9,1,0.15,Bank Transfer,4.0
1702,2024-08-08,customer1701@hotmail.com,Japan,38.0,Electronics,162.49,1,0.05,Debit Card,5.0
1703,2023-02-17,customer1702@yahoo.com,Brazil,,Clothing,90.07,5,0.15,Debit Card,4.0
1704,2024-02-09,customer1703@outlook.com,Japan,52.0,Sports & Outdoors,40.17,5,0.25,Gift Card,4.0
1705,2024-02-22,customer1704@yahoo.com,United Kingdom,43.0,Clothing,94.84,2,0.0,Bank Transfer,1.0
1706,2024-11-13,customer1705@yahoo.com,Australia,41.0,Clothing,31.47,1,0.0,Gift Card,5.0
1707,2023-12-08,customer1706@outlook.com,Canada,72.0,Beauty,67.84,5,0.1,Credit Card,3.0
1708,2024-01-09,customer1707@yahoo.com,Australia,21.0,Automotive,127.73,5,0.1,Credit Card,5.0
1709,2024-08-07,customer1708@outlook.com,India,30.0,Toys,68.27,4,0.05,Debit Card,5.0
1710,2023-07-17,customer1709@protonmail.com,Mexico,46.0,Office Supplies,29.83,4,0.0,Credit Card,5.0
1711,2023-02-21,customer1710@yahoo.com,Brazil,72.0,Electronics,64.38,5,0.0,Debit Card,4.0
1712,2023-12-11,customer1711@outlook.com,Germany,49.0,Home & Kitchen,127.17,4,0.05,PayPal,4.0
1713,2024-03-21,customer1712@yahoo.com,Germany,45.0,Electronics,38.26,1,0.15,Gift Card,4.0
1714,2023-12-23,customer1713@gmail.com,Brazil,66.0,Clothing,94.0,4,0.1,Credit Card,2.0
1715,2024-05-30,customer1714@outlook.com,United States,60.0,Sports & Outdoors,131.18,1,0.2,PayPal,5.0
1716,2023-07-05,customer1715@hotmail.com,Germany,61.0,Home & Kitchen,80.86,1,0.0,Debit Card,5.0
1717,2023-01-11,customer1716@yahoo.com,Australia,54.0,Clothing,65.98,3,0.25,PayPal,5.0
1718,2024-07-28,customer1717@yahoo.com,United States,43.0,Sports & Outdoors,40.44,2,0.15,Credit Card,5.0
1719,2024-09-13,customer1718@hotmail.com,India,51.0,Sports & Outdoors,43.85,3,0.15,Credit Card,5.0
1720,2024-03-26,customer1719@outlook.com,Germany,46.0,Sports & Outdoors,54.99,2,0.2,PayPal,4.0
1721,2023-08-18,customer1720@outlook.com,India,44.0,Sports & Outdoors,95.36,5,0.25,Debit Card,4.0
1722,2023-09-28,customer1721@yahoo.com,Canada,63.0,Office Supplies,207.48,5,0.2,PayPal,4.0
1723,2023-12-17,customer1722@outlook.com,United States,51.0,Beauty,38.54,5,0.05,Credit Card,2.0
1724,2023-11-04,customer1723@gmail.com,France,34.0,Automotive,88.18,3,0.15,Credit Card,2.0
1725,2023-06-13,customer1724@outlook.com,Mexico,54.0,Office Supplies,113.88,3,0.05,Credit Card,1.0
1726,2023-09-29,customer1725@outlook.com,United States,38.0,Grocery,65.33,1,0.0,PayPal,
1727,2023-08-06,customer1726@gmail.com,Canada,64.0,Electronics,63.67,5,0.25,Debit Card,4.0
1728,2023-11-23,customer1727@outlook.com,Brazil,69.0,Books,22.24,2,0.1,Debit Card,2.0
1729,2023-10-02,customer1728@hotmail.com,Canada,52.0,Clothing,71.69,2,0.2,Credit Card,3.0
1730,2024-01-21,customer1729@outlook.com,Australia,61.0,Electronics,61.89,5,0.15,Credit Card,5.0
1731,2024-08-11,customer1730@protonmail.com,United States,26.0,Toys,51.48,5,0.0,Credit Card,4.0
1732,2023-08-30,customer1731@protonmail.com,United States,71.0,Home & Kitchen,78.78,5,0.2,Credit Card,5.0
1733,2023-02-12,customer1732@gmail.com,Germany,56.0,Toys,33.31,1,0.0,Gift Card,3.0
1734,2024-08-20,customer1733@yahoo.com,Japan,68.0,Grocery,37.82,5,0.15,Credit Card,4.0
1735,2023-05-16,customer1734@yahoo.com,Australia,61.0,Clothing,72.61,3,0.2,Credit Card,3.0
1736,2024-11-08,customer1735@outlook.com,Mexico,61.0,Office Supplies,145.42,1,0.15,PayPal,5.0
1737,2024-01-21,customer1736@outlook.com,United States,23.0,Beauty,57.73,1,0.05,Bank Transfer,5.0
1738,2024-01-17,customer1737@protonmail.com,United States,32.0,Grocery,65.46,4,0.15,Debit Card,4.0
1739,2023-10-26,customer1738@yahoo.com,Brazil,37.0,Electronics,64.14,5,0.0,Credit Card,3.0
1740,2024-06-03,customer1739@outlook.com,Germany,47.0,Office Supplies,32.35,3,0.2,Debit Card,3.0
1741,2024-04-21,customer1740@outlook.com,United Kingdom,41.0,Electronics,53.34,4,0.1,Credit Card,3.0
1742,2024-11-10,customer1741@hotmail.com,India,41.0,Grocery,70.58,4,0.1,Credit Card,5.0
1743,2023-01-13,customer1742@outlook.com,Germany,48.0,Electronics,69.66,3,0.0,PayPal,3.0
1744,2023-05-21,customer1743@outlook.com,United States,,Electronics,82.48,5,0.0,PayPal,3.0
1745,2023-07-22,customer1744@gmail.com,United States,50.0,Clothing,31.38,2,0.0,Credit Card,4.0
1746,2023-05-19,customer1745@yahoo.com,Mexico,62.0,Beauty,42.68,2,0.2,PayPal,5.0
1747,2024-11-23,customer1746@outlook.com,Canada,53.0,Automotive,18.69,3,0.0,Debit Card,3.0
1748,2023-02-23,customer1747@protonmail.com,Mexico,40.0,Sports & Outdoors,133.39,3,0.15,Debit Card,3.0
1749,2023-03-30,customer1748@gmail.com,Canada,72.0,Beauty,48.83,2,0.25,Credit Card,2.0
1750,2023-11-19,customer1749@yahoo.com,Germany,26.0,Home & Kitchen,74.81,2,0.15,Bank Transfer,2.0
1751,2023-07-12,customer1750@hotmail.com,United States,,Office Supplies,63.19,2,0.0,Credit Card,
1752,2023-08-30,customer1751@outlook.com,France,37.0,Clothing,10.18,3,0.0,Credit Card,5.0
1753,2024-03-16,customer1752@yahoo.com,Mexico,48.0,Automotive,27.42,4,0.0,Credit Card,
1754,2024-02-14,customer1753@hotmail.com,Mexico,64.0,Grocery,61.54,2,0.0,PayPal,3.0
1755,2024-09-22,customer1754@gmail.com,Germany,51.0,Clothing,87.49,4,0.1,Gift Card,3.0
1756,2023-11-26,customer1755@outlook.com,United States,46.0,Clothing,83.51,2,0.2,Credit Card,3.0
1757,2024-11-15,customer1756@protonmail.com,Japan,35.0,Sports & Outdoors,24.76,1,0.1,Credit Card,2.0
1758,2023-05-19,customer1757@outlook.com,Germany,18.0,Office Supplies,32.23,2,0.0,Gift Card,5.0
1759,2023-05-22,customer1758@hotmail.com,India,40.0,Sports & Outdoors,79.25,5,0.2,PayPal,
1760,2023-10-13,customer1759@hotmail.com,United States,53.0,Grocery,83.08,2,0.05,Bank Transfer,4.0
1761,2023-03-27,customer1760@hotmail.com,United States,64.0,Office Supplies,23.71,4,0.1,PayPal,3.0
1762,2023-01-22,customer1761@hotmail.com,Brazil,27.0,Clothing,78.99,3,0.1,PayPal,3.0
1763,2023-09-29,customer1762@protonmail.com,Japan,32.0,Toys,61.27,4,0.15,Debit Card,3.0
1764,2024-01-28,customer1763@outlook.com,Japan,24.0,Sports & Outdoors,54.45,4,0.0,Credit Card,5.0
1765,2023-07-22,customer1764@yahoo.com,Australia,58.0,Home & Kitchen,147.92,5,0.0,Debit Card,5.0
1766,2023-07-17,customer1765@outlook.com,India,35.0,Grocery,57.79,5,0.1,Credit Card,3.0
1767,2023-03-12,customer1766@outlook.com,Japan,68.0,Home & Kitchen,45.03,2,0.05,Debit Card,3.0
1768,2023-03-24,customer1767@gmail.com,Canada,61.0,Beauty,98.86,2,0.0,Debit Card,5.0
1769,2024-10-06,customer1768@protonmail.com,India,72.0,Books,96.5,2,0.25,Credit Card,4.0
1770,2023-02-18,customer1769@hotmail.com,Australia,20.0,Grocery,129.31,4,0.0,Debit Card,3.0
1771,2024-05-27,customer1770@yahoo.com,Canada,67.0,Books,92.86,3,0.0,Credit Card,5.0
1772,2024-06-05,customer1771@protonmail.com,Brazil,29.0,Toys,90.76,5,0.25,PayPal,5.0
1773,2023-05-29,customer1772@yahoo.com,Japan,51.0,Home & Kitchen,64.32,4,0.0,Credit Card,4.0
1774,2023-06-30,customer1773@yahoo.com,United Kingdom,29.0,Grocery,197.12,3,0.1,Debit Card,5.0
1775,2023-09-26,customer1774@yahoo.com,Canada,54.0,Clothing,33.42,2,0.1,Credit Card,5.0
1776,2024-04-25,customer1775@yahoo.com,India,64.0,Toys,84.46,4,0.25,Credit Card,4.0
1777,2023-01-27,customer1776@hotmail.com,India,43.0,Grocery,30.99,5,0.25,Debit Card,5.0
1778,2024-08-18,customer1777@protonmail.com,Canada,32.0,Books,64.24,5,0.05,Debit Card,4.0
1779,2023-09-06,customer1778@outlook.com,Japan,45.0,Home & Kitchen,63.12,3,0.0,PayPal,3.0
1780,2023-12-31,customer1779@outlook.com,Canada,51.0,Home & Kitchen,64.15,4,0.2,Credit Card,5.0
1781,2024-10-26,customer1780@protonmail.com,Mexico,60.0,Toys,17.51,5,0.15,PayPal,3.0
1782,2023-04-08,customer1781@hotmail.com,United Kingdom,25.0,Home & Kitchen,48.7,1,0.0,Credit Card,3.0
1783,2024-11-22,customer1782@gmail.com,Canada,20.0,Clothing,217.58,1,0.0,Debit Card,5.0
1784,2024-03-24,customer1783@outlook.com,Brazil,63.0,Home & Kitchen,68.54,1,0.0,Debit Card,4.0
1785,2023-11-08,customer1784@hotmail.com,Mexico,24.0,Clothing,110.83,2,0.2,Credit Card,2.0
1786,2023-02-22,customer1785@outlook.com,Brazil,32.0,Books,78.91,2,0.0,Credit Card,5.0
1787,2023-02-19,customer1786@gmail.com,India,68.0,Books,184.56,1,0.25,Credit Card,1.0
1788,2024-08-19,customer1787@yahoo.com,India,44.0,Toys,79.42,4,0.0,Credit Card,3.0
1789,2023-10-21,customer1788@protonmail.com,United Kingdom,23.0,Toys,68.78,4,0.1,Credit Card,5.0
1790,2024-07-09,customer1789@hotmail.com,Japan,36.0,Clothing,26.27,4,0.25,Bank Transfer,5.0
1791,2024-08-31,customer1790@hotmail.com,Japan,67.0,Automotive,27.11,4,0.15,Credit Card,4.0
1792,2023-10-21,customer1791@outlook.com,Mexico,55.0,Books,43.69,1,0.1,Gift Card,4.0
1793,2023-08-19,customer1792@outlook.com,Australia,61.0,Grocery,56.7,2,0.05,Gift Card,5.0
1794,2023-07-16,customer1793@outlook.com,Australia,32.0,Toys,29.06,3,0.1,Credit Card,4.0
1795,2024-04-09,customer1794@yahoo.com,India,64.0,Clothing,68.36,2,0.0,PayPal,4.0
1796,2024-06-01,customer1795@outlook.com,Mexico,18.0,Beauty,66.85,3,0.1,Bank Transfer,5.0
1797,2023-09-13,customer1796@protonmail.com,United States,27.0,Electronics,158.5,3,0.0,Credit Card,5.0
1798,2024-02-19,customer1797@protonmail.com,India,47.0,Office Supplies,171.48,4,0.0,Debit Card,5.0
1799,2024-01-30,customer1798@yahoo.com,Germany,67.0,Toys,98.96,2,0.15,PayPal,3.0
1800,2023-04-16,customer1799@protonmail.com,France,73.0,Electronics,100.58,2,0.25,PayPal,5.0
1801,2024-01-19,customer1800@yahoo.com,France,40.0,Clothing,121.38,2,0.05,PayPal,5.0
1802,2024-07-08,customer1801@gmail.com,United States,65.0,Beauty,79.76,2,0.15,Credit Card,5.0
1803,2024-12-03,customer1802@yahoo.com,Australia,32.0,Electronics,125.13,5,0.05,Credit Card,2.0
1804,2023-09-01,customer1803@yahoo.com,Mexico,74.0,Home & Kitchen,24.58,3,0.0,PayPal,5.0
1805,2023-06-24,customer1804@protonmail.com,Brazil,24.0,Automotive,106.89,5,0.25,Credit Card,5.0
1806,2024-10-14,customer1805@gmail.com,France,43.0,Clothing,30.18,1,0.05,Debit Card,5.0
1807,2024-11-02,customer1806@outlook.com,United States,18.0,Electronics,33.12,4,0.0,Debit Card,5.0
1808,2024-08-28,customer1807@protonmail.com,Brazil,50.0,Electronics,120.53,4,0.0,Debit Card,2.0
1809,2023-09-02,customer1808@yahoo.com,Japan,43.0,Sports & Outdoors,40.82,4,0.0,Gift Card,5.0
1810,2023-07-21,customer1809@yahoo.com,France,63.0,Toys,33.9,3,0.15,Debit Card,5.0
1811,2024-04-01,customer1810@hotmail.com,Germany,53.0,Sports & Outdoors,83.05,4,0.0,Debit Card,
1812,2023-07-06,customer1811@hotmail.com,Germany,37.0,Office Supplies,38.11,3,0.1,Bank Transfer,4.0
1813,2024-07-15,customer1812@yahoo.com,United Kingdom,72.0,Electronics,33.93,5,0.0,Credit Card,4.0
1814,2023-10-18,customer1813@hotmail.com,Germany,24.0,Home & Kitchen,22.53,5,0.25,PayPal,5.0
1815,2023-08-27,customer1814@hotmail.com,Canada,21.0,Home & Kitchen,47.56,5,0.25,Credit Card,4.0
1816,2024-08-10,customer1815@hotmail.com,Germany,27.0,Clothing,98.38,1,0.25,Debit Card,5.0
1817,2023-09-17,customer1816@outlook.com,Mexico,50.0,Electronics,106.9,4,0.1,PayPal,5.0
1818,2023-04-06,customer1817@hotmail.com,Australia,72.0,Clothing,54.94,2,0.0,Gift Card,
1819,2024-08-03,customer1818@yahoo.com,Australia,26.0,Grocery,156.64,3,0.0,Debit Card,1.0
1820,2023-08-19,customer1819@yahoo.com,India,63.0,Electronics,85.82,5,0.0,PayPal,3.0
1821,2024-04-23,customer1820@outlook.com,India,61.0,Automotive,121.87,1,0.05,Credit Card,4.0
1822,2024-04-26,customer1821@outlook.com,Australia,34.0,Automotive,44.1,4,0.25,PayPal,3.0
1823,2023-03-02,customer1822@outlook.com,Germany,26.0,Books,52.14,2,0.2,Gift Card,4.0
1824,2023-01-25,customer1823@gmail.com,Australia,62.0,Grocery,57.02,2,0.1,PayPal,5.0
1825,2024-08-21,customer1824@protonmail.com,India,63.0,Beauty,51.71,1,0.15,PayPal,
1826,2023-02-10,customer1825@yahoo.com,Germany,58.0,Clothing,11.25,4,0.05,PayPal,5.0
1827,2023-08-31,customer1826@yahoo.com,Mexico,61.0,Toys,66.24,5,0.1,Credit Card,
1828,2024-07-10,customer1827@gmail.com,France,44.0,Electronics,79.01,3,0.1,PayPal,3.0
1829,2023-05-10,customer1828@yahoo.com,Brazil,39.0,Books,76.01,1,0.1,Debit Card,5.0
1830,2024-01-17,customer1829@protonmail.com,Canada,19.0,Grocery,166.59,4,0.05,Debit Card,4.0
1831,2023-03-26,customer1830@protonmail.com,Mexico,47.0,Toys,174.08,5,0.15,Bank Transfer,5.0
1832,2024-02-12,customer1831@yahoo.com,Brazil,59.0,Clothing,17.69,4,0.1,Debit Card,5.0
1833,2024-06-04,customer1832@yahoo.com,India,28.0,Sports & Outdoors,139.78,4,0.0,Credit Card,2.0
1834,2023-07-01,customer1833@gmail.com,Brazil,34.0,Office Supplies,161.18,1,0.25,PayPal,5.0
1835,2023-07-25,customer1834@yahoo.com,France,50.0,Electronics,13.35,5,0.05,Credit Card,5.0
1836,2024-01-24,customer1835@yahoo.com,United Kingdom,33.0,Clothing,96.12,4,0.1,PayPal,5.0
1837,2024-07-31,customer1836@gmail.com,India,68.0,Electronics,67.34,4,0.1,Gift Card,4.0
1838,2024-02-02,customer1837@yahoo.com,Australia,47.0,Office Supplies,156.48,2,0.0,PayPal,4.0
1839,2024-05-27,customer1838@yahoo.com,United Kingdom,41.0,Toys,150.65,5,0.0,Debit Card,3.0
1840,2023-10-30,customer1839@gmail.com,United Kingdom,33.0,Electronics,266.08,3,0.0,Gift Card,3.0
1841,2023-04-04,customer1840@yahoo.com,Canada,69.0,Sports & Outdoors,98.21,2,0.25,Debit Card,5.0
1842,2024-12-05,customer1841@hotmail.com,Mexico,58.0,Books,87.99,2,0.25,Credit Card,4.0
1843,2024-08-04,customer1842@protonmail.com,Brazil,,Electronics,37.98,2,0.0,PayPal,3.0
1844,2023-02-05,customer1843@hotmail.com,United Kingdom,34.0,Grocery,46.79,5,0.1,PayPal,
1845,2023-07-21,customer1844@hotmail.com,United Kingdom,24.0,Beauty,90.52,5,0.0,Gift Card,4.0
1846,2023-10-30,customer1845@outlook.com,India,63.0,Electronics,45.35,3,0.1,Debit Card,
1847,2023-03-01,customer1846@hotmail.com,Brazil,20.0,Office Supplies,67.06,4,0.15,Credit Card,1.0
1848,2024-09-17,customer1847@protonmail.com,Brazil,42.0,Electronics,19.71,5,0.0,Credit Card,4.0
1849,2023-05-07,customer1848@protonmail.com,United States,50.0,Electronics,70.01,2,0.25,Credit Card,5.0
1850,2023-05-31,customer1849@gmail.com,Mexico,47.0,Clothing,14.88,2,0.25,PayPal,4.0
1851,2023-08-20,customer1850@outlook.com,France,57.0,Electronics,119.43,5,0.25,Debit Card,4.0
1852,2024-11-13,customer1851@hotmail.com,Brazil,19.0,Toys,72.3,2,0.05,Credit Card,5.0
1853,2023-06-14,customer1852@protonmail.com,Canada,30.0,Clothing,42.98,1,0.15,Credit Card,3.0
1854,2023-11-07,customer1853@outlook.com,Japan,19.0,Home & Kitchen,59.09,4,0.25,Credit Card,5.0
1855,2024-05-13,customer1854@yahoo.com,United States,32.0,Office Supplies,45.71,2,0.0,Debit Card,4.0
1856,2023-04-25,customer1855@hotmail.com,France,30.0,Clothing,36.4,2,0.0,PayPal,4.0
1857,2023-03-06,customer1856@protonmail.com,United Kingdom,,Clothing,49.84,4,0.2,Bank Transfer,3.0
1858,2023-03-09,customer1857@yahoo.com,France,37.0,Home & Kitchen,50.08,5,0.0,Debit Card,2.0
1859,2023-05-15,customer1858@yahoo.com,India,50.0,Grocery,55.35,1,0.0,Credit Card,5.0
1860,2023-08-27,customer1859@outlook.com,United States,28.0,Home & Kitchen,10.44,4,0.0,Credit Card,3.0
1861,2024-11-17,customer1860@hotmail.com,France,62.0,Electronics,124.83,2,0.15,Debit Card,4.0
1862,2024-11-02,customer1861@yahoo.com,Mexico,46.0,Automotive,126.29,5,0.05,Debit Card,4.0
1863,2024-02-20,customer1862@hotmail.com,Mexico,68.0,Home & Kitchen,63.62,5,0.0,Credit Card,
1864,2024-11-16,customer1863@yahoo.com,Australia,52.0,Grocery,178.89,1,0.25,Credit Card,5.0
1865,2023-01-22,customer1864@outlook.com,Japan,63.0,Toys,52.24,1,0.25,PayPal,
1866,2024-02-16,customer1865@hotmail.com,Australia,63.0,Grocery,68.92,3,0.05,PayPal,5.0
1867,2023-11-21,customer1866@yahoo.com,France,22.0,Electronics,87.24,1,0.0,Debit Card,3.0
1868,2023-03-28,customer1867@yahoo.com,Canada,47.0,Office Supplies,67.73,2,0.2,Debit Card,3.0
1869,2024-02-08,customer1868@yahoo.com,India,38.0,Home & Kitchen,43.13,1,0.2,Debit Card,4.0
1870,2023-11-30,customer1869@protonmail.com,France,38.0,Electronics,65.84,5,0.2,Credit Card,4.0
1871,2024-07-11,customer1870@hotmail.com,India,40.0,Beauty,24.45,4,0.0,Gift Card,5.0
1872,2023-11-01,customer1871@protonmail.com,United Kingdom,70.0,Electronics,36.52,1,0.0,Credit Card,4.0
1873,2023-11-10,customer1872@yahoo.com,Canada,73.0,Clothing,110.85,4,0.0,Credit Card,4.0
1874,2023-06-18,customer1873@outlook.com,United Kingdom,42.0,Toys,238.86,4,0.1,Debit Card,3.0
1875,2023-12-11,customer1874@outlook.com,Japan,74.0,Electronics,42.1,5,0.0,Debit Card,4.0
1876,2023-02-25,customer1875@protonmail.com,Australia,34.0,Home & Kitchen,57.44,4,0.2,Debit Card,3.0
1877,2024-02-18,customer1876@hotmail.com,Japan,59.0,Books,55.29,3,0.0,Gift Card,2.0
1878,2023-10-06,customer1877@outlook.com,United Kingdom,22.0,Clothing,75.1,5,0.1,Credit Card,5.0
1879,2023-07-19,customer1878@outlook.com,Germany,27.0,Toys,118.88,2,0.0,Credit Card,5.0
1880,2023-09-29,customer1879@gmail.com,Japan,28.0,Beauty,70.73,5,0.0,Credit Card,2.0
1881,2024-10-13,customer1880@yahoo.com,Australia,50.0,Clothing,25.37,2,0.0,Credit Card,4.0
1882,2024-05-28,customer1881@protonmail.com,Germany,57.0,Clothing,44.43,5,0.2,PayPal,4.0
1883,2024-09-14,customer1882@yahoo.com,Germany,19.0,Home & Kitchen,81.41,5,0.25,Debit Card,5.0
1884,2023-10-15,customer1883@yahoo.com,Germany,29.0,Clothing,51.32,2,0.1,Credit Card,1.0
1885,2023-10-15,customer1884@outlook.com,United Kingdom,68.0,Electronics,52.63,4,0.0,PayPal,5.0
1886,2023-01-10,customer1885@gmail.com,Brazil,38.0,Toys,53.57,5,0.25,PayPal,
1887,2024-05-12,customer1886@outlook.com,Canada,58.0,Electronics,62.7,2,0.0,Gift Card,4.0
1888,2023-01-15,customer1887@gmail.com,Japan,19.0,Beauty,34.65,3,0.15,Credit Card,4.0
1889,2024-12-10,customer1888@hotmail.com,United States,42.0,Electronics,109.66,5,0.0,PayPal,
1890,2024-05-16,customer1889@hotmail.com,France,39.0,Electronics,25.23,4,0.05,Credit Card,5.0
1891,2023-12-06,customer1890@outlook.com,France,63.0,Home & Kitchen,80.34,5,0.0,Gift Card,5.0
1892,2024-04-27,customer1891@yahoo.com,Mexico,54.0,Clothing,46.22,2,0.05,Gift Card,4.0
1893,2024-12-26,customer1892@hotmail.com,Japan,22.0,Beauty,67.49,3,0.15,Debit Card,
1894,2023-04-28,customer1893@hotmail.com,Germany,30.0,Beauty,136.99,5,0.25,PayPal,4.0
1895,2024-06-28,customer1894@yahoo.com,Germany,49.0,Office Supplies,135.23,2,0.25,PayPal,3.0
1896,2024-09-24,customer1895@protonmail.com,Brazil,18.0,Clothing,117.17,3,0.25,Debit Card,5.0
1897,2024-03-04,customer1896@outlook.com,India,,Electronics,150.91,3,0.25,Debit Card,5.0
1898,2024-04-28,customer1897@protonmail.com,Brazil,65.0,Grocery,217.28,5,0.05,PayPal,4.0
1899,2024-01-05,customer1898@hotmail.com,Mexico,19.0,Beauty,109.87,4,0.0,Bank Transfer,5.0
1900,2023-04-23,customer1899@protonmail.com,United Kingdom,59.0,Electronics,87.23,3,0.0,PayPal,5.0
1901,2024-12-17,customer1900@yahoo.com,France,49.0,Electronics,34.97,5,0.0,Credit Card,4.0
1902,2023-07-29,customer1901@gmail.com,France,74.0,Books,96.13,4,0.0,Debit Card,4.0
1903,2023-10-09,customer1902@hotmail.com,France,51.0,Clothing,69.75,4,0.15,Debit Card,2.0
1904,2024-12-11,customer1903@outlook.com,United States,25.0,Toys,168.51,1,0.0,Credit Card,5.0
1905,2023-02-11,customer1904@hotmail.com,United Kingdom,53.0,Home & Kitchen,104.33,2,0.1,Debit Card,3.0
1906,2023-10-25,customer1905@protonmail.com,Germany,56.0,Office Supplies,29.76,1,0.0,Credit Card,5.0
1907,2024-02-10,customer1906@yahoo.com,France,34.0,Books,78.67,1,0.1,Debit Card,
1908,2023-06-22,customer1907@yahoo.com,United Kingdom,32.0,Beauty,112.14,5,0.05,Credit Card,4.0
1909,2024-05-04,customer1908@gmail.com,Germany,40.0,Electronics,68.94,2,0.1,Credit Card,2.0
1910,2024-01-18,customer1909@protonmail.com,Brazil,46.0,Sports & Outdoors,213.81,4,0.0,Bank Transfer,5.0
1911,2023-07-11,customer1910@outlook.com,Germany,32.0,Grocery,101.94,3,0.25,Credit Card,4.0
1912,2023-05-31,customer1911@hotmail.com,United Kingdom,60.0,Electronics,35.76,1,0.05,Credit Card,3.0
1913,2023-07-29,customer1912@protonmail.com,France,66.0,Toys,33.96,5,0.15,Credit Card,
1914,2024-07-31,customer1913@protonmail.com,United States,27.0,Home & Kitchen,39.48,3,0.25,Debit Card,4.0
1915,2024-01-16,customer1914@protonmail.com,United Kingdom,60.0,Books,47.91,4,0.0,Bank Transfer,5.0
1916,2024-08-02,customer1915@yahoo.com,United States,44.0,Grocery,66.92,4,0.0,Debit Card,4.0
1917,2024-06-08,customer1916@hotmail.com,United States,25.0,Beauty,82.08,5,0.1,Gift Card,3.0
1918,2024-08-07,customer1917@yahoo.com,Brazil,33.0,Beauty,137.08,3,0.15,Credit Card,2.0
1919,2024-09-16,customer1918@outlook.com,United States,70.0,Home & Kitchen,110.22,1,0.05,Credit Card,4.0
1920,2024-03-26,customer1919@protonmail.com,Canada,26.0,Grocery,53.61,3,0.0,Gift Card,
1921,2023-09-21,customer1920@yahoo.com,Canada,20.0,Sports & Outdoors,53.91,4,0.15,Credit Card,5.0
1922,2024-05-21,customer1921@yahoo.com,Japan,59.0,Electronics,106.8,5,0.15,Debit Card,3.0
1923,2024-11-20,customer1922@outlook.com,Germany,49.0,Grocery,47.61,3,0.0,Debit Card,3.0
1924,2023-08-23,customer1923@protonmail.com,United Kingdom,32.0,Electronics,91.09,1,0.25,Gift Card,5.0
1925,2023-12-22,customer1924@hotmail.com,Brazil,60.0,Electronics,22.87,5,0.25,Debit Card,5.0
1926,2024-10-03,customer1925@gmail.com,United Kingdom,48.0,Grocery,84.24,4,0.0,Gift Card,
1927,2024-03-12,customer1926@protonmail.com,Mexico,31.0,Electronics,77.54,3,0.1,Debit Card,3.0
1928,2023-04-16,customer1927@yahoo.com,India,57.0,Electronics,48.05,3,0.2,Credit Card,2.0
1929,2023-09-13,customer1928@outlook.com,India,66.0,Electronics,27.51,3,0.05,Credit Card,
1930,2023-07-05,customer1929@hotmail.com,Japan,43.0,Automotive,24.52,4,0.0,Debit Card,
1931,2023-12-15,customer1930@hotmail.com,United Kingdom,62.0,Electronics,74.21,4,0.05,Credit Card,4.0
1932,2024-12-25,customer1931@protonmail.com,Japan,25.0,Clothing,81.62,2,0.0,Credit Card,5.0
1933,2024-09-04,customer1932@yahoo.com,Brazil,21.0,Home & Kitchen,15.74,2,0.2,Debit Card,5.0
1934,2024-12-02,customer1933@outlook.com,Mexico,18.0,Clothing,15.3,1,0.0,Debit Card,4.0
1935,2024-06-25,customer1934@yahoo.com,United States,37.0,Home & Kitchen,31.55,2,0.25,Debit Card,5.0
1936,2024-01-06,customer1935@outlook.com,India,39.0,Automotive,34.6,5,0.0,Bank Transfer,1.0
1937,2024-04-26,customer1936@yahoo.com,India,68.0,Beauty,40.89,2,0.05,Credit Card,4.0
1938,2023-12-31,customer1937@yahoo.com,India,74.0,Automotive,74.46,5,0.0,Bank Transfer,3.0
1939,2023-01-30,customer1938@hotmail.com,United Kingdom,54.0,Beauty,117.55,3,0.0,PayPal,4.0
1940,2023-03-27,customer1939@gmail.com,Canada,73.0,Clothing,118.63,5,0.15,PayPal,3.0
1941,2024-02-10,customer1940@outlook.com,Japan,73.0,Home & Kitchen,96.82,3,0.15,Debit Card,5.0
1942,2024-04-26,customer1941@hotmail.com,Canada,43.0,Books,115.58,4,0.0,Credit Card,5.0
1943,2023-07-05,customer1942@outlook.com,Canada,33.0,Clothing,35.63,2,0.0,PayPal,3.0
1944,2023-01-23,customer1943@hotmail.com,Mexico,41.0,Sports & Outdoors,95.33,1,0.2,PayPal,4.0
1945,2023-02-20,customer1944@outlook.com,Mexico,18.0,Electronics,102.78,2,0.15,PayPal,4.0
1946,2023-08-18,customer1945@protonmail.com,Australia,,Beauty,20.88,4,0.0,Gift Card,3.0
1947,2024-09-20,customer1946@protonmail.com,Japan,,Home & Kitchen,138.03,2,0.15,Credit Card,4.0
1948,2023-11-02,customer1947@gmail.com,Australia,65.0,Books,105.56,2,0.0,Bank Transfer,3.0
1949,2024-12-11,customer1948@protonmail.com,Brazil,32.0,Office Supplies,44.38,1,0.15,Gift Card,4.0
1950,2024-10-14,customer1949@gmail.com,Australia,50.0,Home & Kitchen,17.95,2,0.05,Gift Card,
1951,2024-09-18,customer1950@protonmail.com,Japan,,Electronics,73.33,1,0.0,Debit Card,4.0
1952,2024-12-07,customer1951@hotmail.com,Brazil,59.0,Home & Kitchen,53.49,2,0.15,PayPal,5.0
1953,2023-06-26,customer1952@gmail.com,Brazil,21.0,Clothing,26.8,2,0.0,Debit Card,5.0
1954,2024-12-12,customer1953@outlook.com,Australia,19.0,Toys,66.11,1,0.25,Debit Card,5.0
1955,2024-11-05,customer1954@protonmail.com,Brazil,69.0,Office Supplies,48.22,1,0.0,Gift Card,5.0
1956,2024-08-06,customer1955@hotmail.com,Canada,68.0,Grocery,106.05,1,0.2,Credit Card,3.0
1957,2023-05-21,customer1956@outlook.com,United States,61.0,Beauty,14.89,4,0.0,Gift Card,1.0
1958,2023-07-31,customer1957@yahoo.com,Canada,48.0,Beauty,112.4,1,0.1,Debit Card,3.0
1959,2024-04-21,customer1958@yahoo.com,Brazil,73.0,Home & Kitchen,63.12,1,0.2,Credit Card,3.0
1960,2023-02-03,customer1959@protonmail.com,Germany,46.0,Automotive,95.93,4,0.25,Debit Card,
1961,2024-08-22,customer1960@protonmail.com,Brazil,52.0,Toys,144.76,3,0.05,Debit Card,4.0
1962,2023-11-07,customer1961@outlook.com,India,30.0,Electronics,82.91,5,0.0,Credit Card,5.0
1963,2023-01-16,customer1962@outlook.com,Brazil,37.0,Office Supplies,111.34,2,0.15,PayPal,2.0
1964,2023-08-06,customer1963@hotmail.com,France,25.0,Books,22.63,2,0.25,Credit Card,5.0
1965,2023-10-16,customer1964@protonmail.com,Canada,48.0,Electronics,24.67,1,0.0,PayPal,3.0
1966,2024-04-23,customer1965@gmail.com,India,38.0,Beauty,52.95,1,0.05,Credit Card,5.0
1967,2024-03-15,customer1966@gmail.com,Germany,58.0,Home & Kitchen,42.7,5,0.2,Credit Card,5.0
1968,2023-09-28,customer1967@gmail.com,Australia,70.0,Home & Kitchen,86.99,2,0.0,Credit Card,4.0
1969,2024-03-28,customer1968@outlook.com,Brazil,65.0,Home & Kitchen,86.93,1,0.1,Credit Card,3.0
1970,2024-10-12,customer1969@yahoo.com,Mexico,49.0,Toys,126.75,4,0.05,PayPal,5.0
1971,2023-09-13,customer1970@gmail.com,Australia,63.0,Home & Kitchen,62.83,5,0.1,Debit Card,5.0
1972,2023-10-01,customer1971@outlook.com,India,41.0,Electronics,22.65,2,0.1,PayPal,5.0
1973,2023-03-16,customer1972@hotmail.com,Brazil,53.0,Clothing,127.55,2,0.1,PayPal,3.0
1974,2023-10-03,customer1973@outlook.com,Germany,25.0,Home & Kitchen,124.04,4,0.05,Credit Card,4.0
1975,2023-07-27,customer1974@hotmail.com,Germany,23.0,Books,53.4,1,0.05,Gift Card,5.0
1976,2024-07-08,customer1975@yahoo.com,Australia,21.0,Books,126.13,2,0.0,PayPal,3.0
1977,2023-03-24,customer1976@protonmail.com,Brazil,34.0,Electronics,20.78,5,0.2,Credit Card,5.0
1978,2024-03-06,customer1977@outlook.com,Brazil,52.0,Home & Kitchen,55.95,4,0.0,Debit Card,5.0
1979,2024-07-17,customer1978@outlook.com,Brazil,44.0,Home & Kitchen,30.8,1,0.0,Debit Card,4.0
1980,2023-07-06,customer1979@outlook.com,United States,72.0,Books,109.72,4,0.05,Debit Card,2.0
1981,2023-02-19,customer1980@protonmail.com,France,21.0,Grocery,43.24,5,0.2,Credit Card,
1982,2024-05-08,customer1981@yahoo.com,Canada,43.0,Home & Kitchen,117.75,2,0.15,Debit Card,4.0
1983,2024-03-05,customer1982@outlook.com,United States,40.0,Electronics,28.98,2,0.1,Credit Card,4.0
1984,2024-02-15,customer1983@yahoo.com,Brazil,31.0,Electronics,193.21,5,0.25,Debit Card,4.0
1985,2024-10-04,customer1984@outlook.com,Mexico,48.0,Sports & Outdoors,52.68,5,0.15,Debit Card,4.0
1986,2023-03-17,customer1985@outlook.com,Mexico,39.0,Clothing,49.17,3,0.25,PayPal,3.0
1987,2023-05-25,customer1986@protonmail.com,India,30.0,Sports & Outdoors,105.06,3,0.25,Credit Card,3.0
1988,2023-12-08,customer1987@gmail.com,Germany,47.0,Beauty,82.79,2,0.1,Credit Card,4.0
1989,2024-02-15,customer1988@hotmail.com,Canada,30.0,Electronics,53.04,1,0.0,Debit Card,2.0
1990,2024-11-01,customer1989@gmail.com,Germany,60.0,Clothing,48.12,3,0.1,Debit Card,
1991,2024-03-27,customer1990@outlook.com,France,38.0,Office Supplies,160.26,1,0.25,Debit Card,4.0
1992,2023-06-04,customer1991@outlook.com,India,43.0,Home & Kitchen,60.58,3,0.15,Debit Card,3.0
1993,2024-09-13,customer1992@gmail.com,Germany,27.0,Books,62.1,5,0.0,Credit Card,5.0
1994,2023-10-30,customer1993@gmail.com,United Kingdom,70.0,Toys,29.05,5,0.2,Debit Card,4.0
1995,2024-09-25,customer1994@hotmail.com,Mexico,28.0,Home & Kitchen,140.72,3,0.2,Debit Card,5.0
1996,2023-07-21,customer1995@hotmail.com,Mexico,54.0,Grocery,35.43,2,0.15,Debit Card,2.0
1997,2024-07-31,customer1996@outlook.com,Brazil,54.0,Electronics,32.94,5,0.0,Debit Card,4.0
1998,2024-01-27,customer1997@outlook.com,Canada,24.0,Home & Kitchen,112.91,5,0.15,Debit Card,3.0
1999,2024-02-10,customer1998@gmail.com,Australia,26.0,Toys,5.16,4,0.2,Debit Card,
2000,2024-12-12,customer1999@gmail.com,United Kingdom,24.0,Automotive,72.41,4,0.05,PayPal,4.0
2001,2023-04-23,customer2000@protonmail.com,Canada,71.0,Electronics,49.02,3,0.15,Debit Card,3.0
2002,2023-08-15,customer2001@yahoo.com,United States,49.0,Sports & Outdoors,57.07,4,0.2,Gift Card,4.0
2003,2023-05-14,customer2002@hotmail.com,Germany,26.0,Electronics,36.24,3,0.15,Gift Card,5.0
2004,2024-08-30,customer2003@gmail.com,United States,63.0,Sports & Outdoors,42.75,1,0.15,Credit Card,5.0
2005,2024-09-12,customer2004@hotmail.com,United States,71.0,Clothing,15.81,1,0.05,Gift Card,3.0
2006,2024-09-03,customer2005@protonmail.com,United Kingdom,48.0,Clothing,105.11,1,0.0,Debit Card,2.0
2007,2023-06-23,customer2006@yahoo.com,France,49.0,Office Supplies,53.25,4,0.0,Bank Transfer,4.0
2008,2023-07-09,customer2007@yahoo.com,Japan,63.0,Sports & Outdoors,117.88,5,0.1,Gift Card,4.0
2009,2023-10-21,customer2008@hotmail.com,India,42.0,Home & Kitchen,207.79,3,0.15,Debit Card,5.0
2010,2024-07-18,customer2009@yahoo.com,United Kingdom,22.0,Office Supplies,29.71,3,0.0,Credit Card,5.0
2011,2024-07-02,customer2010@yahoo.com,Brazil,60.0,Home & Kitchen,92.9,5,0.05,PayPal,3.0
2012,2024-12-22,customer2011@hotmail.com,Mexico,36.0,Sports & Outdoors,32.36,5,0.0,Credit Card,4.0
2013,2024-07-26,customer2012@hotmail.com,Brazil,55.0,Sports & Outdoors,39.25,4,0.0,PayPal,1.0
2014,2024-11-27,customer2013@yahoo.com,Germany,20.0,Grocery,60.28,3,0.15,Debit Card,5.0
2015,2023-07-14,customer2014@outlook.com,Germany,37.0,Clothing,188.82,3,0.0,Debit Card,4.0
2016,2024-03-18,customer2015@yahoo.com,Australia,38.0,Beauty,50.61,3,0.15,Credit Card,5.0
2017,2024-01-25,customer2016@outlook.com,India,35.0,Sports & Outdoors,59.18,4,0.0,PayPal,4.0
2018,2023-04-21,customer2017@protonmail.com,Japan,50.0,Clothing,72.53,5,0.25,Debit Card,5.0
2019,2024-11-22,customer2018@hotmail.com,France,,Automotive,58.41,4,0.15,PayPal,4.0
2020,2023-03-29,customer2019@outlook.com,Canada,70.0,Home & Kitchen,29.62,4,0.25,PayPal,
2021,2024-09-16,customer2020@yahoo.com,Japan,59.0,Home & Kitchen,123.64,1,0.0,PayPal,4.0
2022,2023-07-14,customer2021@yahoo.com,Japan,44.0,Sports & Outdoors,47.18,2,0.05,Debit Card,4.0
2023,2023-06-11,customer2022@hotmail.com,Australia,33.0,Home & Kitchen,22.3,2,0.05,Credit Card,3.0
2024,2024-03-14,customer2023@gmail.com,Canada,39.0,Grocery,76.54,5,0.0,Credit Card,5.0
2025,2023-12-08,customer2024@protonmail.com,France,35.0,Clothing,128.18,2,0.15,Debit Card,5.0
2026,2023-10-09,customer2025@hotmail.com,India,56.0,Clothing,35.95,2,0.0,Credit Card,5.0
2027,2024-10-21,customer2026@hotmail.com,Mexico,71.0,Sports & Outdoors,53.72,4,0.2,PayPal,5.0
2028,2024-05-25,customer2027@yahoo.com,France,58.0,Automotive,61.79,3,0.25,Credit Card,4.0
2029,2024-03-20,customer2028@yahoo.com,India,71.0,Sports & Outdoors,44.73,3,0.0,Credit Card,3.0
2030,2024-07-29,customer2029@outlook.com,United States,27.0,Electronics,63.2,2,0.05,Debit Card,2.0
2031,2024-08-09,customer2030@protonmail.com,United States,22.0,Clothing,157.08,5,0.0,PayPal,3.0
2032,2023-05-12,customer2031@gmail.com,Brazil,57.0,Beauty,64.03,5,0.0,Credit Card,4.0
2033,2023-11-19,customer2032@protonmail.com,Mexico,73.0,Automotive,86.57,1,0.0,PayPal,
2034,2024-10-22,customer2033@yahoo.com,United States,48.0,Sports & Outdoors,49.25,5,0.1,Gift Card,5.0
2035,2024-08-17,customer2034@protonmail.com,Canada,43.0,Toys,75.34,5,0.2,Credit Card,
2036,2023-02-14,customer2035@gmail.com,Mexico,47.0,Clothing,81.22,5,0.0,Gift Card,5.0
2037,2023-06-29,customer2036@hotmail.com,Mexico,26.0,Books,101.33,3,0.0,Debit Card,4.0
2038,2023-07-13,customer2037@gmail.com,France,73.0,Clothing,46.09,3,0.15,Debit Card,4.0
2039,2024-01-10,customer2038@yahoo.com,United States,21.0,Electronics,55.22,4,0.05,PayPal,4.0
2040,2024-08-17,customer2039@outlook.com,Germany,61.0,Electronics,107.51,4,0.25,PayPal,4.0
2041,2023-12-19,customer2040@hotmail.com,Japan,41.0,Sports & Outdoors,48.91,5,0.2,PayPal,4.0
2042,2023-05-15,customer2041@outlook.com,Germany,64.0,Books,29.54,2,0.15,Debit Card,
2043,2024-02-11,customer2042@yahoo.com,Germany,59.0,Home & Kitchen,44.87,5,0.25,Credit Card,5.0
2044,2023-06-10,customer2043@gmail.com,France,64.0,Automotive,105.45,2,0.05,Credit Card,5.0
2045,2024-05-10,customer2044@yahoo.com,France,59.0,Home & Kitchen,114.87,4,0.15,Debit Card,4.0
2046,2024-12-13,customer2045@gmail.com,Brazil,54.0,Beauty,94.49,5,0.0,Debit Card,5.0
2047,2024-04-06,customer2046@gmail.com,France,48.0,Grocery,125.94,4,0.0,Gift Card,5.0
2048,2024-10-28,customer2047@hotmail.com,Australia,19.0,Grocery,150.04,1,0.0,Debit Card,4.0
2049,2024-02-02,customer2048@protonmail.com,France,65.0,Grocery,200.13,5,0.0,PayPal,5.0
2050,2024-08-16,customer2049@outlook.com,Japan,39.0,Grocery,97.49,1,0.0,PayPal,4.0
2051,2024-11-17,customer2050@yahoo.com,Japan,39.0,Books,58.33,3,0.15,PayPal,4.0
2052,2023-05-07,customer2051@hotmail.com,United States,61.0,Sports & Outdoors,23.43,4,0.05,Bank Transfer,5.0
2053,2024-04-30,customer2052@gmail.com,United States,,Grocery,28.06,2,0.15,PayPal,4.0
2054,2023-07-06,customer2053@yahoo.com,India,28.0,Clothing,37.59,4,0.0,Credit Card,4.0
2055,2023-03-03,customer2054@outlook.com,United States,70.0,Sports & Outdoors,117.43,3,0.0,PayPal,4.0
2056,2023-06-21,customer2055@outlook.com,Australia,72.0,Electronics,39.44,2,0.1,Bank Transfer,5.0
2057,2023-04-15,customer2056@yahoo.com,India,70.0,Toys,39.19,1,0.25,Credit Card,4.0
2058,2023-05-19,customer2057@outlook.com,Australia,18.0,Electronics,42.02,4,0.0,Debit Card,5.0
2059,2023-01-05,customer2058@yahoo.com,United States,40.0,Sports & Outdoors,63.03,1,0.1,Debit Card,5.0
2060,2024-12-09,customer2059@yahoo.com,United Kingdom,49.0,Clothing,76.57,5,0.05,Debit Card,4.0
2061,2023-11-18,customer2060@yahoo.com,Canada,35.0,Home & Kitchen,76.42,1,0.0,Gift Card,4.0
2062,2023-05-02,customer2061@outlook.com,United States,,Clothing,42.9,1,0.0,PayPal,5.0
2063,2023-09-08,customer2062@protonmail.com,Germany,20.0,Beauty,113.06,2,0.0,Credit Card,5.0
2064,2024-06-29,customer2063@gmail.com,Germany,61.0,Automotive,60.13,5,0.05,Credit Card,4.0
2065,2024-04-06,customer2064@gmail.com,Japan,63.0,Electronics,104.01,5,0.0,Credit Card,3.0
2066,2023-02-07,customer2065@gmail.com,India,53.0,Electronics,65.53,3,0.15,Gift Card,3.0
2067,2023-04-18,customer2066@gmail.com,Australia,24.0,Beauty,41.89,4,0.05,Credit Card,
2068,2024-02-01,customer2067@outlook.com,Australia,41.0,Toys,50.18,3,0.0,Debit Card,4.0
2069,2024-12-08,customer2068@protonmail.com,India,44.0,Clothing,36.2,5,0.0,PayPal,4.0
2070,2023-02-21,customer2069@yahoo.com,United Kingdom,23.0,Sports & Outdoors,21.61,1,0.1,Credit Card,4.0
2071,2024-09-21,customer2070@hotmail.com,France,28.0,Grocery,70.34,4,0.0,Credit Card,4.0
2072,2023-02-15,customer2071@protonmail.com,Australia,43.0,Home & Kitchen,32.51,2,0.1,PayPal,4.0
2073,2023-12-28,customer2072@gmail.com,India,33.0,Books,25.72,2,0.2,Debit Card,4.0
2074,2023-06-18,customer2073@gmail.com,Germany,37.0,Electronics,101.01,4,0.15,Debit Card,4.0
2075,2023-11-06,customer2074@hotmail.com,Australia,30.0,Office Supplies,130.62,4,0.15,Credit Card,4.0
2076,2024-11-06,customer2075@gmail.com,United Kingdom,28.0,Grocery,39.31,3,0.25,Credit Card,4.0
2077,2023-06-07,customer2076@protonmail.com,Germany,74.0,Books,311.45,5,0.1,Debit Card,5.0
2078,2024-04-11,customer2077@gmail.com,Brazil,28.0,Office Supplies,99.26,1,0.2,Credit Card,5.0
2079,2023-09-01,customer2078@outlook.com,India,51.0,Home & Kitchen,69.94,1,0.0,Credit Card,4.0
2080,2024-04-20,customer2079@protonmail.com,Canada,66.0,Beauty,15.75,2,0.15,Credit Card,5.0
2081,2023-02-10,customer2080@protonmail.com,Mexico,34.0,Beauty,85.72,1,0.1,Debit Card,5.0
2082,2023-08-06,customer2081@protonmail.com,Australia,36.0,Grocery,29.74,5,0.2,Credit Card,5.0
2083,2024-11-30,customer2082@hotmail.com,Mexico,50.0,Sports & Outdoors,33.12,3,0.0,Credit Card,5.0
2084,2024-06-12,customer2083@protonmail.com,Brazil,23.0,Home & Kitchen,91.06,3,0.25,PayPal,5.0
2085,2024-11-14,customer2084@outlook.com,Canada,54.0,Electronics,179.33,3,0.0,Debit Card,4.0
2086,2024-05-12,customer2085@protonmail.com,United States,27.0,Home & Kitchen,71.87,1,0.2,Gift Card,5.0
2087,2023-05-16,customer2086@protonmail.com,Mexico,60.0,Grocery,112.33,4,0.05,PayPal,3.0
2088,2023-12-04,customer2087@protonmail.com,Japan,55.0,Clothing,177.41,5,0.1,Credit Card,4.0
2089,2024-10-02,customer2088@hotmail.com,India,40.0,Toys,21.38,1,0.0,Debit Card,3.0
2090,2024-05-13,customer2089@protonmail.com,United States,39.0,Electronics,91.9,2,0.2,Bank Transfer,4.0
2091,2024-01-15,customer2090@protonmail.com,Canada,27.0,Books,133.18,4,0.15,Credit Card,5.0
2092,2024-09-25,customer2091@yahoo.com,India,21.0,Clothing,121.31,4,0.0,Credit Card,4.0
2093,2023-03-24,customer2092@yahoo.com,India,73.0,Toys,127.57,2,0.0,Credit Card,5.0
2094,2024-12-02,customer2093@hotmail.com,United Kingdom,21.0,Clothing,46.17,1,0.25,Gift Card,5.0
2095,2023-04-03,customer2094@outlook.com,Mexico,28.0,Electronics,78.2,4,0.25,Credit Card,5.0
2096,2024-12-28,customer2095@gmail.com,Canada,21.0,Electronics,134.05,2,0.0,Gift Card,
2097,2024-08-10,customer2096@yahoo.com,Germany,45.0,Office Supplies,89.93,5,0.0,Debit Card,4.0
2098,2023-12-23,customer2097@protonmail.com,Canada,60.0,Sports & Outdoors,27.11,2,0.0,Debit Card,5.0
2099,2023-12-14,customer2098@protonmail.com,Australia,32.0,Sports & Outdoors,31.05,5,0.0,Debit Card,5.0
2100,2023-01-24,customer2099@gmail.com,France,66.0,Automotive,123.44,5,0.0,Credit Card,5.0
2101,2023-08-20,customer2100@hotmail.com,Japan,52.0,Toys,7.77,1,0.15,Credit Card,3.0
2102,2023-06-17,customer2101@hotmail.com,United Kingdom,66.0,Sports & Outdoors,93.31,4,0.2,PayPal,3.0
2103,2024-05-30,customer2102@hotmail.com,Australia,40.0,Books,104.06,4,0.1,PayPal,
2104,2023-05-24,customer2103@yahoo.com,France,49.0,Electronics,83.5,2,0.05,Debit Card,3.0
2105,2024-08-11,customer2104@hotmail.com,United Kingdom,30.0,Clothing,104.39,5,0.25,Debit Card,4.0
2106,2023-08-08,customer2105@outlook.com,India,40.0,Automotive,103.84,4,0.15,Debit Card,4.0
2107,2024-09-12,customer2106@gmail.com,India,69.0,Clothing,10.27,2,0.0,Debit Card,5.0
2108,2023-09-21,customer2107@hotmail.com,Canada,36.0,Home & Kitchen,16.77,5,0.1,PayPal,5.0
2109,2024-07-03,customer2108@protonmail.com,United Kingdom,41.0,Grocery,39.67,4,0.0,Credit Card,4.0
2110,2024-05-03,customer2109@outlook.com,United Kingdom,60.0,Electronics,83.3,3,0.05,Gift Card,5.0
2111,2024-12-23,customer2110@gmail.com,United Kingdom,33.0,Sports & Outdoors,78.04,5,0.05,Debit Card,5.0
2112,2024-01-19,customer2111@protonmail.com,Canada,64.0,Beauty,31.62,3,0.25,Debit Card,5.0
2113,2023-09-15,customer2112@gmail.com,Germany,33.0,Clothing,138.18,2,0.2,Credit Card,5.0
2114,2024-04-19,customer2113@yahoo.com,Japan,71.0,Electronics,205.35,3,0.05,Debit Card,5.0
2115,2023-01-22,customer2114@yahoo.com,Germany,57.0,Clothing,103.82,3,0.2,Credit Card,4.0
2116,2024-12-10,customer2115@outlook.com,Japan,74.0,Beauty,77.14,1,0.1,Debit Card,4.0
2117,2024-05-09,customer2116@yahoo.com,United States,50.0,Automotive,84.12,3,0.1,Credit Card,4.0
2118,2023-02-05,customer2117@protonmail.com,India,58.0,Grocery,42.29,5,0.2,Credit Card,4.0
2119,2023-05-06,customer2118@yahoo.com,Australia,56.0,Electronics,26.11,5,0.1,Credit Card,5.0
2120,2023-01-11,customer2119@outlook.com,Brazil,28.0,Home & Kitchen,114.09,4,0.0,Gift Card,2.0
2121,2024-05-01,customer2120@gmail.com,France,19.0,Sports & Outdoors,103.23,3,0.05,Gift Card,4.0
2122,2024-04-30,customer2121@outlook.com,Japan,72.0,Beauty,114.83,5,0.05,Debit Card,5.0
2123,2023-04-29,customer2122@yahoo.com,Australia,51.0,Electronics,81.51,5,0.2,Credit Card,5.0
2124,2024-02-03,customer2123@yahoo.com,Canada,24.0,Electronics,24.72,5,0.0,Debit Card,4.0
2125,2023-12-24,customer2124@outlook.com,United Kingdom,52.0,Electronics,23.45,4,0.05,Gift Card,5.0
2126,2023-12-19,customer2125@hotmail.com,India,33.0,Clothing,32.31,4,0.1,PayPal,1.0
2127,2024-03-27,customer2126@protonmail.com,Germany,37.0,Sports & Outdoors,149.43,3,0.25,PayPal,4.0
2128,2024-09-14,customer2127@yahoo.com,United States,65.0,Office Supplies,21.95,4,0.2,PayPal,5.0
2129,2024-10-29,customer2128@yahoo.com,Australia,49.0,Electronics,59.25,2,0.0,PayPal,5.0
2130,2023-04-26,customer2129@yahoo.com,Brazil,47.0,Books,45.41,5,0.0,Credit Card,5.0
2131,2024-11-20,customer2130@protonmail.com,India,49.0,Clothing,24.08,5,0.0,Credit Card,2.0
2132,2024-02-23,customer2131@gmail.com,India,31.0,Clothing,87.6,4,0.0,PayPal,4.0
2133,2023-05-13,customer2132@gmail.com,Mexico,62.0,Electronics,152.23,4,0.05,Credit Card,5.0
2134,2024-11-11,customer2133@outlook.com,United Kingdom,47.0,Home & Kitchen,62.65,5,0.15,Credit Card,2.0
2135,2023-09-27,customer2134@yahoo.com,Brazil,40.0,Home & Kitchen,19.05,3,0.15,PayPal,5.0
2136,2023-11-22,customer2135@yahoo.com,Germany,61.0,Beauty,52.83,5,0.15,PayPal,4.0
2137,2024-12-07,customer2136@outlook.com,India,,Sports & Outdoors,43.59,4,0.1,Credit Card,5.0
2138,2024-02-28,customer2137@protonmail.com,United Kingdom,33.0,Sports & Outdoors,53.06,2,0.05,Debit Card,4.0
2139,2023-04-15,customer2138@yahoo.com,Brazil,,Books,56.93,1,0.2,Credit Card,5.0
2140,2023-02-21,customer2139@hotmail.com,India,46.0,Clothing,166.91,3,0.0,Credit Card,5.0
2141,2024-08-21,customer2140@hotmail.com,Australia,23.0,Home & Kitchen,84.5,1,0.1,Credit Card,5.0
2142,2023-09-12,customer2141@protonmail.com,France,34.0,Electronics,83.88,4,0.0,PayPal,5.0
2143,2023-03-14,customer2142@protonmail.com,France,58.0,Electronics,43.0,4,0.0,Credit Card,4.0
2144,2023-01-31,customer2143@hotmail.com,Germany,40.0,Home & Kitchen,111.83,1,0.0,PayPal,
2145,2024-11-21,customer2144@protonmail.com,Canada,58.0,Office Supplies,120.19,2,0.1,Credit Card,4.0
2146,2024-02-22,customer2145@protonmail.com,Australia,30.0,Office Supplies,94.66,3,0.1,Credit Card,4.0
2147,2024-01-18,customer2146@hotmail.com,Japan,72.0,Beauty,89.48,4,0.0,Credit Card,4.0
2148,2024-03-07,customer2147@gmail.com,Brazil,58.0,Sports & Outdoors,23.32,1,0.1,PayPal,4.0
2149,2023-11-02,customer2148@yahoo.com,United States,31.0,Sports & Outdoors,82.21,3,0.0,Bank Transfer,4.0
2150,2024-11-25,customer2149@hotmail.com,Japan,35.0,Sports & Outdoors,144.19,2,0.2,Credit Card,5.0
2151,2024-03-15,customer2150@protonmail.com,United Kingdom,36.0,Sports & Outdoors,84.66,2,0.0,Debit Card,5.0
2152,2024-04-11,customer2151@gmail.com,Brazil,46.0,Home & Kitchen,102.99,3,0.1,Credit Card,
2153,2024-10-14,customer2152@protonmail.com,France,37.0,Office Supplies,53.21,1,0.0,Credit Card,5.0
2154,2023-01-03,customer2153@gmail.com,Mexico,63.0,Beauty,40.7,2,0.0,Credit Card,5.0
2155,2023-08-21,customer2154@gmail.com,Canada,29.0,Home & Kitchen,29.72,3,0.0,Credit Card,
2156,2024-08-31,customer2155@gmail.com,United Kingdom,26.0,Books,130.71,4,0.0,Gift Card,4.0
2157,2023-03-12,customer2156@hotmail.com,Brazil,20.0,Grocery,60.58,2,0.15,Debit Card,2.0
2158,2023-08-29,customer2157@hotmail.com,United Kingdom,55.0,Automotive,120.91,4,0.2,Gift Card,3.0
2159,2023-04-30,customer2158@protonmail.com,United Kingdom,68.0,Clothing,48.96,2,0.25,PayPal,4.0
2160,2024-06-05,customer2159@hotmail.com,Japan,36.0,Books,125.67,2,0.1,PayPal,
2161,2024-09-07,customer2160@gmail.com,Australia,64.0,Clothing,68.69,1,0.05,Credit Card,5.0
2162,2023-07-12,customer2161@yahoo.com,Canada,45.0,Clothing,52.88,1,0.2,Credit Card,5.0
2163,2024-05-16,customer2162@yahoo.com,Germany,34.0,Home & Kitchen,53.17,2,0.2,Credit Card,5.0
2164,2024-07-08,customer2163@protonmail.com,Japan,58.0,Electronics,109.37,2,0.05,Credit Card,4.0
2165,2024-10-23,customer2164@hotmail.com,United States,18.0,Clothing,84.53,4,0.05,Credit Card,1.0
2166,2024-11-08,customer2165@protonmail.com,Mexico,70.0,Books,109.78,3,0.0,Credit Card,1.0
2167,2023-11-29,customer2166@protonmail.com,Germany,74.0,Grocery,143.02,1,0.0,PayPal,3.0
2168,2023-02-27,customer2167@protonmail.com,France,67.0,Books,57.76,4,0.25,Credit Card,4.0
2169,2024-06-27,customer2168@outlook.com,Japan,68.0,Clothing,95.68,2,0.2,Debit Card,
2170,2024-02-02,customer2169@hotmail.com,United Kingdom,69.0,Books,62.89,4,0.0,Debit Card,4.0
2171,2023-12-02,customer2170@hotmail.com,Australia,43.0,Grocery,50.45,1,0.25,Credit Card,3.0
2172,2024-01-30,customer2171@outlook.com,Mexico,20.0,Books,85.26,1,0.0,Credit Card,2.0
2173,2024-04-15,customer2172@outlook.com,Mexico,49.0,Toys,23.17,1,0.25,Debit Card,1.0
2174,2023-07-29,customer2173@yahoo.com,Germany,41.0,Electronics,116.62,3,0.1,Gift Card,2.0
2175,2023-08-28,customer2174@protonmail.com,Mexico,63.0,Electronics,79.44,5,0.1,PayPal,1.0
2176,2023-09-07,customer2175@outlook.com,Canada,63.0,Automotive,41.98,5,0.15,Gift Card,2.0
2177,2023-12-27,customer2176@yahoo.com,India,64.0,Home & Kitchen,80.58,5,0.0,Credit Card,4.0
2178,2024-05-08,customer2177@gmail.com,France,64.0,Clothing,18.13,5,0.05,PayPal,5.0
2179,2023-01-31,customer2178@outlook.com,Germany,65.0,Electronics,29.02,4,0.0,PayPal,4.0
2180,2023-08-02,customer2179@protonmail.com,United States,41.0,Books,29.14,4,0.1,Gift Card,4.0
2181,2024-06-15,customer2180@hotmail.com,Japan,54.0,Beauty,26.9,3,0.05,Credit Card,5.0
2182,2023-01-23,customer2181@outlook.com,United States,34.0,Sports & Outdoors,58.79,2,0.05,PayPal,5.0
2183,2024-08-03,customer2182@yahoo.com,Brazil,53.0,Grocery,80.35,4,0.15,Debit Card,5.0
2184,2024-07-15,customer2183@yahoo.com,United States,49.0,Home & Kitchen,249.4,1,0.2,Debit Card,
2185,2023-08-21,customer2184@outlook.com,Australia,20.0,Clothing,127.15,1,0.2,Debit Card,5.0
2186,2024-04-01,customer2185@yahoo.com,France,60.0,Office Supplies,14.42,3,0.2,Debit Card,3.0
2187,2023-12-24,customer2186@hotmail.com,Mexico,56.0,Books,169.45,4,0.0,Gift Card,5.0
2188,2023-07-02,customer2187@outlook.com,France,57.0,Grocery,42.35,2,0.15,Gift Card,5.0
2189,2023-04-20,customer2188@protonmail.com,Germany,31.0,Sports & Outdoors,91.43,4,0.15,PayPal,4.0
2190,2024-12-02,customer2189@gmail.com,Brazil,32.0,Home & Kitchen,59.89,4,0.0,Credit Card,3.0
2191,2024-09-19,customer2190@gmail.com,India,20.0,Office Supplies,175.79,2,0.0,Debit Card,3.0
2192,2024-10-17,customer2191@hotmail.com,Australia,18.0,Clothing,120.87,1,0.1,Credit Card,5.0
2193,2023-04-13,customer2192@gmail.com,Brazil,59.0,Sports & Outdoors,161.2,2,0.0,PayPal,5.0
2194,2024-12-04,customer2193@hotmail.com,India,68.0,Home & Kitchen,94.48,5,0.2,Credit Card,5.0
2195,2024-04-01,customer2194@yahoo.com,France,40.0,Toys,48.8,2,0.2,PayPal,5.0
2196,2024-01-09,customer2195@hotmail.com,India,43.0,Toys,102.88,4,0.0,Debit Card,4.0
2197,2023-09-07,customer2196@hotmail.com,India,40.0,Home & Kitchen,143.07,4,0.0,Credit Card,4.0
2198,2023-06-21,customer2197@hotmail.com,Canada,65.0,Office Supplies,37.77,5,0.0,Credit Card,5.0
2199,2023-08-26,customer2198@outlook.com,France,66.0,Electronics,87.41,5,0.25,Credit Card,4.0
2200,2023-05-07,customer2199@protonmail.com,United States,67.0,Clothing,112.98,5,0.25,Gift Card,
2201,2024-07-30,customer2200@outlook.com,Brazil,22.0,Electronics,45.85,2,0.1,Debit Card,4.0
2202,2024-11-23,customer2201@gmail.com,Brazil,71.0,Sports & Outdoors,53.4,3,0.2,Debit Card,4.0
2203,2024-12-07,customer2202@hotmail.com,United States,,Books,63.24,3,0.1,Credit Card,5.0
2204,2024-10-12,customer2203@outlook.com,United States,38.0,Toys,87.94,4,0.25,PayPal,1.0
2205,2023-04-07,customer2204@gmail.com,Japan,34.0,Beauty,68.75,1,0.0,Credit Card,1.0
2206,2024-06-24,customer2205@hotmail.com,Germany,55.0,Beauty,73.21,5,0.05,Credit Card,1.0
2207,2024-09-18,customer2206@gmail.com,United States,33.0,Office Supplies,186.76,4,0.0,Debit Card,5.0
2208,2024-01-08,customer2207@protonmail.com,United States,51.0,Grocery,67.09,2,0.0,Credit Card,4.0
2209,2024-02-12,customer2208@gmail.com,India,68.0,Clothing,154.33,1,0.0,PayPal,
2210,2023-10-08,customer2209@yahoo.com,France,27.0,Beauty,234.88,1,0.0,PayPal,4.0
2211,2024-08-23,customer2210@yahoo.com,Brazil,68.0,Electronics,40.18,2,0.25,Debit Card,
2212,2024-05-28,customer2211@yahoo.com,France,42.0,Electronics,122.82,2,0.15,Credit Card,5.0
2213,2024-04-04,customer2212@outlook.com,Mexico,52.0,Books,50.95,1,0.05,Credit Card,3.0
2214,2023-01-07,customer2213@gmail.com,India,42.0,Books,119.58,3,0.2,PayPal,5.0
2215,2024-12-02,customer2214@protonmail.com,Mexico,29.0,Books,49.8,1,0.1,Credit Card,5.0
2216,2024-01-18,customer2215@protonmail.com,Japan,28.0,Books,13.04,4,0.05,PayPal,
2217,2024-11-28,customer2216@gmail.com,United States,,Sports & Outdoors,109.09,3,0.05,PayPal,5.0
2218,2024-05-10,customer2217@yahoo.com,France,39.0,Office Supplies,74.61,2,0.05,Credit Card,3.0
2219,2024-01-16,customer2218@outlook.com,United States,23.0,Electronics,146.36,3,0.05,Credit Card,4.0
2220,2024-07-04,customer2219@gmail.com,Australia,42.0,Clothing,49.31,3,0.2,Credit Card,5.0
2221,2023-06-30,customer2220@yahoo.com,France,45.0,Electronics,66.65,5,0.25,Credit Card,3.0
2222,2023-11-26,customer2221@protonmail.com,Australia,63.0,Home & Kitchen,47.64,4,0.0,Bank Transfer,5.0
2223,2023-01-19,customer2222@outlook.com,Mexico,59.0,Office Supplies,28.34,2,0.15,Debit Card,3.0
2224,2024-06-27,customer2223@protonmail.com,United Kingdom,66.0,Electronics,85.9,5,0.0,PayPal,2.0
2225,2023-08-25,customer2224@yahoo.com,India,19.0,Home & Kitchen,66.86,2,0.2,Credit Card,4.0
2226,2023-03-11,customer2225@outlook.com,Brazil,58.0,Clothing,17.52,2,0.25,Credit Card,3.0
2227,2024-08-04,customer2226@protonmail.com,France,33.0,Home & Kitchen,149.28,4,0.15,Debit Card,3.0
2228,2023-06-20,customer2227@yahoo.com,France,63.0,Toys,72.29,4,0.1,Bank Transfer,4.0
2229,2023-06-13,customer2228@hotmail.com,Germany,69.0,Office Supplies,46.7,1,0.25,PayPal,5.0
2230,2023-04-16,customer2229@outlook.com,Japan,23.0,Beauty,110.0,5,0.2,Credit Card,5.0
2231,2024-03-16,customer2230@yahoo.com,Brazil,47.0,Clothing,129.26,4,0.2,Bank Transfer,5.0
2232,2023-09-06,customer2231@gmail.com,United States,49.0,Sports & Outdoors,30.58,3,0.25,Credit Card,5.0
2233,2024-02-21,customer2232@protonmail.com,Mexico,33.0,Automotive,27.13,4,0.1,Debit Card,5.0
2234,2023-09-09,customer2233@gmail.com,Canada,32.0,Home & Kitchen,53.44,3,0.2,Gift Card,5.0
2235,2024-07-03,customer2234@gmail.com,Canada,26.0,Beauty,89.4,5,0.25,Debit Card,4.0
2236,2023-09-30,customer2235@outlook.com,Australia,41.0,Sports & Outdoors,164.63,1,0.05,Gift Card,
2237,2024-08-01,customer2236@gmail.com,Canada,58.0,Beauty,7.37,3,0.15,PayPal,4.0
2238,2023-12-07,customer2237@protonmail.com,Brazil,58.0,Electronics,194.04,4,0.15,Credit Card,5.0
2239,2023-01-11,customer2238@hotmail.com,United Kingdom,62.0,Beauty,76.95,1,0.25,PayPal,5.0
2240,2023-11-15,customer2239@gmail.com,Germany,71.0,Grocery,142.81,5,0.15,PayPal,5.0
2241,2023-06-28,customer2240@protonmail.com,Australia,54.0,Sports & Outdoors,136.99,2,0.15,Credit Card,2.0
2242,2023-12-25,customer2241@hotmail.com,Mexico,38.0,Home & Kitchen,66.92,1,0.25,Gift Card,4.0
2243,2023-04-02,customer2242@hotmail.com,Canada,33.0,Electronics,52.65,2,0.0,PayPal,4.0
2244,2024-07-03,customer2243@yahoo.com,India,50.0,Beauty,93.27,5,0.0,Credit Card,5.0
2245,2024-03-31,customer2244@protonmail.com,Japan,,Sports & Outdoors,78.19,5,0.0,Credit Card,5.0
2246,2023-04-14,customer2245@gmail.com,Australia,24.0,Office Supplies,44.91,1,0.15,Credit Card,
2247,2024-12-15,customer2246@protonmail.com,India,40.0,Books,67.0,2,0.05,Credit Card,5.0
2248,2023-09-14,customer2247@yahoo.com,Japan,56.0,Home & Kitchen,56.16,5,0.2,Debit Card,
2249,2023-06-03,customer2248@gmail.com,India,27.0,Beauty,71.0,1,0.0,Debit Card,
2250,2023-01-01,customer2249@gmail.com,Australia,31.0,Beauty,129.1,3,0.0,Credit Card,5.0
2251,2023-06-30,customer2250@gmail.com,France,34.0,Books,55.88,3,0.0,Debit Card,5.0
2252,2023-01-21,customer2251@gmail.com,Germany,44.0,Beauty,83.12,2,0.15,Credit Card,5.0
2253,2023-12-19,customer2252@outlook.com,United Kingdom,64.0,Clothing,66.19,2,0.0,Gift Card,5.0
2254,2024-03-18,customer2253@yahoo.com,United States,36.0,Home & Kitchen,65.69,5,0.0,Gift Card,4.0
2255,2023-09-28,customer2254@outlook.com,United Kingdom,25.0,Electronics,59.64,2,0.1,Credit Card,4.0
2256,2024-10-01,customer2255@gmail.com,India,20.0,Home & Kitchen,94.9,4,0.0,Credit Card,4.0
2257,2024-12-06,customer2256@protonmail.com,United Kingdom,52.0,Sports & Outdoors,9.43,4,0.25,Gift Card,4.0
2258,2023-08-12,customer2257@outlook.com,France,60.0,Home & Kitchen,95.84,1,0.0,Credit Card,3.0
2259,2024-04-10,customer2258@outlook.com,Germany,22.0,Automotive,79.83,5,0.0,PayPal,4.0
2260,2023-10-21,customer2259@gmail.com,India,53.0,Home & Kitchen,76.62,4,0.1,Credit Card,3.0
2261,2023-07-19,customer2260@yahoo.com,Australia,69.0,Sports & Outdoors,104.22,1,0.0,Credit Card,5.0
2262,2023-06-03,customer2261@gmail.com,Germany,64.0,Books,19.3,1,0.0,Debit Card,4.0
2263,2024-01-16,customer2262@yahoo.com,Mexico,71.0,Home & Kitchen,126.61,3,0.25,Credit Card,3.0
2264,2023-04-15,customer2263@hotmail.com,United States,71.0,Toys,58.46,5,0.1,PayPal,5.0
2265,2024-05-05,customer2264@outlook.com,Canada,62.0,Office Supplies,56.29,5,0.0,Bank Transfer,5.0
2266,2024-10-07,customer2265@hotmail.com,Canada,41.0,Office Supplies,38.38,1,0.05,Debit Card,1.0
2267,2023-09-26,customer2266@gmail.com,United States,57.0,Home & Kitchen,41.89,4,0.0,Debit Card,
2268,2024-02-22,customer2267@yahoo.com,Canada,,Toys,18.71,3,0.0,PayPal,1.0
2269,2024-12-13,customer2268@gmail.com,Japan,61.0,Electronics,72.76,4,0.1,PayPal,5.0
2270,2024-05-29,customer2269@protonmail.com,Brazil,35.0,Books,49.05,3,0.0,Credit Card,5.0
2271,2023-10-22,customer2270@protonmail.com,United States,43.0,Clothing,114.73,3,0.15,Debit Card,
2272,2024-10-05,customer2271@yahoo.com,United States,42.0,Automotive,85.8,3,0.15,Debit Card,5.0
2273,2023-01-31,customer2272@hotmail.com,Mexico,64.0,Sports & Outdoors,78.29,1,0.05,Credit Card,5.0
2274,2024-03-05,customer2273@hotmail.com,India,65.0,Home & Kitchen,52.53,3,0.05,PayPal,5.0
2275,2023-07-04,customer2274@yahoo.com,Brazil,72.0,Office Supplies,61.54,1,0.15,Gift Card,3.0
2276,2023-05-12,customer2275@outlook.com,Japan,69.0,Beauty,161.44,3,0.15,PayPal,3.0
2277,2024-01-13,customer2276@protonmail.com,France,24.0,Electronics,52.06,3,0.05,Debit Card,5.0
2278,2024-06-04,customer2277@yahoo.com,Germany,39.0,Grocery,8.26,4,0.2,PayPal,4.0
2279,2024-06-22,customer2278@outlook.com,Germany,,Toys,59.83,5,0.0,Credit Card,5.0
2280,2024-06-29,customer2279@yahoo.com,Australia,63.0,Clothing,34.95,1,0.2,Credit Card,4.0
2281,2023-07-30,customer2280@outlook.com,United States,19.0,Home & Kitchen,56.74,3,0.0,Debit Card,1.0
2282,2023-10-30,customer2281@yahoo.com,Mexico,,Home & Kitchen,70.4,4,0.15,Debit Card,4.0
2283,2023-03-24,customer2282@gmail.com,Mexico,68.0,Electronics,35.38,2,0.25,Gift Card,5.0
2284,2024-03-26,customer2283@hotmail.com,United States,28.0,Grocery,17.63,1,0.15,PayPal,4.0
2285,2024-08-09,customer2284@yahoo.com,Australia,37.0,Home & Kitchen,60.57,5,0.0,Credit Card,4.0
2286,2023-12-20,customer2285@gmail.com,Germany,53.0,Books,148.81,5,0.1,Credit Card,5.0
2287,2023-08-17,customer2286@gmail.com,Germany,51.0,Office Supplies,68.15,4,0.0,Credit Card,5.0
2288,2023-09-01,customer2287@protonmail.com,Germany,46.0,Office Supplies,81.29,4,0.05,Credit Card,3.0
2289,2024-04-19,customer2288@outlook.com,Australia,34.0,Grocery,54.86,2,0.1,PayPal,4.0
2290,2024-05-05,customer2289@yahoo.com,Mexico,,Grocery,90.11,4,0.0,Gift Card,5.0
2291,2023-12-14,customer2290@yahoo.com,Brazil,32.0,Office Supplies,105.06,5,0.05,Credit Card,4.0
2292,2023-06-30,customer2291@outlook.com,Mexico,49.0,Grocery,132.93,2,0.25,PayPal,5.0
2293,2023-10-27,customer2292@yahoo.com,United Kingdom,31.0,Books,156.08,3,0.25,PayPal,4.0
2294,2023-08-28,customer2293@yahoo.com,India,73.0,Electronics,84.48,5,0.2,Credit Card,5.0
2295,2023-03-13,customer2294@outlook.com,France,29.0,Home & Kitchen,135.16,2,0.15,Credit Card,3.0
2296,2023-10-24,customer2295@protonmail.com,Germany,62.0,Clothing,115.1,4,0.15,Credit Card,
2297,2024-09-11,customer2296@yahoo.com,United States,36.0,Home & Kitchen,91.45,1,0.1,Debit Card,3.0
2298,2024-03-24,customer2297@gmail.com,India,29.0,Clothing,67.23,5,0.15,PayPal,4.0
2299,2023-04-08,customer2298@outlook.com,Canada,,Electronics,13.84,1,0.0,Debit Card,5.0
2300,2024-09-14,customer2299@yahoo.com,France,30.0,Toys,208.99,1,0.1,PayPal,4.0
2301,2023-06-05,customer2300@hotmail.com,Mexico,72.0,Clothing,73.42,3,0.1,Debit Card,3.0
2302,2024-03-24,customer2301@hotmail.com,Japan,36.0,Home & Kitchen,51.27,4,0.0,Credit Card,5.0
2303,2024-02-19,customer2302@outlook.com,Canada,35.0,Sports & Outdoors,51.39,2,0.0,Credit Card,1.0
2304,2024-06-14,customer2303@yahoo.com,Mexico,19.0,Home & Kitchen,104.19,4,0.0,PayPal,
2305,2024-07-13,customer2304@hotmail.com,Australia,36.0,Books,29.54,2,0.15,Debit Card,
2306,2023-08-02,customer2305@outlook.com,United Kingdom,22.0,Home & Kitchen,148.56,5,0.0,Gift Card,5.0
2307,2024-07-21,customer2306@yahoo.com,United Kingdom,28.0,Sports & Outdoors,83.78,3,0.0,Credit Card,5.0
2308,2024-03-04,customer2307@gmail.com,India,58.0,Grocery,44.37,3,0.2,Credit Card,3.0
2309,2023-09-13,customer2308@gmail.com,Australia,54.0,Electronics,95.95,1,0.1,PayPal,5.0
2310,2023-03-17,customer2309@protonmail.com,Germany,49.0,Grocery,109.53,2,0.1,Debit Card,3.0
2311,2024-02-19,customer2310@hotmail.com,United Kingdom,30.0,Grocery,43.12,1,0.0,PayPal,4.0
2312,2023-12-05,customer2311@protonmail.com,India,57.0,Office Supplies,93.97,5,0.05,Credit Card,3.0
2313,2023-12-10,customer2312@outlook.com,Germany,27.0,Grocery,55.24,3,0.1,Credit Card,
2314,2024-05-18,customer2313@gmail.com,Australia,58.0,Toys,144.75,2,0.0,Debit Card,5.0
2315,2024-06-01,customer2314@protonmail.com,United States,57.0,Electronics,55.93,2,0.25,Debit Card,5.0
2316,2023-05-12,customer2315@hotmail.com,United Kingdom,,Electronics,59.8,4,0.2,Credit Card,4.0
2317,2023-08-05,customer2316@hotmail.com,Brazil,52.0,Home & Kitchen,9.31,4,0.25,Debit Card,4.0
2318,2024-10-20,customer2317@gmail.com,Brazil,71.0,Clothing,126.89,2,0.2,Debit Card,5.0
2319,2024-03-09,customer2318@gmail.com,Mexico,53.0,Office Supplies,56.73,2,0.0,Debit Card,4.0
2320,2023-11-01,customer2319@protonmail.com,Canada,73.0,Electronics,55.43,5,0.2,Credit Card,5.0
2321,2024-12-10,customer2320@protonmail.com,Australia,65.0,Toys,137.11,1,0.0,Gift Card,4.0
2322,2024-05-04,customer2321@gmail.com,Canada,19.0,Office Supplies,88.31,3,0.05,Credit Card,3.0
2323,2024-09-12,customer2322@outlook.com,Brazil,69.0,Electronics,39.91,5,0.05,Credit Card,4.0
2324,2023-12-10,customer2323@yahoo.com,Canada,21.0,Electronics,81.19,2,0.05,Credit Card,4.0
2325,2023-04-30,customer2324@hotmail.com,Canada,29.0,Home & Kitchen,90.11,1,0.2,Credit Card,5.0
2326,2024-06-18,customer2325@protonmail.com,India,64.0,Home & Kitchen,61.76,5,0.1,PayPal,
2327,2024-08-19,customer2326@hotmail.com,Canada,45.0,Books,177.73,5,0.1,Credit Card,2.0
2328,2024-03-02,customer2327@yahoo.com,India,52.0,Clothing,60.13,1,0.0,Credit Card,3.0
2329,2023-11-12,customer2328@yahoo.com,Brazil,34.0,Toys,68.66,2,0.2,Credit Card,5.0
2330,2023-03-31,customer2329@protonmail.com,Australia,74.0,Electronics,70.38,1,0.0,Credit Card,4.0
2331,2023-06-29,customer2330@gmail.com,Canada,23.0,Sports & Outdoors,105.37,5,0.15,Credit Card,2.0
2332,2024-11-06,customer2331@hotmail.com,United Kingdom,32.0,Home & Kitchen,37.25,5,0.05,Credit Card,5.0
2333,2023-05-03,customer2332@outlook.com,United Kingdom,65.0,Books,113.47,5,0.15,Credit Card,5.0
2334,2024-04-26,customer2333@outlook.com,Germany,63.0,Electronics,220.77,2,0.15,PayPal,5.0
2335,2024-04-29,customer2334@gmail.com,United Kingdom,34.0,Grocery,24.74,4,0.1,Debit Card,3.0
2336,2023-12-11,customer2335@gmail.com,Canada,47.0,Sports & Outdoors,39.03,1,0.05,Credit Card,4.0
2337,2024-12-28,customer2336@outlook.com,Germany,20.0,Home & Kitchen,22.05,1,0.15,Debit Card,5.0
2338,2024-05-08,customer2337@hotmail.com,United States,49.0,Sports & Outdoors,12.13,3,0.0,Credit Card,2.0
2339,2024-12-06,customer2338@gmail.com,Mexico,66.0,Clothing,38.27,5,0.25,Credit Card,5.0
2340,2023-07-10,customer2339@outlook.com,India,29.0,Grocery,40.08,2,0.05,Credit Card,5.0
2341,2024-06-24,customer2340@protonmail.com,United Kingdom,71.0,Office Supplies,109.89,3,0.25,Credit Card,4.0
2342,2024-07-15,customer2341@outlook.com,Canada,52.0,Electronics,135.02,5,0.1,Credit Card,5.0
2343,2024-11-01,customer2342@hotmail.com,India,20.0,Books,80.82,3,0.0,Credit Card,5.0
2344,2023-10-28,customer2343@outlook.com,United States,41.0,Home & Kitchen,125.6,5,0.15,Debit Card,5.0
2345,2023-08-31,customer2344@gmail.com,Brazil,27.0,Beauty,104.33,4,0.1,Credit Card,2.0
2346,2024-08-10,customer2345@outlook.com,Canada,,Electronics,46.0,5,0.2,Credit Card,3.0
2347,2024-06-08,customer2346@gmail.com,United States,22.0,Toys,86.93,2,0.2,Gift Card,4.0
2348,2023-07-20,customer2347@outlook.com,Mexico,65.0,Grocery,34.98,5,0.0,PayPal,5.0
2349,2023-08-11,customer2348@yahoo.com,Australia,56.0,Clothing,68.66,5,0.2,PayPal,4.0
2350,2024-07-30,customer2349@hotmail.com,Germany,30.0,Grocery,78.03,5,0.1,Debit Card,
2351,2024-02-20,customer2350@gmail.com,United States,22.0,Electronics,97.29,5,0.05,Debit Card,
2352,2024-10-23,customer2351@outlook.com,Japan,35.0,Automotive,166.83,2,0.05,PayPal,5.0
2353,2024-04-05,customer2352@gmail.com,Australia,34.0,Grocery,28.27,5,0.15,Credit Card,4.0
2354,2024-12-16,customer2353@protonmail.com,United States,22.0,Clothing,67.53,4,0.15,PayPal,
2355,2023-08-27,customer2354@hotmail.com,Brazil,25.0,Electronics,149.76,1,0.25,PayPal,2.0
2356,2024-07-20,customer2355@outlook.com,Australia,56.0,Books,43.66,5,0.2,Credit Card,5.0
2357,2023-05-19,customer2356@protonmail.com,India,60.0,Sports & Outdoors,36.09,4,0.0,Credit Card,4.0
2358,2024-05-28,customer2357@gmail.com,Brazil,34.0,Electronics,103.05,4,0.05,Credit Card,4.0
2359,2023-11-01,customer2358@hotmail.com,Australia,40.0,Office Supplies,93.85,1,0.25,Debit Card,5.0
2360,2024-01-15,customer2359@protonmail.com,United States,,Beauty,22.21,5,0.2,PayPal,1.0
2361,2024-08-12,customer2360@outlook.com,United Kingdom,37.0,Office Supplies,48.22,5,0.05,Debit Card,5.0
2362,2023-03-19,customer2361@protonmail.com,United Kingdom,60.0,Home & Kitchen,32.13,5,0.0,Credit Card,4.0
2363,2023-06-13,customer2362@protonmail.com,Mexico,65.0,Clothing,32.24,2,0.0,Debit Card,4.0
2364,2024-02-13,customer2363@protonmail.com,Germany,69.0,Home & Kitchen,89.83,1,0.25,PayPal,4.0
2365,2023-10-30,customer2364@gmail.com,Australia,73.0,Home & Kitchen,89.71,4,0.15,Debit Card,4.0
2366,2024-02-16,customer2365@yahoo.com,India,29.0,Electronics,67.77,3,0.2,Debit Card,5.0
2367,2023-11-11,customer2366@hotmail.com,United States,72.0,Electronics,27.97,2,0.2,Debit Card,3.0
2368,2023-02-17,customer2367@yahoo.com,Japan,54.0,Sports & Outdoors,32.97,2,0.0,PayPal,5.0
2369,2024-11-14,customer2368@hotmail.com,India,31.0,Electronics,85.32,4,0.1,Debit Card,
2370,2024-05-19,customer2369@gmail.com,India,68.0,Electronics,24.22,5,0.15,PayPal,5.0
2371,2024-03-21,customer2370@hotmail.com,Australia,40.0,Toys,17.14,3,0.0,PayPal,5.0
2372,2023-04-19,customer2371@protonmail.com,Germany,,Beauty,50.67,5,0.1,Gift Card,2.0
2373,2023-05-25,customer2372@yahoo.com,Canada,44.0,Grocery,67.97,3,0.0,PayPal,4.0
2374,2024-03-11,customer2373@hotmail.com,Australia,55.0,Toys,19.26,3,0.25,Debit Card,5.0
2375,2023-02-08,customer2374@gmail.com,India,45.0,Home & Kitchen,87.54,2,0.0,Gift Card,5.0
2376,2023-12-12,customer2375@yahoo.com,Australia,72.0,Toys,63.32,1,0.0,Gift Card,5.0
2377,2024-10-11,customer2376@gmail.com,Japan,44.0,Sports & Outdoors,30.84,2,0.25,Credit Card,4.0
2378,2024-09-30,customer2377@gmail.com,United Kingdom,26.0,Home & Kitchen,71.84,2,0.1,PayPal,5.0
2379,2024-01-11,customer2378@outlook.com,Brazil,68.0,Electronics,14.01,4,0.25,Bank Transfer,4.0
2380,2023-06-19,customer2379@protonmail.com,France,20.0,Automotive,53.35,1,0.1,Credit Card,2.0
2381,2023-02-24,customer2380@gmail.com,Germany,60.0,Electronics,54.87,3,0.0,Credit Card,4.0
2382,2023-05-05,customer2381@yahoo.com,United Kingdom,44.0,Home & Kitchen,68.48,3,0.0,Debit Card,4.0
2383,2023-07-24,customer2382@gmail.com,Japan,57.0,Home & Kitchen,73.65,3,0.0,Debit Card,4.0
2384,2024-02-07,customer2383@outlook.com,United States,36.0,Automotive,106.04,5,0.2,Bank Transfer,2.0
2385,2024-06-13,customer2384@hotmail.com,Mexico,30.0,Books,66.05,1,0.0,Credit Card,
2386,2023-12-02,customer2385@gmail.com,Mexico,70.0,Office Supplies,23.53,2,0.15,PayPal,5.0
2387,2024-08-26,customer2386@yahoo.com,Mexico,28.0,Grocery,36.19,2,0.05,PayPal,2.0
2388,2023-04-28,customer2387@gmail.com,Mexico,18.0,Beauty,256.66,4,0.1,PayPal,
2389,2023-11-06,customer2388@gmail.com,India,41.0,Electronics,19.18,4,0.2,Debit Card,5.0
2390,2024-03-24,customer2389@yahoo.com,India,36.0,Clothing,194.3,5,0.25,Debit Card,5.0
2391,2023-02-09,customer2390@yahoo.com,France,51.0,Grocery,178.05,3,0.0,Credit Card,5.0
2392,2024-10-23,customer2391@yahoo.com,Canada,37.0,Office Supplies,23.18,5,0.25,Credit Card,5.0
2393,2024-12-27,customer2392@protonmail.com,United States,38.0,Automotive,117.38,1,0.25,Credit Card,3.0
2394,2024-06-24,customer2393@yahoo.com,United States,58.0,Office Supplies,86.75,1,0.2,Credit Card,3.0
2395,2024-05-28,customer2394@yahoo.com,Brazil,61.0,Sports & Outdoors,129.92,4,0.0,PayPal,2.0
2396,2023-06-02,customer2395@outlook.com,Canada,18.0,Books,37.26,2,0.0,Gift Card,4.0
2397,2023-05-14,customer2396@protonmail.com,Canada,27.0,Books,86.98,2,0.0,Credit Card,3.0
2398,2023-06-24,customer2397@yahoo.com,India,66.0,Books,43.15,2,0.25,PayPal,2.0
2399,2023-04-09,customer2398@outlook.com,Canada,69.0,Electronics,31.22,1,0.25,Credit Card,4.0
2400,2024-02-12,customer2399@protonmail.com,Canada,71.0,Clothing,71.33,2,0.0,Credit Card,4.0
2401,2024-11-29,customer2400@protonmail.com,France,38.0,Electronics,103.91,5,0.1,Credit Card,
2402,2024-05-09,customer2401@outlook.com,United Kingdom,45.0,Electronics,98.3,1,0.1,Credit Card,5.0
2403,2024-10-05,customer2402@hotmail.com,United States,26.0,Clothing,122.37,5,0.05,Gift Card,4.0
2404,2024-12-15,customer2403@gmail.com,Japan,24.0,Sports & Outdoors,39.29,3,0.25,Debit Card,4.0
2405,2024-04-28,customer2404@hotmail.com,Australia,52.0,Sports & Outdoors,177.32,4,0.25,Credit Card,4.0
2406,2023-03-18,customer2405@yahoo.com,France,20.0,Toys,70.07,4,0.0,Credit Card,5.0
2407,2024-11-10,customer2406@yahoo.com,United Kingdom,27.0,Beauty,30.03,1,0.1,PayPal,3.0
2408,2024-02-03,customer2407@outlook.com,Japan,32.0,Clothing,117.05,2,0.0,Debit Card,4.0
2409,2024-02-04,customer2408@protonmail.com,Australia,20.0,Clothing,64.21,5,0.0,Gift Card,4.0
2410,2024-12-21,customer2409@outlook.com,Australia,25.0,Books,38.37,4,0.2,Debit Card,5.0
2411,2024-05-14,customer2410@yahoo.com,Mexico,18.0,Electronics,46.88,2,0.2,Debit Card,3.0
2412,2023-03-22,customer2411@hotmail.com,Australia,46.0,Toys,64.47,3,0.0,Debit Card,5.0
2413,2024-07-12,customer2412@outlook.com,Mexico,51.0,Beauty,16.66,3,0.1,PayPal,
2414,2024-12-10,customer2413@hotmail.com,India,41.0,Home & Kitchen,156.98,1,0.0,PayPal,
2415,2023-06-23,customer2414@outlook.com,Canada,39.0,Grocery,93.12,5,0.1,Credit Card,5.0
2416,2023-12-04,customer2415@outlook.com,United Kingdom,28.0,Home & Kitchen,70.15,2,0.0,Debit Card,4.0
2417,2023-03-17,customer2416@gmail.com,Japan,67.0,Books,55.44,5,0.1,Credit Card,
2418,2024-06-07,customer2417@yahoo.com,Canada,65.0,Automotive,125.92,2,0.15,Gift Card,5.0
2419,2023-04-15,customer2418@gmail.com,Brazil,42.0,Beauty,162.27,4,0.0,PayPal,5.0
2420,2023-11-07,customer2419@gmail.com,France,52.0,Toys,27.55,3,0.05,Credit Card,5.0
2421,2024-04-20,customer2420@protonmail.com,Germany,72.0,Sports & Outdoors,70.09,5,0.0,Debit Card,3.0
2422,2024-09-05,customer2421@gmail.com,Australia,53.0,Electronics,83.58,4,0.05,Debit Card,4.0
2423,2023-08-22,customer2422@yahoo.com,United Kingdom,47.0,Beauty,125.25,3,0.25,Gift Card,4.0
2424,2024-10-25,customer2423@gmail.com,France,56.0,Sports & Outdoors,101.48,2,0.25,Debit Card,5.0
2425,2023-01-18,customer2424@outlook.com,Brazil,63.0,Electronics,86.91,5,0.15,Credit Card,5.0
2426,2023-05-02,customer2425@outlook.com,Australia,67.0,Electronics,66.05,1,0.2,PayPal,4.0
2427,2023-03-28,customer2426@hotmail.com,Mexico,28.0,Office Supplies,25.08,3,0.05,Credit Card,3.0
2428,2024-06-29,customer2427@gmail.com,France,56.0,Electronics,73.17,2,0.15,Debit Card,5.0
2429,2023-09-22,customer2428@gmail.com,India,69.0,Automotive,57.02,3,0.05,Debit Card,5.0
2430,2023-01-16,customer2429@yahoo.com,Australia,25.0,Home & Kitchen,27.42,1,0.0,PayPal,4.0
2431,2024-07-29,customer2430@gmail.com,India,73.0,Clothing,162.5,4,0.2,Debit Card,3.0
2432,2023-07-22,customer2431@gmail.com,Mexico,39.0,Toys,69.41,4,0.2,Credit Card,3.0
2433,2024-05-13,customer2432@outlook.com,India,69.0,Sports & Outdoors,99.83,4,0.0,Gift Card,3.0
2434,2024-02-08,customer2433@protonmail.com,United States,47.0,Books,58.7,4,0.0,Gift Card,4.0
2435,2023-03-23,customer2434@gmail.com,Canada,44.0,Clothing,33.65,1,0.05,Debit Card,5.0
2436,2024-03-16,customer2435@yahoo.com,Mexico,28.0,Books,104.2,4,0.25,Debit Card,4.0
2437,2024-09-20,customer2436@protonmail.com,Brazil,63.0,Beauty,168.88,2,0.2,Debit Card,5.0
2438,2023-09-24,customer2437@hotmail.com,Australia,71.0,Clothing,124.19,4,0.0,Debit Card,4.0
2439,2024-08-31,customer2438@yahoo.com,Japan,72.0,Toys,89.16,4,0.1,Credit Card,5.0
2440,2023-07-17,customer2439@protonmail.com,United States,32.0,Clothing,57.5,2,0.2,Debit Card,3.0
2441,2023-07-26,customer2440@outlook.com,Australia,55.0,Clothing,79.14,1,0.0,Credit Card,3.0
2442,2023-05-06,customer2441@protonmail.com,United States,62.0,Home & Kitchen,102.24,1,0.25,PayPal,
2443,2023-06-04,customer2442@outlook.com,Japan,72.0,Home & Kitchen,54.34,3,0.25,PayPal,5.0
2444,2023-06-24,customer2443@protonmail.com,Australia,72.0,Beauty,101.42,3,0.0,Credit Card,5.0
2445,2024-04-19,customer2444@yahoo.com,Japan,53.0,Office Supplies,60.37,1,0.1,PayPal,5.0
2446,2023-04-06,customer2445@hotmail.com,Japan,33.0,Electronics,13.15,4,0.0,Credit Card,4.0
2447,2024-02-02,customer2446@yahoo.com,Mexico,28.0,Home & Kitchen,35.0,2,0.15,Credit Card,4.0
2448,2023-07-10,customer2447@yahoo.com,Australia,43.0,Office Supplies,62.39,5,0.0,Credit Card,5.0
2449,2023-04-18,customer2448@gmail.com,India,54.0,Clothing,73.1,4,0.15,Debit Card,2.0
2450,2024-08-22,customer2449@outlook.com,France,32.0,Clothing,117.04,4,0.0,PayPal,2.0
2451,2024-01-30,customer2450@gmail.com,Brazil,53.0,Sports & Outdoors,82.12,2,0.1,Credit Card,4.0
2452,2023-07-29,customer2451@outlook.com,United Kingdom,,Clothing,20.28,4,0.1,Gift Card,5.0
2453,2024-04-11,customer2452@outlook.com,France,49.0,Books,102.2,4,0.25,Debit Card,5.0
2454,2024-10-24,customer2453@outlook.com,Japan,63.0,Automotive,55.71,5,0.0,Credit Card,5.0
2455,2023-07-26,customer2454@gmail.com,Mexico,36.0,Toys,24.91,3,0.1,Debit Card,
2456,2023-06-29,customer2455@yahoo.com,India,68.0,Sports & Outdoors,101.66,4,0.0,Debit Card,5.0
2457,2024-05-13,customer2456@protonmail.com,United Kingdom,74.0,Home & Kitchen,111.19,3,0.15,Debit Card,3.0
2458,2023-12-26,customer2457@gmail.com,France,21.0,Home & Kitchen,75.6,5,0.05,Debit Card,1.0
2459,2024-05-06,customer2458@protonmail.com,United States,33.0,Automotive,84.58,4,0.0,Credit Card,3.0
2460,2023-05-03,customer2459@gmail.com,Japan,60.0,Automotive,74.08,1,0.0,PayPal,5.0
2461,2024-11-12,customer2460@protonmail.com,United States,61.0,Grocery,99.71,4,0.0,Credit Card,
2462,2023-01-13,customer2461@outlook.com,United States,51.0,Electronics,61.4,1,0.2,Bank Transfer,3.0
2463,2023-07-19,customer2462@hotmail.com,Brazil,49.0,Grocery,12.1,1,0.25,Debit Card,4.0
2464,2024-04-01,customer2463@protonmail.com,France,42.0,Electronics,35.4,3,0.0,Credit Card,
2465,2024-01-15,customer2464@hotmail.com,Canada,50.0,Toys,40.26,3,0.05,Gift Card,5.0
2466,2023-09-04,customer2465@hotmail.com,Brazil,68.0,Sports & Outdoors,55.93,3,0.0,Credit Card,3.0
2467,2024-12-14,customer2466@gmail.com,Brazil,20.0,Clothing,59.86,3,0.0,Credit Card,5.0
2468,2023-09-09,customer2467@yahoo.com,India,67.0,Books,153.25,2,0.0,PayPal,4.0
2469,2024-05-10,customer2468@protonmail.com,India,22.0,Beauty,68.73,5,0.25,Credit Card,4.0
2470,2023-10-25,customer2469@protonmail.com,Australia,57.0,Automotive,84.55,4,0.0,Debit Card,
2471,2023-11-18,customer2470@yahoo.com,Mexico,37.0,Home & Kitchen,62.89,4,0.2,Debit Card,5.0
2472,2024-07-21,customer2471@hotmail.com,Australia,27.0,Electronics,74.15,3,0.0,PayPal,4.0
2473,2023-09-16,customer2472@outlook.com,Japan,18.0,Sports & Outdoors,83.98,4,0.0,Debit Card,1.0
2474,2023-10-19,customer2473@protonmail.com,Canada,32.0,Home & Kitchen,124.48,3,0.0,PayPal,
2475,2024-07-24,customer2474@protonmail.com,Australia,18.0,Home & Kitchen,122.81,5,0.0,Bank Transfer,4.0
2476,2023-03-05,customer2475@protonmail.com,United Kingdom,26.0,Home & Kitchen,24.28,1,0.0,PayPal,5.0
2477,2023-11-12,customer2476@hotmail.com,India,40.0,Home & Kitchen,41.3,4,0.0,Credit Card,5.0
2478,2023-07-23,customer2477@hotmail.com,Japan,32.0,Books,55.67,3,0.05,PayPal,5.0
2479,2023-12-19,customer2478@protonmail.com,Brazil,43.0,Office Supplies,117.24,2,0.0,PayPal,4.0
2480,2024-02-25,customer2479@protonmail.com,Brazil,62.0,Grocery,79.34,4,0.1,Debit Card,5.0
2481,2023-11-10,customer2480@yahoo.com,Japan,19.0,Toys,59.69,5,0.0,PayPal,2.0
2482,2024-12-26,customer2481@outlook.com,United States,37.0,Electronics,29.18,2,0.1,Debit Card,4.0
2483,2024-10-28,customer2482@yahoo.com,United Kingdom,39.0,Sports & Outdoors,104.71,3,0.1,Credit Card,
2484,2023-04-15,customer2483@hotmail.com,Mexico,34.0,Books,127.74,2,0.25,PayPal,4.0
2485,2024-04-14,customer2484@protonmail.com,Japan,48.0,Grocery,36.58,5,0.1,Debit Card,5.0
2486,2023-08-25,customer2485@yahoo.com,Mexico,32.0,Books,19.72,3,0.15,Credit Card,3.0
2487,2024-06-05,customer2486@outlook.com,United States,30.0,Sports & Outdoors,65.31,2,0.2,Debit Card,5.0
2488,2023-12-21,customer2487@protonmail.com,Canada,20.0,Home & Kitchen,66.34,5,0.0,Debit Card,5.0
2489,2024-11-27,customer2488@yahoo.com,Japan,58.0,Grocery,148.68,2,0.2,PayPal,5.0
2490,2024-11-20,customer2489@hotmail.com,United States,37.0,Grocery,46.17,1,0.05,Gift Card,2.0
2491,2023-02-11,customer2490@protonmail.com,United States,64.0,Clothing,41.07,2,0.15,PayPal,
2492,2023-03-21,customer2491@yahoo.com,Germany,23.0,Office Supplies,39.99,2,0.15,Bank Transfer,
2493,2023-01-17,customer2492@yahoo.com,Japan,30.0,Electronics,30.73,2,0.0,Credit Card,3.0
2494,2024-08-02,customer2493@outlook.com,Mexico,50.0,Electronics,60.62,1,0.1,Credit Card,5.0
2495,2023-06-16,customer2494@protonmail.com,Mexico,66.0,Beauty,108.4,5,0.0,PayPal,
2496,2024-06-11,customer2495@gmail.com,France,28.0,Sports & Outdoors,111.14,2,0.0,Debit Card,3.0
2497,2023-08-31,customer2496@protonmail.com,Brazil,35.0,Electronics,31.76,5,0.25,Gift Card,4.0
2498,2023-08-12,customer2497@outlook.com,Germany,33.0,Electronics,120.12,4,0.2,PayPal,4.0
2499,2024-03-17,customer2498@gmail.com,Brazil,19.0,Electronics,69.36,5,0.0,Credit Card,4.0
2500,2024-07-18,customer2499@hotmail.com,India,,Electronics,15.76,2,0.0,PayPal,5.0
2501,2024-02-18,customer2500@outlook.com,Japan,56.0,Books,101.25,4,0.0,Credit Card,2.0
2502,2024-02-24,customer2501@yahoo.com,Canada,39.0,Electronics,123.86,2,0.0,Debit Card,3.0
2503,2024-06-21,customer2502@yahoo.com,United Kingdom,57.0,Books,48.14,2,0.0,PayPal,5.0
2504,2023-05-06,customer2503@hotmail.com,Mexico,36.0,Sports & Outdoors,68.43,5,0.15,PayPal,3.0
2505,2024-03-08,customer2504@outlook.com,Brazil,49.0,Beauty,59.31,5,0.05,Credit Card,
2506,2023-07-28,customer2505@hotmail.com,India,72.0,Office Supplies,72.29,2,0.25,PayPal,5.0
2507,2023-04-24,customer2506@protonmail.com,United States,26.0,Electronics,58.17,1,0.1,Gift Card,
2508,2023-08-28,customer2507@protonmail.com,Germany,21.0,Electronics,76.68,3,0.25,Credit Card,5.0
2509,2023-05-21,customer2508@protonmail.com,Australia,25.0,Electronics,11.49,5,0.0,Credit Card,4.0
2510,2023-08-24,customer2509@protonmail.com,Brazil,68.0,Clothing,46.84,5,0.25,Credit Card,5.0
2511,2023-01-18,customer2510@hotmail.com,Canada,52.0,Books,62.48,3,0.0,Debit Card,3.0
2512,2024-06-28,customer2511@yahoo.com,Brazil,70.0,Electronics,94.38,3,0.05,Credit Card,5.0
2513,2023-09-12,customer2512@gmail.com,Japan,39.0,Beauty,11.63,5,0.1,Debit Card,4.0
2514,2024-04-27,customer2513@yahoo.com,Australia,73.0,Office Supplies,124.21,1,0.05,Credit Card,5.0
2515,2024-07-01,customer2514@outlook.com,India,39.0,Home & Kitchen,68.72,2,0.0,Credit Card,4.0
2516,2024-08-21,customer2515@yahoo.com,Brazil,67.0,Electronics,118.37,1,0.0,Credit Card,5.0
2517,2023-02-26,customer2516@hotmail.com,Brazil,49.0,Beauty,83.15,3,0.05,Gift Card,4.0
2518,2024-01-08,customer2517@yahoo.com,Australia,64.0,Grocery,142.3,5,0.05,Credit Card,5.0
2519,2023-11-01,customer2518@protonmail.com,Mexico,63.0,Electronics,86.32,2,0.0,Credit Card,2.0
2520,2023-09-13,customer2519@gmail.com,India,31.0,Sports & Outdoors,20.73,5,0.2,Credit Card,4.0
2521,2024-08-11,customer2520@gmail.com,United Kingdom,62.0,Home & Kitchen,97.02,3,0.0,Gift Card,
2522,2023-02-19,customer2521@outlook.com,Brazil,,Sports & Outdoors,72.86,2,0.0,Debit Card,5.0
2523,2023-08-15,customer2522@yahoo.com,Australia,46.0,Beauty,44.85,5,0.0,PayPal,4.0
2524,2024-08-02,customer2523@protonmail.com,Mexico,52.0,Home & Kitchen,74.81,4,0.0,Credit Card,4.0
2525,2023-10-16,customer2524@outlook.com,Germany,21.0,Home & Kitchen,87.54,3,0.0,Credit Card,5.0
2526,2023-02-24,customer2525@hotmail.com,Brazil,48.0,Sports & Outdoors,77.29,1,0.25,Debit Card,5.0
2527,2023-05-07,customer2526@hotmail.com,United Kingdom,30.0,Toys,24.64,3,0.1,PayPal,5.0
2528,2023-08-09,customer2527@outlook.com,Mexico,59.0,Automotive,150.21,2,0.0,PayPal,3.0
2529,2023-07-01,customer2528@hotmail.com,Canada,44.0,Books,105.38,3,0.1,Credit Card,5.0
2530,2024-05-03,customer2529@yahoo.com,Canada,24.0,Grocery,66.06,5,0.0,Bank Transfer,4.0
2531,2023-05-06,customer2530@outlook.com,Mexico,74.0,Beauty,55.6,5,0.25,Debit Card,5.0
2532,2024-07-11,customer2531@yahoo.com,United Kingdom,34.0,Sports & Outdoors,144.7,3,0.25,Debit Card,4.0
2533,2023-08-16,customer2532@protonmail.com,Australia,49.0,Home & Kitchen,76.85,2,0.1,Gift Card,5.0
2534,2023-02-20,customer2533@gmail.com,France,56.0,Home & Kitchen,25.79,2,0.0,Debit Card,4.0
2535,2023-01-09,customer2534@protonmail.com,Brazil,64.0,Toys,145.07,2,0.0,PayPal,3.0
2536,2024-03-19,customer2535@gmail.com,United Kingdom,52.0,Electronics,50.26,3,0.2,Debit Card,4.0
2537,2024-06-20,customer2536@outlook.com,Germany,55.0,Electronics,25.59,5,0.0,Credit Card,3.0
2538,2023-04-11,customer2537@hotmail.com,India,37.0,Electronics,77.79,5,0.0,Credit Card,5.0
2539,2023-08-14,customer2538@outlook.com,Mexico,36.0,Automotive,43.08,2,0.1,Gift Card,
2540,2024-07-06,customer2539@protonmail.com,Canada,26.0,Sports & Outdoors,61.9,5,0.0,Gift Card,3.0
2541,2024-09-25,customer2540@protonmail.com,France,74.0,Grocery,85.22,3,0.15,Bank Transfer,4.0
2542,2024-06-16,customer2541@protonmail.com,France,66.0,Office Supplies,5.85,4,0.0,PayPal,3.0
2543,2024-03-26,customer2542@hotmail.com,Australia,31.0,Beauty,72.0,2,0.2,Debit Card,3.0
2544,2024-06-30,customer2543@protonmail.com,Australia,65.0,Books,127.35,5,0.0,Credit Card,5.0
2545,2023-08-05,customer2544@yahoo.com,United States,56.0,Books,27.42,3,0.0,Debit Card,4.0
2546,2023-02-16,customer2545@gmail.com,India,26.0,Beauty,9.71,4,0.05,Debit Card,4.0
2547,2024-02-16,customer2546@outlook.com,United Kingdom,31.0,Grocery,107.52,2,0.25,Credit Card,4.0
2548,2024-02-13,customer2547@yahoo.com,United Kingdom,60.0,Grocery,69.94,5,0.15,PayPal,5.0
2549,2024-08-09,customer2548@gmail.com,India,73.0,Books,91.32,3,0.25,Credit Card,3.0
2550,2023-06-25,customer2549@yahoo.com,Mexico,26.0,Grocery,50.68,4,0.1,Debit Card,5.0
2551,2024-10-11,customer2550@gmail.com,Mexico,71.0,Books,76.45,3,0.25,PayPal,5.0
2552,2023-12-28,customer2551@gmail.com,United Kingdom,43.0,Clothing,146.01,3,0.05,PayPal,2.0
2553,2023-11-19,customer2552@hotmail.com,Brazil,69.0,Home & Kitchen,92.12,2,0.0,Debit Card,5.0
2554,2024-12-23,customer2553@yahoo.com,Canada,44.0,Electronics,29.79,5,0.0,Credit Card,4.0
2555,2024-02-01,customer2554@outlook.com,France,34.0,Home & Kitchen,121.28,2,0.05,Debit Card,5.0
2556,2023-03-08,customer2555@hotmail.com,United Kingdom,40.0,Beauty,63.71,2,0.15,Credit Card,4.0
2557,2023-07-05,customer2556@yahoo.com,United Kingdom,46.0,Electronics,12.82,3,0.0,Credit Card,5.0
2558,2024-03-09,customer2557@outlook.com,India,37.0,Automotive,38.1,3,0.0,PayPal,5.0
2559,2023-06-18,customer2558@outlook.com,India,33.0,Electronics,32.5,2,0.15,Credit Card,4.0
2560,2023-05-01,customer2559@protonmail.com,Canada,44.0,Electronics,61.79,5,0.0,Debit Card,5.0
2561,2023-08-05,customer2560@protonmail.com,Germany,35.0,Books,123.27,4,0.25,Debit Card,5.0
2562,2024-01-08,customer2561@gmail.com,United States,58.0,Home & Kitchen,104.64,5,0.25,Bank Transfer,5.0
2563,2023-03-09,customer2562@hotmail.com,India,34.0,Electronics,44.17,2,0.2,PayPal,5.0
2564,2024-01-16,customer2563@hotmail.com,United Kingdom,36.0,Electronics,86.92,3,0.25,PayPal,3.0
2565,2024-06-14,customer2564@protonmail.com,Australia,63.0,Books,48.23,3,0.0,PayPal,5.0
2566,2023-11-30,customer2565@outlook.com,Australia,51.0,Home & Kitchen,55.23,3,0.0,Credit Card,4.0
2567,2024-05-21,customer2566@outlook.com,Canada,65.0,Toys,80.29,1,0.2,Credit Card,
2568,2024-04-11,customer2567@hotmail.com,Germany,38.0,Electronics,27.35,5,0.0,Credit Card,4.0
2569,2023-12-29,customer2568@hotmail.com,Canada,62.0,Electronics,58.34,5,0.15,Debit Card,5.0
2570,2024-12-12,customer2569@outlook.com,Canada,73.0,Electronics,58.86,3,0.1,Credit Card,
2571,2024-03-22,customer2570@hotmail.com,India,18.0,Electronics,40.66,2,0.0,Gift Card,4.0
2572,2024-08-10,customer2571@gmail.com,Germany,56.0,Grocery,86.14,3,0.05,Credit Card,5.0
2573,2024-04-12,customer2572@protonmail.com,France,70.0,Clothing,86.58,1,0.05,Credit Card,4.0
2574,2024-11-30,customer2573@yahoo.com,Japan,66.0,Sports & Outdoors,34.55,1,0.25,Debit Card,2.0
2575,2023-11-11,customer2574@yahoo.com,India,40.0,Automotive,26.63,2,0.1,Credit Card,5.0
2576,2023-05-19,customer2575@yahoo.com,France,42.0,Home & Kitchen,64.13,2,0.05,Credit Card,
2577,2023-05-13,customer2576@gmail.com,India,35.0,Automotive,37.17,2,0.15,Bank Transfer,4.0
2578,2024-12-26,customer2577@yahoo.com,Australia,32.0,Beauty,51.18,2,0.0,Credit Card,5.0
2579,2024-08-05,customer2578@gmail.com,United States,63.0,Beauty,5.26,1,0.0,PayPal,4.0
2580,2023-08-11,customer2579@yahoo.com,Mexico,22.0,Automotive,58.51,3,0.1,PayPal,4.0
2581,2023-11-23,customer2580@hotmail.com,United Kingdom,42.0,Electronics,52.75,1,0.1,Credit Card,3.0
2582,2023-01-25,customer2581@hotmail.com,Brazil,64.0,Toys,28.12,4,0.0,Credit Card,3.0
2583,2024-11-26,customer2582@outlook.com,India,58.0,Books,101.16,4,0.0,Debit Card,1.0
2584,2023-11-15,customer2583@protonmail.com,India,57.0,Sports & Outdoors,51.93,1,0.05,Gift Card,5.0
2585,2023-10-08,customer2584@hotmail.com,Japan,45.0,Home & Kitchen,68.97,1,0.0,PayPal,2.0
2586,2023-06-29,customer2585@gmail.com,United Kingdom,64.0,Electronics,98.08,1,0.1,Credit Card,
2587,2023-03-02,customer2586@outlook.com,Japan,39.0,Office Supplies,89.39,1,0.2,Credit Card,4.0
2588,2024-07-10,customer2587@yahoo.com,Australia,56.0,Books,22.8,3,0.25,Debit Card,5.0
2589,2023-06-12,customer2588@outlook.com,Japan,19.0,Home & Kitchen,70.96,1,0.15,Debit Card,3.0
2590,2023-03-05,customer2589@yahoo.com,Germany,20.0,Electronics,40.22,1,0.0,Credit Card,5.0
2591,2024-12-15,customer2590@protonmail.com,Japan,33.0,Toys,117.67,3,0.15,Debit Card,5.0
2592,2024-02-05,customer2591@gmail.com,France,42.0,Electronics,163.98,5,0.15,Bank Transfer,4.0
2593,2023-02-26,customer2592@gmail.com,Mexico,35.0,Home & Kitchen,126.61,3,0.0,Gift Card,5.0
2594,2023-07-31,customer2593@yahoo.com,Canada,36.0,Office Supplies,99.9,2,0.0,PayPal,3.0
2595,2024-02-09,customer2594@protonmail.com,Brazil,23.0,Electronics,62.21,5,0.25,Bank Transfer,3.0
2596,2023-05-31,customer2595@hotmail.com,Australia,42.0,Home & Kitchen,104.85,5,0.2,Credit Card,5.0
2597,2024-12-23,customer2596@yahoo.com,Australia,23.0,Sports & Outdoors,17.41,5,0.05,Credit Card,
2598,2024-10-01,customer2597@yahoo.com,Australia,56.0,Home & Kitchen,43.29,2,0.0,Debit Card,1.0
2599,2024-10-08,customer2598@yahoo.com,Canada,63.0,Home & Kitchen,87.14,1,0.0,PayPal,4.0
2600,2024-01-12,customer2599@yahoo.com,Australia,50.0,Toys,57.63,5,0.0,PayPal,5.0
2601,2024-12-22,customer2600@outlook.com,France,36.0,Beauty,31.16,5,0.0,Gift Card,5.0
2602,2023-08-26,customer2601@protonmail.com,United Kingdom,54.0,Clothing,85.84,3,0.0,Debit Card,
2603,2024-02-10,customer2602@hotmail.com,Mexico,66.0,Grocery,140.58,4,0.2,Credit Card,4.0
2604,2024-06-28,customer2603@hotmail.com,United Kingdom,29.0,Grocery,133.61,5,0.2,Credit Card,4.0
2605,2024-01-04,customer2604@yahoo.com,France,29.0,Sports & Outdoors,43.74,1,0.2,Debit Card,5.0
2606,2024-09-14,customer2605@yahoo.com,Germany,46.0,Toys,154.59,3,0.0,PayPal,3.0
2607,2023-03-17,customer2606@gmail.com,France,42.0,Grocery,48.99,5,0.0,Debit Card,2.0
2608,2023-11-19,customer2607@gmail.com,Australia,31.0,Electronics,71.97,4,0.1,Credit Card,5.0
2609,2024-08-28,customer2608@outlook.com,Japan,36.0,Books,114.32,1,0.1,Debit Card,1.0
2610,2023-05-13,customer2609@protonmail.com,Germany,47.0,Electronics,11.25,1,0.0,Credit Card,4.0
2611,2023-10-09,customer2610@hotmail.com,Germany,71.0,Home & Kitchen,69.43,2,0.05,Debit Card,5.0
2612,2024-12-26,customer2611@protonmail.com,Brazil,34.0,Office Supplies,36.47,3,0.15,Credit Card,
2613,2024-03-23,customer2612@yahoo.com,Japan,26.0,Electronics,52.93,1,0.2,Gift Card,
2614,2023-09-20,customer2613@hotmail.com,Australia,30.0,Clothing,114.3,2,0.25,PayPal,5.0
2615,2023-09-23,customer2614@hotmail.com,Australia,51.0,Electronics,48.78,3,0.15,PayPal,4.0
2616,2023-05-31,customer2615@gmail.com,Canada,71.0,Toys,62.37,4,0.0,Credit Card,5.0
2617,2024-06-20,customer2616@gmail.com,Australia,70.0,Grocery,64.45,3,0.25,Debit Card,4.0
2618,2023-03-17,customer2617@hotmail.com,United Kingdom,,Clothing,96.57,3,0.1,Credit Card,4.0
2619,2023-06-01,customer2618@yahoo.com,United States,,Grocery,110.22,4,0.2,Credit Card,4.0
2620,2023-04-01,customer2619@outlook.com,Japan,53.0,Clothing,77.84,4,0.0,Debit Card,4.0
2621,2024-07-04,customer2620@protonmail.com,Australia,31.0,Automotive,51.82,2,0.1,Credit Card,3.0
2622,2024-11-19,customer2621@gmail.com,Australia,53.0,Grocery,74.31,2,0.1,Gift Card,
2623,2023-03-05,customer2622@gmail.com,Brazil,68.0,Electronics,50.38,1,0.15,Gift Card,5.0
2624,2024-11-22,customer2623@gmail.com,Germany,50.0,Automotive,161.99,1,0.0,Gift Card,4.0
2625,2024-10-30,customer2624@hotmail.com,Germany,60.0,Home & Kitchen,62.47,5,0.1,Credit Card,5.0
2626,2024-01-06,customer2625@gmail.com,Canada,58.0,Books,124.75,4,0.0,Debit Card,5.0
2627,2023-01-28,customer2626@hotmail.com,United States,27.0,Home & Kitchen,125.2,4,0.0,Credit Card,4.0
2628,2024-05-20,customer2627@gmail.com,Mexico,52.0,Clothing,78.06,3,0.2,Debit Card,4.0
2629,2024-01-18,customer2628@outlook.com,United Kingdom,32.0,Office Supplies,83.91,1,0.1,Debit Card,3.0
2630,2024-08-30,customer2629@outlook.com,France,66.0,Beauty,84.1,3,0.0,Debit Card,1.0
2631,2023-08-04,customer2630@hotmail.com,Mexico,59.0,Toys,93.83,1,0.15,Credit Card,5.0
2632,2024-02-11,customer2631@hotmail.com,United Kingdom,19.0,Office Supplies,29.99,5,0.0,Credit Card,4.0
2633,2024-10-13,customer2632@outlook.com,Canada,34.0,Clothing,203.36,3,0.25,Credit Card,4.0
2634,2024-05-01,customer2633@protonmail.com,Brazil,22.0,Electronics,73.69,1,0.0,Credit Card,
2635,2024-04-16,customer2634@yahoo.com,Germany,40.0,Grocery,140.16,2,0.0,Credit Card,3.0
2636,2024-12-06,customer2635@protonmail.com,United Kingdom,49.0,Electronics,74.55,4,0.15,Gift Card,2.0
2637,2023-12-24,customer2636@protonmail.com,Brazil,72.0,Grocery,77.16,3,0.2,Credit Card,5.0
2638,2023-05-06,customer2637@protonmail.com,United Kingdom,40.0,Electronics,45.09,1,0.25,Credit Card,4.0
2639,2024-12-13,customer2638@outlook.com,United States,44.0,Home & Kitchen,49.46,2,0.2,Gift Card,4.0
2640,2023-04-12,customer2639@gmail.com,India,30.0,Clothing,15.41,4,0.2,Gift Card,2.0
2641,2024-02-07,customer2640@outlook.com,Mexico,51.0,Clothing,181.92,3,0.0,Credit Card,1.0
2642,2024-07-03,customer2641@outlook.com,Mexico,38.0,Home & Kitchen,127.06,3,0.2,PayPal,5.0
2643,2024-07-28,customer2642@yahoo.com,Canada,59.0,Electronics,44.98,4,0.0,Credit Card,5.0
2644,2024-05-28,customer2643@gmail.com,France,55.0,Electronics,70.23,4,0.25,Debit Card,4.0
2645,2023-11-07,customer2644@protonmail.com,India,24.0,Grocery,94.6,3,0.2,Gift Card,
2646,2023-05-16,customer2645@hotmail.com,Japan,66.0,Books,31.75,4,0.15,Debit Card,
2647,2023-01-28,customer2646@gmail.com,United Kingdom,35.0,Electronics,42.16,5,0.25,Credit Card,3.0
2648,2023-08-09,customer2647@gmail.com,Germany,28.0,Electronics,64.47,1,0.1,Debit Card,4.0
2649,2024-12-10,customer2648@protonmail.com,Germany,54.0,Home & Kitchen,145.72,4,0.0,PayPal,
2650,2024-05-15,customer2649@hotmail.com,Japan,34.0,Clothing,44.11,2,0.1,Gift Card,5.0
2651,2023-10-25,customer2650@gmail.com,Japan,46.0,Books,96.14,1,0.0,Credit Card,5.0
2652,2023-12-27,customer2651@yahoo.com,Brazil,25.0,Electronics,176.63,2,0.25,Credit Card,4.0
2653,2023-09-01,customer2652@gmail.com,United Kingdom,63.0,Office Supplies,127.94,5,0.1,PayPal,4.0
2654,2024-10-14,customer2653@hotmail.com,Brazil,74.0,Home & Kitchen,29.15,4,0.0,Credit Card,5.0
2655,2023-11-28,customer2654@gmail.com,France,37.0,Clothing,50.54,3,0.1,Credit Card,3.0
2656,2024-09-03,customer2655@hotmail.com,United States,19.0,Beauty,64.74,2,0.1,Credit Card,1.0
2657,2023-02-07,customer2656@yahoo.com,Brazil,59.0,Clothing,40.1,3,0.25,Credit Card,4.0
2658,2023-12-22,customer2657@yahoo.com,United States,26.0,Electronics,16.0,3,0.2,Debit Card,2.0
2659,2024-03-16,customer2658@yahoo.com,United States,45.0,Clothing,116.23,3,0.0,PayPal,4.0
2660,2024-05-01,customer2659@protonmail.com,Brazil,39.0,Toys,27.06,3,0.0,Credit Card,4.0
2661,2023-01-18,customer2660@outlook.com,United States,25.0,Grocery,44.75,4,0.05,Debit Card,5.0
2662,2024-04-14,customer2661@yahoo.com,Australia,29.0,Clothing,83.4,3,0.2,PayPal,
2663,2024-09-04,customer2662@protonmail.com,Germany,67.0,Automotive,67.83,1,0.15,Debit Card,5.0
2664,2023-03-09,customer2663@gmail.com,Mexico,56.0,Toys,39.73,2,0.2,PayPal,
2665,2023-08-30,customer2664@yahoo.com,Germany,35.0,Beauty,154.85,1,0.2,Gift Card,5.0
2666,2023-11-07,customer2665@outlook.com,Canada,19.0,Electronics,33.15,5,0.1,Credit Card,4.0
2667,2023-07-05,customer2666@outlook.com,Canada,27.0,Automotive,106.7,2,0.2,Gift Card,5.0
2668,2023-11-18,customer2667@outlook.com,Mexico,47.0,Home & Kitchen,92.01,5,0.2,Gift Card,4.0
2669,2024-10-13,customer2668@yahoo.com,Mexico,59.0,Clothing,95.23,2,0.0,Credit Card,2.0
2670,2024-10-17,customer2669@protonmail.com,Canada,29.0,Books,21.39,2,0.0,PayPal,4.0
2671,2024-03-14,customer2670@gmail.com,Germany,57.0,Office Supplies,65.2,3,0.0,Debit Card,5.0
2672,2024-10-08,customer2671@outlook.com,United States,54.0,Clothing,78.82,5,0.25,PayPal,4.0
2673,2024-08-18,customer2672@hotmail.com,India,21.0,Home & Kitchen,85.84,1,0.2,PayPal,3.0
2674,2023-02-12,customer2673@yahoo.com,India,24.0,Office Supplies,60.49,4,0.0,Bank Transfer,3.0
2675,2023-10-10,customer2674@hotmail.com,Brazil,27.0,Grocery,96.47,4,0.25,Credit Card,4.0
2676,2024-09-08,customer2675@outlook.com,Australia,29.0,Sports & Outdoors,62.62,2,0.0,PayPal,4.0
2677,2023-11-19,customer2676@outlook.com,Germany,18.0,Clothing,38.43,5,0.2,Credit Card,5.0
2678,2024-03-22,customer2677@protonmail.com,United Kingdom,65.0,Clothing,40.08,3,0.1,Gift Card,5.0
2679,2023-10-28,customer2678@gmail.com,Brazil,,Office Supplies,88.25,3,0.15,Credit Card,5.0
2680,2023-01-12,customer2679@yahoo.com,Australia,69.0,Electronics,41.34,2,0.15,Credit Card,5.0
2681,2024-02-17,customer2680@protonmail.com,France,68.0,Beauty,100.85,3,0.2,PayPal,1.0
2682,2023-10-06,customer2681@gmail.com,Germany,38.0,Sports & Outdoors,41.15,5,0.15,Debit Card,3.0
2683,2024-07-18,customer2682@gmail.com,Brazil,40.0,Office Supplies,30.67,5,0.1,PayPal,3.0
2684,2024-10-10,customer2683@protonmail.com,Mexico,51.0,Toys,183.43,5,0.1,Credit Card,
2685,2023-03-18,customer2684@gmail.com,Canada,71.0,Home & Kitchen,138.56,2,0.25,Debit Card,3.0
2686,2023-09-19,customer2685@protonmail.com,Brazil,56.0,Grocery,72.47,4,0.2,PayPal,4.0
2687,2023-10-14,customer2686@protonmail.com,France,52.0,Office Supplies,49.35,5,0.1,Gift Card,
2688,2024-05-08,customer2687@protonmail.com,Japan,61.0,Automotive,101.91,4,0.1,Debit Card,4.0
2689,2023-10-17,customer2688@gmail.com,Brazil,,Home & Kitchen,206.33,1,0.0,PayPal,2.0
2690,2024-02-17,customer2689@yahoo.com,Germany,48.0,Clothing,53.12,4,0.2,Debit Card,
2691,2024-10-25,customer2690@gmail.com,United Kingdom,61.0,Beauty,179.13,3,0.15,Gift Card,4.0
2692,2024-03-06,customer2691@hotmail.com,United States,50.0,Toys,49.19,3,0.0,PayPal,5.0
2693,2023-03-13,customer2692@yahoo.com,Mexico,60.0,Electronics,24.28,1,0.2,Debit Card,5.0
2694,2023-12-17,customer2693@yahoo.com,Brazil,62.0,Electronics,70.16,3,0.25,Debit Card,5.0
2695,2024-10-09,customer2694@outlook.com,Brazil,58.0,Electronics,21.0,4,0.15,Credit Card,4.0
2696,2023-12-19,customer2695@hotmail.com,United States,49.0,Electronics,98.89,3,0.25,Gift Card,3.0
2697,2024-12-18,customer2696@outlook.com,Mexico,,Clothing,29.17,2,0.2,Credit Card,
2698,2024-10-20,customer2697@gmail.com,Canada,48.0,Office Supplies,90.64,5,0.25,Credit Card,5.0
2699,2023-07-12,customer2698@outlook.com,United Kingdom,37.0,Sports & Outdoors,111.77,3,0.1,Debit Card,3.0
2700,2023-10-30,customer2699@outlook.com,Australia,34.0,Electronics,169.64,4,0.0,PayPal,4.0
2701,2023-05-16,customer2700@outlook.com,United States,36.0,Sports & Outdoors,24.5,1,0.05,PayPal,2.0
2702,2023-05-20,customer2701@protonmail.com,Brazil,65.0,Clothing,44.71,1,0.25,Credit Card,2.0
2703,2023-09-26,customer2702@yahoo.com,Mexico,72.0,Beauty,55.03,2,0.15,Credit Card,4.0
2704,2023-11-03,customer2703@gmail.com,France,43.0,Automotive,93.73,1,0.0,Credit Card,4.0
2705,2023-09-13,customer2704@gmail.com,Canada,35.0,Electronics,62.56,3,0.05,Debit Card,3.0
2706,2024-06-19,customer2705@gmail.com,Australia,49.0,Office Supplies,34.45,3,0.0,Bank Transfer,5.0
2707,2023-04-21,customer2706@protonmail.com,Brazil,39.0,Electronics,48.87,1,0.25,Gift Card,
2708,2023-12-13,customer2707@hotmail.com,Mexico,54.0,Beauty,77.67,4,0.05,Debit Card,4.0
2709,2024-10-10,customer2708@yahoo.com,United Kingdom,20.0,Automotive,52.7,3,0.0,Credit Card,5.0
2710,2024-06-18,customer2709@hotmail.com,United Kingdom,48.0,Beauty,156.06,2,0.25,Credit Card,4.0
2711,2023-05-30,customer2710@protonmail.com,United States,30.0,Electronics,85.42,2,0.2,PayPal,4.0
2712,2023-06-25,customer2711@outlook.com,United States,43.0,Home & Kitchen,34.48,2,0.25,PayPal,5.0
2713,2024-11-07,customer2712@hotmail.com,Brazil,53.0,Electronics,66.33,1,0.0,Credit Card,
2714,2024-03-01,customer2713@hotmail.com,United Kingdom,45.0,Electronics,97.03,5,0.05,Credit Card,5.0
2715,2024-10-04,customer2714@yahoo.com,Germany,72.0,Electronics,80.97,3,0.1,Debit Card,1.0
2716,2024-09-22,customer2715@protonmail.com,France,,Electronics,50.71,5,0.2,Debit Card,3.0
2717,2023-11-19,customer2716@protonmail.com,United States,40.0,Toys,60.14,5,0.2,Bank Transfer,4.0
2718,2024-01-22,customer2717@hotmail.com,Brazil,64.0,Electronics,65.22,3,0.1,Credit Card,5.0
2719,2023-09-26,customer2718@protonmail.com,Australia,37.0,Clothing,119.07,2,0.1,PayPal,5.0
2720,2024-04-09,customer2719@outlook.com,France,22.0,Beauty,98.6,4,0.0,Gift Card,5.0
2721,2024-04-19,customer2720@hotmail.com,United Kingdom,52.0,Electronics,24.01,2,0.0,Credit Card,4.0
2722,2024-05-10,customer2721@hotmail.com,Australia,74.0,Sports & Outdoors,151.71,3,0.15,Credit Card,5.0
2723,2024-09-20,customer2722@outlook.com,Brazil,70.0,Beauty,178.52,3,0.05,Credit Card,3.0
2724,2024-06-23,customer2723@yahoo.com,Australia,73.0,Toys,53.83,4,0.0,PayPal,3.0
2725,2023-03-16,customer2724@yahoo.com,Brazil,41.0,Books,90.76,1,0.0,Credit Card,4.0
2726,2023-09-13,customer2725@gmail.com,France,68.0,Beauty,249.91,2,0.15,Gift Card,3.0
2727,2024-02-21,customer2726@outlook.com,Canada,18.0,Books,68.58,4,0.25,PayPal,2.0
2728,2024-04-02,customer2727@gmail.com,Canada,22.0,Books,77.49,3,0.0,PayPal,5.0
2729,2024-09-22,customer2728@outlook.com,Brazil,60.0,Grocery,102.75,4,0.1,PayPal,4.0
2730,2023-10-31,customer2729@outlook.com,United States,19.0,Grocery,140.62,4,0.0,Credit Card,5.0
2731,2024-08-22,customer2730@gmail.com,France,52.0,Clothing,18.71,2,0.2,PayPal,5.0
2732,2023-10-13,customer2731@yahoo.com,United Kingdom,53.0,Clothing,67.36,3,0.15,Debit Card,
2733,2023-04-17,customer2732@protonmail.com,Brazil,29.0,Grocery,140.35,1,0.0,Credit Card,4.0
2734,2023-12-13,customer2733@gmail.com,United Kingdom,27.0,Toys,104.73,4,0.05,Credit Card,4.0
2735,2023-04-19,customer2734@yahoo.com,Brazil,27.0,Sports & Outdoors,85.66,3,0.1,Debit Card,5.0
2736,2023-10-25,customer2735@yahoo.com,Canada,71.0,Electronics,77.77,2,0.2,Debit Card,4.0
2737,2023-06-26,customer2736@hotmail.com,Japan,,Electronics,136.36,3,0.05,Credit Card,4.0
2738,2023-01-19,customer2737@protonmail.com,Canada,55.0,Toys,97.55,1,0.15,Debit Card,5.0
2739,2024-04-29,customer2738@hotmail.com,France,66.0,Grocery,170.94,3,0.05,Bank Transfer,5.0
2740,2024-06-25,customer2739@gmail.com,Japan,66.0,Clothing,62.13,5,0.0,Credit Card,3.0
2741,2023-04-07,customer2740@yahoo.com,Canada,33.0,Office Supplies,13.12,2,0.1,Credit Card,3.0
2742,2024-03-02,customer2741@protonmail.com,France,74.0,Beauty,126.87,2,0.2,Debit Card,1.0
2743,2024-01-02,customer2742@hotmail.com,Brazil,38.0,Grocery,58.09,3,0.25,Debit Card,2.0
2744,2023-04-11,customer2743@gmail.com,United Kingdom,71.0,Grocery,71.49,2,0.0,Gift Card,4.0
2745,2024-03-20,customer2744@outlook.com,United States,33.0,Home & Kitchen,80.73,2,0.25,Debit Card,5.0
2746,2023-07-10,customer2745@outlook.com,United Kingdom,23.0,Clothing,49.94,3,0.15,Credit Card,
2747,2024-08-23,customer2746@yahoo.com,Germany,50.0,Electronics,28.42,4,0.0,Credit Card,3.0
2748,2024-03-22,customer2747@protonmail.com,Canada,74.0,Clothing,122.22,2,0.05,Credit Card,3.0
2749,2023-03-23,customer2748@hotmail.com,India,58.0,Electronics,6.0,2,0.15,PayPal,5.0
2750,2024-01-14,customer2749@gmail.com,Japan,22.0,Beauty,210.53,4,0.0,Credit Card,
2751,2023-03-27,customer2750@yahoo.com,Australia,64.0,Grocery,72.62,3,0.0,PayPal,4.0
2752,2024-06-12,customer2751@outlook.com,France,62.0,Home & Kitchen,13.32,2,0.1,Debit Card,5.0
2753,2023-08-06,customer2752@hotmail.com,Brazil,72.0,Books,132.85,5,0.15,PayPal,5.0
2754,2023-12-24,customer2753@hotmail.com,Japan,60.0,Sports & Outdoors,18.38,5,0.25,Credit Card,3.0
2755,2024-05-23,customer2754@protonmail.com,Japan,41.0,Beauty,48.7,5,0.2,Credit Card,5.0
2756,2024-09-08,customer2755@outlook.com,Germany,30.0,Office Supplies,181.64,2,0.0,Debit Card,5.0
2757,2024-01-09,customer2756@gmail.com,United States,72.0,Home & Kitchen,93.06,5,0.0,Credit Card,5.0
2758,2023-02-26,customer2757@gmail.com,United States,39.0,Home & Kitchen,85.06,2,0.25,Debit Card,4.0
2759,2023-07-08,customer2758@gmail.com,Brazil,49.0,Grocery,91.99,1,0.25,PayPal,5.0
2760,2024-03-23,customer2759@outlook.com,India,53.0,Electronics,38.42,3,0.1,Gift Card,4.0
2761,2023-01-31,customer2760@hotmail.com,United States,74.0,Grocery,10.76,5,0.15,Debit Card,4.0
2762,2023-09-29,customer2761@gmail.com,United States,46.0,Electronics,94.97,1,0.0,Credit Card,
2763,2023-08-25,customer2762@yahoo.com,United Kingdom,67.0,Books,87.84,1,0.1,Credit Card,3.0
2764,2023-08-12,customer2763@outlook.com,Germany,58.0,Toys,64.61,1,0.15,Gift Card,5.0
2765,2024-11-27,customer2764@yahoo.com,Canada,29.0,Beauty,152.82,5,0.0,Credit Card,4.0
2766,2024-11-19,customer2765@yahoo.com,Australia,25.0,Electronics,112.18,2,0.15,Credit Card,5.0
2767,2024-10-16,customer2766@yahoo.com,India,54.0,Grocery,31.81,3,0.05,Gift Card,5.0
2768,2024-09-22,customer2767@hotmail.com,Japan,41.0,Grocery,55.11,1,0.1,Credit Card,4.0
2769,2024-10-14,customer2768@hotmail.com,Germany,20.0,Grocery,48.2,5,0.0,PayPal,5.0
2770,2023-05-15,customer2769@protonmail.com,France,58.0,Office Supplies,39.2,4,0.0,Credit Card,5.0
2771,2023-10-15,customer2770@protonmail.com,Mexico,71.0,Automotive,142.25,3,0.15,PayPal,4.0
2772,2023-02-11,customer2771@yahoo.com,Brazil,18.0,Beauty,54.92,5,0.2,Credit Card,5.0
2773,2024-08-04,customer2772@yahoo.com,Canada,71.0,Toys,113.39,2,0.1,Gift Card,5.0
2774,2024-09-25,customer2773@hotmail.com,France,55.0,Grocery,96.31,3,0.2,Credit Card,2.0
2775,2023-01-22,customer2774@outlook.com,United States,72.0,Office Supplies,31.22,5,0.2,Credit Card,4.0
2776,2023-05-04,customer2775@protonmail.com,India,48.0,Sports & Outdoors,142.22,3,0.2,PayPal,3.0
2777,2023-05-04,customer2776@protonmail.com,Japan,38.0,Home & Kitchen,68.62,2,0.2,Debit Card,4.0
2778,2024-11-08,customer2777@outlook.com,United Kingdom,70.0,Home & Kitchen,55.0,4,0.2,Debit Card,5.0
2779,2024-07-30,customer2778@hotmail.com,Brazil,51.0,Grocery,25.34,5,0.2,Debit Card,3.0
2780,2023-07-22,customer2779@protonmail.com,France,72.0,Office Supplies,40.77,1,0.05,Debit Card,2.0
2781,2023-02-03,customer2780@outlook.com,Brazil,32.0,Home & Kitchen,34.82,5,0.05,Bank Transfer,4.0
2782,2023-10-28,customer2781@yahoo.com,United States,57.0,Office Supplies,20.73,3,0.05,PayPal,5.0
2783,2024-03-02,customer2782@protonmail.com,France,52.0,Home & Kitchen,92.21,1,0.1,Debit Card,3.0
2784,2023-02-02,customer2783@gmail.com,Australia,48.0,Clothing,35.88,5,0.15,Credit Card,4.0
2785,2023-12-09,customer2784@hotmail.com,Canada,65.0,Automotive,75.27,3,0.1,Debit Card,5.0
2786,2024-01-28,customer2785@gmail.com,France,48.0,Office Supplies,133.88,2,0.0,Gift Card,4.0
2787,2024-12-17,customer2786@yahoo.com,Brazil,64.0,Toys,105.85,1,0.05,Credit Card,5.0
2788,2023-05-18,customer2787@protonmail.com,Japan,43.0,Office Supplies,82.36,1,0.1,Credit Card,5.0
2789,2023-05-14,customer2788@yahoo.com,Canada,27.0,Grocery,14.49,3,0.0,Credit Card,2.0
2790,2023-11-11,customer2789@hotmail.com,Brazil,62.0,Grocery,20.81,2,0.0,Debit Card,5.0
2791,2023-08-22,customer2790@outlook.com,Brazil,54.0,Grocery,46.64,2,0.25,PayPal,4.0
2792,2024-11-02,customer2791@gmail.com,France,37.0,Clothing,86.32,3,0.2,Debit Card,
2793,2024-07-28,customer2792@hotmail.com,India,18.0,Electronics,35.43,5,0.1,PayPal,
2794,2023-07-04,customer2793@yahoo.com,Japan,31.0,Electronics,34.77,5,0.0,PayPal,3.0
2795,2023-09-02,customer2794@protonmail.com,Mexico,42.0,Electronics,130.08,1,0.0,Bank Transfer,3.0
2796,2024-04-08,customer2795@yahoo.com,Brazil,43.0,Home & Kitchen,59.7,2,0.2,Debit Card,5.0
2797,2024-09-28,customer2796@outlook.com,Mexico,59.0,Electronics,21.62,2,0.15,Credit Card,2.0
2798,2023-05-28,customer2797@protonmail.com,India,36.0,Home & Kitchen,87.6,2,0.0,Debit Card,4.0
2799,2023-08-05,customer2798@outlook.com,Germany,22.0,Toys,27.97,5,0.0,PayPal,5.0
2800,2024-03-21,customer2799@yahoo.com,Canada,64.0,Electronics,86.24,2,0.25,Debit Card,4.0
2801,2024-09-19,customer2800@yahoo.com,Japan,37.0,Clothing,53.75,4,0.15,Debit Card,4.0
2802,2023-07-31,customer2801@gmail.com,Australia,33.0,Home & Kitchen,71.18,5,0.15,PayPal,
2803,2023-12-08,customer2802@hotmail.com,Mexico,60.0,Electronics,34.07,2,0.2,Credit Card,5.0
2804,2024-05-12,customer2803@gmail.com,Mexico,40.0,Sports & Outdoors,51.71,3,0.05,PayPal,5.0
2805,2023-11-07,customer2804@hotmail.com,United States,46.0,Automotive,46.92,5,0.0,PayPal,5.0
2806,2024-07-16,customer2805@outlook.com,United Kingdom,33.0,Beauty,37.13,2,0.0,Bank Transfer,2.0
2807,2024-01-11,customer2806@gmail.com,Australia,68.0,Sports & Outdoors,52.85,4,0.25,PayPal,2.0
2808,2024-10-04,customer2807@gmail.com,Japan,48.0,Office Supplies,14.56,1,0.1,Credit Card,5.0
2809,2024-03-19,customer2808@gmail.com,Germany,35.0,Beauty,102.01,5,0.15,Debit Card,5.0
2810,2024-11-01,customer2809@protonmail.com,United Kingdom,35.0,Electronics,98.55,1,0.05,Debit Card,3.0
2811,2024-09-19,customer2810@gmail.com,France,42.0,Home & Kitchen,54.9,4,0.0,Debit Card,3.0
2812,2023-06-26,customer2811@protonmail.com,India,53.0,Sports & Outdoors,55.96,5,0.2,PayPal,4.0
2813,2024-10-17,customer2812@gmail.com,Mexico,31.0,Sports & Outdoors,51.57,1,0.2,Debit Card,4.0
2814,2023-04-05,customer2813@outlook.com,Brazil,63.0,Grocery,101.84,3,0.2,PayPal,5.0
2815,2023-07-26,customer2814@outlook.com,Canada,37.0,Electronics,45.31,5,0.1,PayPal,3.0
2816,2023-02-05,customer2815@hotmail.com,Mexico,60.0,Office Supplies,115.96,1,0.15,PayPal,5.0
2817,2023-03-18,customer2816@outlook.com,Australia,70.0,Books,25.89,2,0.0,PayPal,4.0
2818,2024-06-09,customer2817@gmail.com,Japan,35.0,Automotive,116.34,5,0.0,Credit Card,3.0
2819,2023-03-23,customer2818@yahoo.com,Japan,46.0,Books,11.15,1,0.0,Credit Card,4.0
2820,2023-05-17,customer2819@gmail.com,France,50.0,Home & Kitchen,50.3,5,0.0,Credit Card,1.0
2821,2023-10-26,customer2820@protonmail.com,Australia,60.0,Clothing,103.02,4,0.05,PayPal,
2822,2024-08-07,customer2821@gmail.com,Australia,39.0,Home & Kitchen,112.62,2,0.05,Bank Transfer,2.0
2823,2024-08-14,customer2822@hotmail.com,Canada,59.0,Home & Kitchen,26.73,2,0.05,Gift Card,3.0
2824,2024-12-05,customer2823@outlook.com,Brazil,,Automotive,88.97,2,0.05,Credit Card,5.0
2825,2023-02-10,customer2824@yahoo.com,Germany,36.0,Clothing,83.37,3,0.0,Bank Transfer,4.0
2826,2023-04-19,customer2825@gmail.com,Brazil,67.0,Home & Kitchen,91.98,5,0.15,Gift Card,4.0
2827,2023-10-19,customer2826@outlook.com,United States,20.0,Clothing,234.0,4,0.05,Credit Card,4.0
2828,2023-07-26,customer2827@hotmail.com,Canada,65.0,Sports & Outdoors,248.6,1,0.1,Debit Card,5.0
2829,2023-03-12,customer2828@outlook.com,United Kingdom,38.0,Home & Kitchen,133.2,3,0.1,Bank Transfer,
2830,2024-01-18,customer2829@hotmail.com,United Kingdom,68.0,Electronics,36.0,2,0.05,Debit Card,4.0
2831,2023-12-09,customer2830@hotmail.com,Canada,31.0,Automotive,48.4,3,0.1,Bank Transfer,5.0
2832,2023-11-11,customer2831@protonmail.com,Japan,40.0,Home & Kitchen,72.89,3,0.05,Debit Card,5.0
2833,2023-01-17,customer2832@yahoo.com,United States,23.0,Office Supplies,50.53,3,0.05,Credit Card,5.0
2834,2023-11-07,customer2833@hotmail.com,Canada,64.0,Electronics,36.16,4,0.1,Credit Card,5.0
2835,2023-12-01,customer2834@yahoo.com,Japan,58.0,Sports & Outdoors,113.75,2,0.15,Credit Card,4.0
2836,2023-06-08,customer2835@outlook.com,Japan,39.0,Sports & Outdoors,26.29,2,0.2,PayPal,
2837,2024-08-03,customer2836@outlook.com,Japan,52.0,Electronics,11.95,1,0.0,Credit Card,5.0
2838,2024-10-11,customer2837@yahoo.com,India,,Sports & Outdoors,98.91,2,0.0,Debit Card,4.0
2839,2024-11-09,customer2838@hotmail.com,Brazil,54.0,Clothing,96.86,5,0.0,Gift Card,4.0
2840,2024-05-12,customer2839@protonmail.com,Germany,51.0,Clothing,21.5,4,0.0,Credit Card,2.0
2841,2024-05-08,customer2840@outlook.com,Japan,67.0,Automotive,21.08,4,0.2,Credit Card,4.0
2842,2023-04-23,customer2841@gmail.com,United Kingdom,51.0,Office Supplies,62.82,5,0.0,Gift Card,3.0
2843,2023-10-15,customer2842@outlook.com,India,35.0,Electronics,76.39,3,0.0,Gift Card,2.0
2844,2023-01-04,customer2843@gmail.com,India,61.0,Sports & Outdoors,51.58,1,0.0,PayPal,4.0
2845,2024-02-13,customer2844@outlook.com,Australia,60.0,Electronics,44.73,4,0.2,Credit Card,
2846,2024-07-10,customer2845@hotmail.com,France,,Electronics,60.48,1,0.1,Credit Card,
2847,2024-05-03,customer2846@outlook.com,Japan,55.0,Electronics,94.37,1,0.0,PayPal,5.0
2848,2023-01-12,customer2847@protonmail.com,India,69.0,Sports & Outdoors,22.27,4,0.2,PayPal,5.0
2849,2024-02-11,customer2848@yahoo.com,Mexico,53.0,Beauty,69.11,5,0.25,PayPal,3.0
2850,2024-10-04,customer2849@gmail.com,United States,58.0,Books,36.16,2,0.15,Credit Card,5.0
2851,2023-03-16,customer2850@hotmail.com,Japan,70.0,Office Supplies,216.87,2,0.05,PayPal,
2852,2024-01-22,customer2851@protonmail.com,United Kingdom,53.0,Beauty,71.75,4,0.25,PayPal,4.0
2853,2023-07-02,customer2852@gmail.com,United States,51.0,Electronics,147.94,2,0.0,Gift Card,4.0
2854,2024-11-09,customer2853@yahoo.com,United States,18.0,Home & Kitchen,91.3,1,0.0,Credit Card,5.0
2855,2024-02-06,customer2854@outlook.com,United States,31.0,Toys,179.69,2,0.2,Credit Card,2.0
2856,2024-07-17,customer2855@hotmail.com,France,24.0,Clothing,61.19,5,0.0,Debit Card,4.0
2857,2024-01-18,customer2856@protonmail.com,India,34.0,Electronics,66.51,4,0.0,PayPal,
2858,2024-10-14,customer2857@hotmail.com,India,25.0,Electronics,55.68,2,0.0,Gift Card,4.0
2859,2023-07-29,customer2858@protonmail.com,Brazil,53.0,Clothing,39.48,5,0.05,Credit Card,4.0
2860,2024-06-26,customer2859@outlook.com,Japan,,Books,23.4,2,0.15,Debit Card,2.0
2861,2023-11-10,customer2860@yahoo.com,Japan,31.0,Sports & Outdoors,76.71,4,0.05,Debit Card,4.0
2862,2024-02-25,customer2861@protonmail.com,United States,68.0,Beauty,111.38,1,0.05,Credit Card,4.0
2863,2024-05-15,customer2862@yahoo.com,India,42.0,Office Supplies,58.93,5,0.0,PayPal,5.0
2864,2023-05-07,customer2863@yahoo.com,United States,59.0,Grocery,46.42,2,0.0,Debit Card,5.0
2865,2024-09-25,customer2864@hotmail.com,Brazil,21.0,Clothing,144.99,3,0.25,Gift Card,5.0
2866,2024-06-15,customer2865@hotmail.com,Brazil,54.0,Toys,30.41,3,0.0,Debit Card,3.0
2867,2023-10-26,customer2866@hotmail.com,United Kingdom,68.0,Home & Kitchen,64.64,3,0.0,PayPal,4.0
2868,2024-03-08,customer2867@outlook.com,United States,25.0,Office Supplies,99.57,3,0.25,Credit Card,5.0
2869,2024-04-29,customer2868@hotmail.com,India,28.0,Toys,35.56,4,0.0,Debit Card,4.0
2870,2023-11-28,customer2869@hotmail.com,United Kingdom,55.0,Home & Kitchen,65.2,5,0.0,Debit Card,4.0
2871,2024-04-08,customer2870@yahoo.com,Australia,53.0,Beauty,113.75,2,0.25,Credit Card,
2872,2024-02-12,customer2871@protonmail.com,Japan,59.0,Books,35.21,4,0.0,Debit Card,5.0
2873,2024-07-22,customer2872@outlook.com,France,32.0,Office Supplies,92.71,3,0.0,PayPal,5.0
2874,2023-06-19,customer2873@yahoo.com,United Kingdom,35.0,Electronics,18.42,3,0.05,Debit Card,4.0
2875,2023-01-04,customer2874@yahoo.com,France,22.0,Clothing,58.23,3,0.0,PayPal,4.0
2876,2023-10-23,customer2875@gmail.com,France,31.0,Office Supplies,124.97,5,0.05,Credit Card,5.0
2877,2024-08-24,customer2876@outlook.com,France,54.0,Books,95.05,4,0.0,Credit Card,
2878,2023-04-01,customer2877@hotmail.com,Germany,57.0,Clothing,129.55,1,0.15,Credit Card,5.0
2879,2024-09-20,customer2878@protonmail.com,United States,50.0,Sports & Outdoors,9.15,1,0.2,PayPal,1.0
2880,2023-10-27,customer2879@gmail.com,Germany,24.0,Sports & Outdoors,59.65,4,0.1,Credit Card,4.0
2881,2023-06-02,customer2880@hotmail.com,Germany,67.0,Electronics,37.52,3,0.0,Credit Card,5.0
2882,2023-12-07,customer2881@yahoo.com,United Kingdom,51.0,Home & Kitchen,61.62,3,0.2,Credit Card,5.0
2883,2024-08-15,customer2882@gmail.com,Canada,20.0,Clothing,116.98,5,0.15,Credit Card,5.0
2884,2024-09-18,customer2883@outlook.com,France,73.0,Home & Kitchen,155.99,2,0.2,Debit Card,4.0
2885,2024-03-23,customer2884@gmail.com,Mexico,51.0,Clothing,198.12,2,0.25,Debit Card,5.0
2886,2024-01-20,customer2885@gmail.com,Canada,19.0,Clothing,47.34,4,0.05,PayPal,
2887,2024-08-11,customer2886@yahoo.com,Japan,41.0,Beauty,16.41,4,0.25,Debit Card,1.0
2888,2024-10-25,customer2887@protonmail.com,Mexico,28.0,Toys,12.88,5,0.2,Credit Card,5.0
2889,2024-08-03,customer2888@gmail.com,Mexico,18.0,Clothing,25.8,5,0.1,Debit Card,5.0
2890,2024-12-07,customer2889@yahoo.com,Germany,48.0,Home & Kitchen,110.11,2,0.15,Credit Card,5.0
2891,2024-08-29,customer2890@protonmail.com,Canada,19.0,Clothing,85.03,1,0.05,Credit Card,4.0
2892,2023-02-05,customer2891@yahoo.com,Brazil,22.0,Home & Kitchen,156.32,4,0.2,PayPal,5.0
2893,2023-01-15,customer2892@yahoo.com,Germany,46.0,Office Supplies,88.4,1,0.0,Credit Card,
2894,2024-03-11,customer2893@hotmail.com,United Kingdom,58.0,Electronics,60.86,3,0.05,PayPal,4.0
2895,2024-11-29,customer2894@gmail.com,Brazil,38.0,Grocery,47.22,2,0.0,Debit Card,5.0
2896,2023-08-07,customer2895@gmail.com,United Kingdom,22.0,Sports & Outdoors,143.76,2,0.0,Gift Card,2.0
2897,2024-12-06,customer2896@yahoo.com,Australia,58.0,Grocery,9.0,5,0.25,Credit Card,5.0
2898,2024-09-13,customer2897@hotmail.com,France,28.0,Automotive,27.4,2,0.15,PayPal,4.0
2899,2023-04-13,customer2898@gmail.com,India,31.0,Grocery,97.44,5,0.05,Debit Card,4.0
2900,2023-12-27,customer2899@gmail.com,Brazil,49.0,Toys,50.57,2,0.25,PayPal,5.0
2901,2023-06-11,customer2900@gmail.com,Germany,28.0,Home & Kitchen,107.59,2,0.0,Credit Card,5.0
2902,2023-02-27,customer2901@hotmail.com,United States,64.0,Sports & Outdoors,101.05,2,0.25,Debit Card,5.0
2903,2024-05-19,customer2902@hotmail.com,United Kingdom,63.0,Electronics,94.39,4,0.05,Debit Card,4.0
2904,2023-06-06,customer2903@yahoo.com,Canada,38.0,Clothing,91.36,4,0.0,Credit Card,5.0
2905,2024-02-13,customer2904@gmail.com,Brazil,59.0,Grocery,113.94,1,0.0,Credit Card,5.0
2906,2024-05-06,customer2905@hotmail.com,Brazil,21.0,Toys,113.98,2,0.05,Gift Card,4.0
2907,2023-11-12,customer2906@hotmail.com,United States,64.0,Home & Kitchen,65.65,5,0.2,Debit Card,4.0
2908,2023-02-28,customer2907@gmail.com,Germany,37.0,Automotive,55.19,3,0.2,Debit Card,5.0
2909,2023-02-20,customer2908@hotmail.com,Canada,72.0,Electronics,81.06,1,0.0,PayPal,4.0
2910,2023-10-04,customer2909@protonmail.com,India,22.0,Automotive,132.52,2,0.05,Credit Card,3.0
2911,2023-02-01,customer2910@hotmail.com,Brazil,29.0,Beauty,37.85,3,0.05,Credit Card,5.0
2912,2024-09-28,customer2911@yahoo.com,Canada,,Electronics,58.1,2,0.1,PayPal,4.0
2913,2023-05-02,customer2912@yahoo.com,Japan,53.0,Electronics,45.76,3,0.1,PayPal,5.0
2914,2023-01-22,customer2913@yahoo.com,India,44.0,Office Supplies,33.05,3,0.25,Debit Card,3.0
2915,2023-04-13,customer2914@yahoo.com,United States,19.0,Electronics,48.63,3,0.0,Debit Card,5.0
2916,2024-05-23,customer2915@gmail.com,Japan,68.0,Office Supplies,24.74,3,0.05,Debit Card,4.0
2917,2024-03-05,customer2916@protonmail.com,Australia,37.0,Clothing,22.19,1,0.0,PayPal,4.0
2918,2024-05-08,customer2917@gmail.com,Canada,68.0,Clothing,166.17,3,0.0,Debit Card,
2919,2023-09-11,customer2918@yahoo.com,Mexico,38.0,Sports & Outdoors,30.54,1,0.05,Debit Card,5.0
2920,2023-08-23,customer2919@gmail.com,United States,58.0,Books,93.89,4,0.0,Credit Card,4.0
2921,2024-05-05,customer2920@outlook.com,France,72.0,Clothing,197.84,3,0.2,Credit Card,5.0
2922,2023-03-24,customer2921@gmail.com,India,66.0,Sports & Outdoors,126.04,4,0.05,PayPal,
2923,2023-10-15,customer2922@hotmail.com,Germany,57.0,Clothing,91.69,2,0.05,Credit Card,5.0
2924,2023-03-16,customer2923@outlook.com,United Kingdom,48.0,Electronics,101.45,2,0.1,PayPal,
2925,2023-11-06,customer2924@outlook.com,Brazil,64.0,Grocery,46.31,4,0.1,PayPal,4.0
2926,2024-12-08,customer2925@hotmail.com,United Kingdom,,Books,127.81,1,0.25,Credit Card,5.0
2927,2024-09-12,customer2926@protonmail.com,Australia,46.0,Sports & Outdoors,175.19,3,0.1,PayPal,4.0
2928,2024-05-09,customer2927@gmail.com,Canada,65.0,Toys,52.3,2,0.2,Credit Card,3.0
2929,2024-04-24,customer2928@hotmail.com,United States,18.0,Sports & Outdoors,21.47,2,0.2,Credit Card,5.0
2930,2023-10-02,customer2929@gmail.com,Germany,55.0,Home & Kitchen,111.26,3,0.0,Debit Card,4.0
2931,2024-05-29,customer2930@gmail.com,Canada,72.0,Office Supplies,231.51,3,0.2,PayPal,
2932,2024-08-31,customer2931@gmail.com,Australia,31.0,Clothing,32.86,2,0.2,Credit Card,5.0
2933,2024-02-13,customer2932@yahoo.com,France,64.0,Automotive,8.21,1,0.15,Credit Card,3.0
2934,2023-03-17,customer2933@outlook.com,France,61.0,Grocery,58.63,3,0.0,Gift Card,4.0
2935,2024-05-21,customer2934@yahoo.com,Mexico,,Beauty,44.06,2,0.0,Gift Card,2.0
2936,2023-04-03,customer2935@yahoo.com,India,,Books,74.43,1,0.0,Gift Card,4.0
2937,2023-08-25,customer2936@protonmail.com,France,52.0,Electronics,39.43,5,0.15,Credit Card,5.0
2938,2023-05-25,customer2937@gmail.com,Canada,45.0,Clothing,57.3,3,0.1,PayPal,4.0
2939,2023-02-06,customer2938@gmail.com,United Kingdom,33.0,Sports & Outdoors,31.17,1,0.0,PayPal,5.0
2940,2024-07-11,customer2939@outlook.com,Brazil,38.0,Clothing,13.27,2,0.1,Credit Card,4.0
2941,2024-04-15,customer2940@hotmail.com,India,46.0,Electronics,61.48,1,0.05,Credit Card,2.0
2942,2023-10-26,customer2941@outlook.com,Mexico,38.0,Books,97.98,5,0.0,Credit Card,4.0
2943,2023-10-06,customer2942@hotmail.com,Mexico,43.0,Electronics,25.48,3,0.2,PayPal,3.0
2944,2024-04-14,customer2943@gmail.com,United States,60.0,Clothing,209.91,5,0.05,Debit Card,
2945,2024-01-23,customer2944@outlook.com,India,29.0,Books,87.83,2,0.1,Credit Card,3.0
2946,2023-06-19,customer2945@hotmail.com,Brazil,72.0,Electronics,46.35,5,0.25,Credit Card,3.0
2947,2023-12-17,customer2946@yahoo.com,Canada,,Electronics,139.89,5,0.25,PayPal,3.0
2948,2024-07-21,customer2947@outlook.com,United Kingdom,40.0,Home & Kitchen,113.92,4,0.15,Debit Card,4.0
2949,2024-02-08,customer2948@gmail.com,Mexico,41.0,Toys,95.16,3,0.25,Gift Card,5.0
2950,2024-08-08,customer2949@hotmail.com,France,24.0,Office Supplies,72.55,5,0.0,Credit Card,5.0
2951,2024-01-06,customer2950@protonmail.com,Japan,48.0,Home & Kitchen,47.25,3,0.0,Bank Transfer,2.0
2952,2023-10-29,customer2951@yahoo.com,United States,20.0,Beauty,82.59,1,0.25,Credit Card,5.0
2953,2024-06-25,customer2952@gmail.com,Japan,64.0,Home & Kitchen,72.38,1,0.25,Credit Card,2.0
2954,2023-06-02,customer2953@yahoo.com,United Kingdom,65.0,Sports & Outdoors,135.54,3,0.0,Gift Card,2.0
2955,2024-04-02,customer2954@protonmail.com,Brazil,36.0,Electronics,90.83,2,0.0,Credit Card,5.0
2956,2024-04-04,customer2955@protonmail.com,Canada,35.0,Grocery,53.49,4,0.0,Debit Card,4.0
2957,2023-07-22,customer2956@outlook.com,Mexico,32.0,Beauty,52.91,3,0.2,Credit Card,4.0
2958,2023-07-06,customer2957@hotmail.com,United Kingdom,64.0,Sports & Outdoors,38.61,3,0.0,PayPal,4.0
2959,2023-03-03,customer2958@hotmail.com,France,73.0,Electronics,74.89,2,0.25,Credit Card,4.0
2960,2023-04-19,customer2959@gmail.com,United States,24.0,Grocery,48.84,2,0.0,Debit Card,5.0
2961,2023-03-11,customer2960@gmail.com,United States,25.0,Electronics,27.47,2,0.0,Credit Card,5.0
2962,2024-03-25,customer2961@hotmail.com,Mexico,20.0,Toys,107.94,4,0.0,Gift Card,2.0
2963,2023-03-30,customer2962@outlook.com,Brazil,42.0,Grocery,45.78,4,0.25,Gift Card,
2964,2024-01-10,customer2963@hotmail.com,India,35.0,Sports & Outdoors,55.48,5,0.0,PayPal,4.0
2965,2023-03-23,customer2964@yahoo.com,India,40.0,Grocery,152.33,4,0.2,Gift Card,5.0
2966,2024-07-25,customer2965@protonmail.com,Japan,35.0,Beauty,117.78,3,0.1,Debit Card,5.0
2967,2024-05-09,customer2966@hotmail.com,Japan,49.0,Beauty,90.02,4,0.0,Credit Card,3.0
2968,2023-08-02,customer2967@outlook.com,Germany,74.0,Home & Kitchen,74.38,2,0.0,Credit Card,4.0
2969,2024-06-20,customer2968@protonmail.com,Brazil,73.0,Clothing,172.1,5,0.0,PayPal,
2970,2023-06-14,customer2969@outlook.com,Mexico,31.0,Books,56.66,1,0.0,Debit Card,5.0
2971,2024-04-08,customer2970@yahoo.com,United Kingdom,66.0,Toys,39.35,5,0.2,Credit Card,5.0
2972,2024-04-12,customer2971@yahoo.com,Mexico,60.0,Beauty,135.18,1,0.15,Credit Card,2.0
2973,2023-11-15,customer2972@gmail.com,Australia,69.0,Toys,90.13,5,0.0,Bank Transfer,4.0
2974,2024-05-26,customer2973@outlook.com,Brazil,70.0,Beauty,33.76,4,0.05,Credit Card,4.0
2975,2024-11-22,customer2974@hotmail.com,Germany,23.0,Electronics,90.24,3,0.0,Credit Card,4.0
2976,2023-10-29,customer2975@gmail.com,Japan,62.0,Clothing,21.75,3,0.15,PayPal,4.0
2977,2023-07-26,customer2976@outlook.com,Australia,61.0,Automotive,119.64,2,0.0,Debit Card,5.0
2978,2023-11-19,customer2977@protonmail.com,Germany,73.0,Home & Kitchen,76.32,2,0.0,Credit Card,
2979,2024-02-19,customer2978@hotmail.com,United States,60.0,Electronics,83.39,2,0.15,Debit Card,4.0
2980,2023-04-01,customer2979@hotmail.com,India,27.0,Beauty,86.59,5,0.2,Credit Card,5.0
2981,2024-12-01,customer2980@yahoo.com,Japan,37.0,Home & Kitchen,89.45,2,0.25,Credit Card,4.0
2982,2023-12-09,customer2981@hotmail.com,France,56.0,Books,63.44,3,0.25,Debit Card,5.0
2983,2024-12-04,customer2982@yahoo.com,Australia,36.0,Beauty,67.74,4,0.15,Gift Card,
2984,2024-12-02,customer2983@hotmail.com,Japan,47.0,Books,48.43,4,0.0,PayPal,4.0
2985,2023-02-16,customer2984@protonmail.com,United States,52.0,Automotive,74.57,2,0.2,Credit Card,4.0
2986,2023-03-24,customer2985@yahoo.com,Canada,67.0,Automotive,63.61,5,0.15,Credit Card,5.0
2987,2023-05-13,customer2986@hotmail.com,Mexico,26.0,Books,70.26,1,0.25,Debit Card,1.0
2988,2024-02-19,customer2987@gmail.com,United States,60.0,Office Supplies,25.71,4,0.2,Credit Card,5.0
2989,2023-09-16,customer2988@hotmail.com,Canada,70.0,Home & Kitchen,43.12,1,0.2,Credit Card,4.0
2990,2023-01-14,customer2989@outlook.com,Mexico,62.0,Home & Kitchen,11.19,5,0.1,Credit Card,5.0
2991,2024-02-16,customer2990@protonmail.com,Brazil,18.0,Sports & Outdoors,59.49,1,0.2,Credit Card,3.0
2992,2023-08-26,customer2991@outlook.com,Japan,40.0,Toys,30.77,5,0.0,Debit Card,4.0
2993,2024-09-07,customer2992@gmail.com,Mexico,48.0,Home & Kitchen,17.33,4,0.0,Credit Card,4.0
2994,2024-07-09,customer2993@protonmail.com,Japan,56.0,Clothing,74.59,1,0.0,Credit Card,4.0
2995,2024-09-08,customer2994@yahoo.com,United States,63.0,Home & Kitchen,32.86,4,0.1,Credit Card,2.0
2996,2024-02-19,customer2995@hotmail.com,United States,68.0,Home & Kitchen,43.17,2,0.15,Debit Card,4.0
2997,2024-05-22,customer2996@hotmail.com,India,64.0,Clothing,82.13,5,0.05,Credit Card,4.0
2998,2023-03-01,customer2997@yahoo.com,France,,Automotive,105.42,5,0.05,Credit Card,5.0
2999,2024-07-08,customer2998@gmail.com,Germany,55.0,Grocery,49.49,5,0.0,Credit Card,5.0
3000,2023-11-26,customer2999@outlook.com,United Kingdom,19.0,Books,119.6,4,0.2,Credit Card,2.0
3001,2023-01-04,customer3000@outlook.com,Brazil,25.0,Books,137.44,5,0.0,PayPal,4.0
3002,2023-02-27,customer3001@outlook.com,India,35.0,Electronics,61.58,3,0.0,Credit Card,4.0
3003,2023-08-14,customer3002@protonmail.com,Japan,54.0,Books,61.51,1,0.0,PayPal,5.0
3004,2023-09-30,customer3003@hotmail.com,France,67.0,Sports & Outdoors,41.53,5,0.0,PayPal,4.0
3005,2023-06-02,customer3004@yahoo.com,Australia,60.0,Grocery,71.29,1,0.25,Debit Card,4.0
3006,2024-07-15,customer3005@hotmail.com,Germany,44.0,Clothing,105.74,4,0.0,Debit Card,3.0
3007,2023-11-23,customer3006@yahoo.com,Germany,23.0,Automotive,131.77,3,0.2,Debit Card,4.0
3008,2023-07-08,customer3007@hotmail.com,Canada,32.0,Grocery,33.9,2,0.05,Debit Card,4.0
3009,2024-05-06,customer3008@yahoo.com,France,55.0,Electronics,64.22,4,0.25,Credit Card,3.0
3010,2023-11-27,customer3009@protonmail.com,Germany,69.0,Automotive,94.8,2,0.15,Credit Card,5.0
3011,2024-07-22,customer3010@outlook.com,United Kingdom,24.0,Home & Kitchen,18.01,5,0.0,Credit Card,
3012,2024-01-01,customer3011@yahoo.com,Germany,20.0,Automotive,4.51,5,0.0,Debit Card,5.0
3013,2024-07-01,customer3012@protonmail.com,Brazil,47.0,Sports & Outdoors,62.56,5,0.0,Credit Card,2.0
3014,2024-09-14,customer3013@protonmail.com,Brazil,63.0,Clothing,34.66,5,0.1,Gift Card,5.0
3015,2023-02-27,customer3014@gmail.com,India,30.0,Clothing,31.18,5,0.0,Credit Card,4.0
3016,2023-03-30,customer3015@gmail.com,India,63.0,Toys,35.98,5,0.2,Credit Card,4.0
3017,2024-06-17,customer3016@protonmail.com,Mexico,74.0,Grocery,36.27,5,0.0,PayPal,
3018,2024-02-06,customer3017@protonmail.com,Germany,47.0,Grocery,81.19,4,0.25,PayPal,1.0
3019,2023-06-25,customer3018@yahoo.com,India,57.0,Clothing,10.85,4,0.0,Debit Card,2.0
3020,2023-01-23,customer3019@yahoo.com,France,33.0,Grocery,77.64,1,0.25,Debit Card,
3021,2024-11-28,customer3020@hotmail.com,India,57.0,Books,51.6,1,0.2,Credit Card,3.0
3022,2023-03-10,customer3021@hotmail.com,Mexico,42.0,Clothing,23.4,2,0.1,Bank Transfer,4.0
3023,2023-12-04,customer3022@outlook.com,Brazil,63.0,Home & Kitchen,90.13,2,0.05,Debit Card,
3024,2023-06-11,customer3023@hotmail.com,Germany,38.0,Grocery,80.26,2,0.25,Credit Card,5.0
3025,2023-10-16,customer3024@yahoo.com,Germany,50.0,Sports & Outdoors,38.37,2,0.2,PayPal,4.0
3026,2024-06-09,customer3025@yahoo.com,Japan,26.0,Clothing,86.78,2,0.1,Credit Card,
3027,2024-01-07,customer3026@outlook.com,Mexico,55.0,Sports & Outdoors,126.14,3,0.0,Debit Card,
3028,2023-01-31,customer3027@yahoo.com,Canada,51.0,Grocery,12.17,4,0.0,Debit Card,4.0
3029,2023-03-05,customer3028@protonmail.com,United Kingdom,38.0,Home & Kitchen,31.62,5,0.25,PayPal,4.0
3030,2024-11-20,customer3029@hotmail.com,France,29.0,Clothing,10.12,1,0.25,Bank Transfer,5.0
3031,2023-07-03,customer3030@outlook.com,India,72.0,Clothing,99.67,3,0.2,Credit Card,5.0
3032,2023-11-09,customer3031@yahoo.com,United Kingdom,74.0,Electronics,56.95,3,0.0,PayPal,5.0
3033,2024-07-27,customer3032@outlook.com,France,46.0,Clothing,48.36,4,0.05,PayPal,4.0
3034,2024-09-04,customer3033@yahoo.com,United Kingdom,50.0,Beauty,95.67,5,0.0,Credit Card,5.0
3035,2023-07-27,customer3034@yahoo.com,Brazil,54.0,Home & Kitchen,43.44,2,0.05,Debit Card,5.0
3036,2023-06-11,customer3035@hotmail.com,United Kingdom,24.0,Grocery,96.71,4,0.0,Gift Card,2.0
3037,2023-11-16,customer3036@gmail.com,United States,32.0,Office Supplies,27.26,3,0.1,Debit Card,4.0
3038,2023-09-04,customer3037@hotmail.com,France,53.0,Home & Kitchen,62.63,2,0.1,Debit Card,4.0
3039,2024-05-26,customer3038@hotmail.com,United States,53.0,Clothing,107.07,3,0.0,Debit Card,4.0
3040,2024-06-14,customer3039@gmail.com,United Kingdom,39.0,Electronics,19.92,1,0.1,PayPal,4.0
3041,2023-07-09,customer3040@gmail.com,Mexico,46.0,Beauty,36.41,1,0.1,Credit Card,5.0
3042,2023-10-04,customer3041@outlook.com,India,,Books,48.26,3,0.15,Credit Card,3.0
3043,2024-06-17,customer3042@gmail.com,Japan,59.0,Toys,162.93,5,0.0,PayPal,5.0
3044,2024-01-06,customer3043@protonmail.com,France,34.0,Grocery,75.24,3,0.0,Credit Card,5.0
3045,2024-02-07,customer3044@outlook.com,India,74.0,Grocery,23.98,4,0.0,PayPal,4.0
3046,2024-08-13,customer3045@outlook.com,United States,32.0,Books,178.16,5,0.0,Credit Card,2.0
3047,2024-04-20,customer3046@outlook.com,France,20.0,Automotive,154.47,3,0.15,Credit Card,5.0
3048,2024-04-20,customer3047@yahoo.com,France,51.0,Office Supplies,71.72,3,0.0,PayPal,1.0
3049,2023-12-18,customer3048@hotmail.com,United States,26.0,Sports & Outdoors,207.57,2,0.0,Credit Card,
3050,2024-09-02,customer3049@hotmail.com,United States,33.0,Electronics,41.41,2,0.0,Debit Card,
3051,2023-01-17,customer3050@gmail.com,France,47.0,Grocery,52.64,5,0.1,Debit Card,
3052,2023-03-05,customer3051@gmail.com,Canada,20.0,Automotive,31.94,4,0.0,PayPal,4.0
3053,2024-05-08,customer3052@protonmail.com,Mexico,30.0,Toys,96.07,1,0.05,Credit Card,
3054,2024-03-19,customer3053@protonmail.com,Canada,64.0,Beauty,188.66,3,0.0,Debit Card,5.0
3055,2023-07-24,customer3054@protonmail.com,United States,33.0,Clothing,115.79,4,0.15,Bank Transfer,4.0
3056,2024-03-14,customer3055@yahoo.com,Brazil,34.0,Books,33.95,5,0.25,Debit Card,3.0
3057,2023-03-20,customer3056@protonmail.com,France,43.0,Grocery,43.32,4,0.1,Credit Card,3.0
3058,2024-03-19,customer3057@hotmail.com,France,35.0,Automotive,107.56,1,0.2,Credit Card,4.0
3059,2023-09-21,customer3058@yahoo.com,United Kingdom,72.0,Electronics,33.12,2,0.0,Debit Card,4.0
3060,2024-03-05,customer3059@hotmail.com,United States,42.0,Electronics,62.09,3,0.0,Credit Card,4.0
3061,2023-09-06,customer3060@hotmail.com,Brazil,30.0,Clothing,18.64,1,0.2,Debit Card,4.0
3062,2024-06-12,customer3061@hotmail.com,Australia,63.0,Clothing,52.14,3,0.05,Debit Card,4.0
3063,2023-03-23,customer3062@protonmail.com,Germany,19.0,Grocery,71.59,2,0.25,PayPal,4.0
3064,2024-09-08,customer3063@protonmail.com,United Kingdom,53.0,Electronics,73.7,3,0.25,Debit Card,4.0
3065,2023-12-28,customer3064@hotmail.com,Canada,45.0,Beauty,89.44,2,0.15,PayPal,5.0
3066,2023-06-17,customer3065@outlook.com,Brazil,22.0,Toys,148.29,2,0.15,Credit Card,4.0
3067,2024-12-03,customer3066@hotmail.com,United States,31.0,Beauty,120.09,5,0.0,Debit Card,5.0
3068,2023-03-18,customer3067@protonmail.com,Mexico,44.0,Books,114.29,3,0.2,PayPal,4.0
3069,2024-01-28,customer3068@outlook.com,Australia,19.0,Grocery,104.48,1,0.25,PayPal,4.0
3070,2023-02-24,customer3069@hotmail.com,Canada,61.0,Clothing,74.26,4,0.2,Credit Card,
3071,2024-10-18,customer3070@yahoo.com,India,64.0,Clothing,62.73,2,0.0,Credit Card,5.0
3072,2023-04-26,customer3071@protonmail.com,United Kingdom,20.0,Sports & Outdoors,123.91,1,0.0,PayPal,5.0
3073,2023-07-03,customer3072@protonmail.com,United Kingdom,39.0,Clothing,106.71,4,0.25,Debit Card,4.0
3074,2024-04-23,customer3073@gmail.com,Brazil,20.0,Clothing,39.39,2,0.0,Debit Card,2.0
3075,2024-10-07,customer3074@gmail.com,Canada,27.0,Automotive,93.9,1,0.2,Credit Card,4.0
3076,2023-11-01,customer3075@protonmail.com,Japan,58.0,Beauty,75.12,1,0.0,Credit Card,
3077,2023-07-09,customer3076@hotmail.com,United Kingdom,36.0,Home & Kitchen,85.54,4,0.2,Credit Card,5.0
3078,2023-09-13,customer3077@hotmail.com,India,46.0,Beauty,134.24,2,0.1,Credit Card,4.0
3079,2024-10-31,customer3078@gmail.com,France,33.0,Home & Kitchen,41.29,2,0.0,Credit Card,2.0
3080,2024-10-26,customer3079@protonmail.com,Japan,27.0,Clothing,38.45,3,0.25,PayPal,3.0
3081,2023-03-31,customer3080@hotmail.com,France,66.0,Home & Kitchen,79.42,2,0.25,Gift Card,5.0
3082,2024-10-19,customer3081@yahoo.com,Canada,56.0,Electronics,44.14,1,0.0,Credit Card,
3083,2024-09-05,customer3082@protonmail.com,Germany,67.0,Clothing,21.87,1,0.0,Credit Card,4.0
3084,2024-01-29,customer3083@hotmail.com,India,22.0,Toys,29.75,1,0.2,Credit Card,3.0
3085,2023-07-06,customer3084@protonmail.com,Australia,30.0,Clothing,208.24,5,0.05,Gift Card,5.0
3086,2023-12-01,customer3085@outlook.com,Canada,43.0,Electronics,71.14,5,0.15,Credit Card,4.0
3087,2024-07-19,customer3086@outlook.com,United States,74.0,Home & Kitchen,95.45,4,0.2,Gift Card,3.0
3088,2023-07-17,customer3087@hotmail.com,United States,64.0,Home & Kitchen,58.86,3,0.15,Debit Card,4.0
3089,2023-09-09,customer3088@gmail.com,India,47.0,Toys,126.78,5,0.05,PayPal,5.0
3090,2023-12-02,customer3089@hotmail.com,Mexico,28.0,Home & Kitchen,11.57,5,0.15,Credit Card,4.0
3091,2023-02-19,customer3090@protonmail.com,Australia,72.0,Toys,161.97,3,0.0,Debit Card,5.0
3092,2023-10-27,customer3091@protonmail.com,Australia,51.0,Books,70.28,4,0.1,Credit Card,5.0
3093,2023-04-08,customer3092@yahoo.com,Australia,62.0,Home & Kitchen,43.88,1,0.1,PayPal,4.0
3094,2023-01-06,customer3093@outlook.com,Germany,39.0,Beauty,148.46,1,0.15,Debit Card,5.0
3095,2023-10-10,customer3094@yahoo.com,Brazil,61.0,Sports & Outdoors,91.81,5,0.0,PayPal,2.0
3096,2024-07-07,customer3095@outlook.com,United Kingdom,68.0,Sports & Outdoors,63.83,3,0.2,Debit Card,
3097,2024-12-18,customer3096@hotmail.com,Brazil,42.0,Clothing,23.88,5,0.0,Bank Transfer,4.0
3098,2023-11-17,customer3097@protonmail.com,United States,54.0,Clothing,65.33,3,0.1,Debit Card,4.0
3099,2024-07-04,customer3098@protonmail.com,Australia,62.0,Toys,75.65,1,0.15,Debit Card,4.0
3100,2023-06-12,customer3099@outlook.com,Australia,38.0,Office Supplies,81.76,1,0.0,Credit Card,4.0
3101,2024-04-09,customer3100@yahoo.com,Canada,55.0,Clothing,39.98,3,0.25,Credit Card,4.0
3102,2024-05-01,customer3101@outlook.com,India,45.0,Sports & Outdoors,40.86,1,0.1,Credit Card,5.0
3103,2023-08-31,customer3102@yahoo.com,Canada,50.0,Clothing,29.09,5,0.0,Credit Card,4.0
3104,2023-11-23,customer3103@outlook.com,Japan,47.0,Office Supplies,43.19,2,0.1,Credit Card,5.0
3105,2024-05-04,customer3104@yahoo.com,France,,Home & Kitchen,101.42,4,0.0,Credit Card,3.0
3106,2023-08-18,customer3105@hotmail.com,Brazil,74.0,Books,183.03,2,0.25,Credit Card,
3107,2024-03-16,customer3106@hotmail.com,France,35.0,Books,57.77,4,0.0,PayPal,4.0
3108,2023-06-18,customer3107@protonmail.com,Australia,60.0,Beauty,83.31,2,0.0,Debit Card,5.0
3109,2024-01-26,customer3108@gmail.com,Brazil,62.0,Beauty,27.91,3,0.15,Gift Card,4.0
3110,2023-02-13,customer3109@yahoo.com,United States,,Beauty,28.51,2,0.0,Credit Card,4.0
3111,2023-11-22,customer3110@gmail.com,United Kingdom,29.0,Beauty,122.42,5,0.0,Credit Card,5.0
3112,2024-01-03,customer3111@yahoo.com,France,74.0,Books,9.66,3,0.0,PayPal,3.0
3113,2024-08-26,customer3112@gmail.com,Germany,53.0,Electronics,92.38,3,0.2,PayPal,5.0
3114,2023-10-02,customer3113@gmail.com,United States,26.0,Automotive,94.79,2,0.2,Credit Card,5.0
3115,2023-01-05,customer3114@outlook.com,Japan,52.0,Clothing,124.58,1,0.1,Credit Card,4.0
3116,2023-01-30,customer3115@gmail.com,United States,44.0,Electronics,86.22,4,0.05,Gift Card,4.0
3117,2024-01-29,customer3116@outlook.com,Brazil,57.0,Electronics,22.8,1,0.15,Gift Card,4.0
3118,2024-08-16,customer3117@gmail.com,Canada,72.0,Books,141.07,1,0.0,Bank Transfer,5.0
3119,2024-10-12,customer3118@hotmail.com,Japan,32.0,Clothing,48.17,4,0.25,Credit Card,5.0
3120,2024-08-13,customer3119@hotmail.com,India,66.0,Sports & Outdoors,134.91,4,0.15,Credit Card,4.0
3121,2023-09-06,customer3120@protonmail.com,Germany,66.0,Sports & Outdoors,117.99,2,0.1,Credit Card,4.0
3122,2023-12-24,customer3121@yahoo.com,United Kingdom,29.0,Electronics,84.28,4,0.1,Debit Card,4.0
3123,2024-10-10,customer3122@yahoo.com,United Kingdom,34.0,Home & Kitchen,118.7,1,0.15,Credit Card,3.0
3124,2024-09-04,customer3123@outlook.com,France,42.0,Automotive,152.22,3,0.1,Credit Card,2.0
3125,2023-11-28,customer3124@protonmail.com,United Kingdom,34.0,Beauty,92.16,5,0.15,Gift Card,5.0
3126,2023-12-18,customer3125@protonmail.com,India,,Automotive,110.73,2,0.05,Credit Card,4.0
3127,2023-02-20,customer3126@outlook.com,India,59.0,Electronics,36.58,4,0.0,Credit Card,1.0
3128,2023-05-04,customer3127@protonmail.com,Japan,57.0,Automotive,105.78,2,0.15,Debit Card,3.0
3129,2024-01-22,customer3128@yahoo.com,Germany,60.0,Grocery,36.02,2,0.0,Bank Transfer,5.0
3130,2024-01-13,customer3129@outlook.com,Canada,53.0,Books,79.02,2,0.0,Gift Card,2.0
3131,2024-02-24,customer3130@gmail.com,United Kingdom,,Sports & Outdoors,44.21,2,0.0,Credit Card,5.0
3132,2023-08-17,customer3131@gmail.com,France,51.0,Home & Kitchen,51.44,1,0.0,Debit Card,
3133,2023-06-15,customer3132@hotmail.com,India,48.0,Sports & Outdoors,163.7,5,0.1,Bank Transfer,5.0
3134,2023-11-27,customer3133@outlook.com,Brazil,69.0,Grocery,69.14,3,0.15,Debit Card,4.0
3135,2024-10-03,customer3134@outlook.com,Mexico,68.0,Books,78.58,5,0.0,Credit Card,5.0
3136,2024-12-09,customer3135@protonmail.com,France,23.0,Electronics,108.57,4,0.0,PayPal,
3137,2023-02-08,customer3136@outlook.com,Australia,48.0,Clothing,75.19,5,0.15,Debit Card,4.0
3138,2023-09-17,customer3137@protonmail.com,United Kingdom,71.0,Beauty,104.65,2,0.0,Debit Card,5.0
3139,2024-01-16,customer3138@outlook.com,Japan,58.0,Beauty,110.6,1,0.2,Debit Card,5.0
3140,2023-06-07,customer3139@yahoo.com,Japan,45.0,Books,48.89,5,0.0,Credit Card,4.0
3141,2023-09-15,customer3140@gmail.com,United States,56.0,Office Supplies,31.72,5,0.15,PayPal,5.0
3142,2023-04-04,customer3141@protonmail.com,France,19.0,Electronics,74.54,5,0.1,Credit Card,5.0
3143,2023-12-05,customer3142@hotmail.com,Mexico,46.0,Electronics,51.66,5,0.0,Credit Card,5.0
3144,2024-10-07,customer3143@yahoo.com,Australia,70.0,Home & Kitchen,116.15,2,0.2,Debit Card,5.0
3145,2024-11-08,customer3144@hotmail.com,France,43.0,Grocery,52.72,3,0.2,Debit Card,4.0
3146,2023-01-11,customer3145@protonmail.com,Canada,71.0,Beauty,151.55,4,0.2,Debit Card,3.0
3147,2024-04-09,customer3146@gmail.com,Brazil,63.0,Grocery,154.94,5,0.0,PayPal,4.0
3148,2024-10-24,customer3147@protonmail.com,Mexico,71.0,Automotive,143.93,1,0.0,PayPal,4.0
3149,2024-07-14,customer3148@gmail.com,Mexico,26.0,Clothing,99.35,5,0.0,Debit Card,4.0
3150,2023-02-15,customer3149@gmail.com,Mexico,65.0,Clothing,45.22,4,0.0,Debit Card,5.0
3151,2023-10-12,customer3150@outlook.com,Mexico,30.0,Sports & Outdoors,57.15,3,0.25,Debit Card,3.0
3152,2024-07-03,customer3151@yahoo.com,Germany,33.0,Clothing,98.28,4,0.25,Credit Card,
3153,2024-12-16,customer3152@yahoo.com,Brazil,25.0,Books,64.6,2,0.2,Debit Card,
3154,2023-08-03,customer3153@outlook.com,United Kingdom,34.0,Electronics,62.14,2,0.0,Debit Card,5.0
3155,2023-07-26,customer3154@outlook.com,Germany,54.0,Clothing,148.06,1,0.25,PayPal,1.0
3156,2023-07-02,customer3155@yahoo.com,Canada,36.0,Books,27.13,2,0.2,PayPal,5.0
3157,2024-10-15,customer3156@outlook.com,United States,19.0,Electronics,101.9,2,0.0,Credit Card,4.0
3158,2023-05-12,customer3157@protonmail.com,Australia,30.0,Office Supplies,94.59,3,0.0,Bank Transfer,4.0
3159,2023-09-25,customer3158@hotmail.com,United States,25.0,Electronics,77.68,3,0.0,Bank Transfer,3.0
3160,2023-04-09,customer3159@outlook.com,Canada,69.0,Automotive,35.05,2,0.05,Credit Card,
3161,2024-11-16,customer3160@hotmail.com,Canada,60.0,Electronics,57.82,2,0.0,Bank Transfer,2.0
3162,2023-02-18,customer3161@protonmail.com,Japan,48.0,Grocery,76.81,3,0.15,Debit Card,3.0
3163,2024-01-06,customer3162@gmail.com,France,66.0,Toys,32.2,4,0.15,Credit Card,5.0
3164,2023-04-24,customer3163@gmail.com,Mexico,33.0,Home & Kitchen,131.56,5,0.05,PayPal,5.0
3165,2023-10-25,customer3164@protonmail.com,Japan,69.0,Home & Kitchen,71.71,2,0.05,Credit Card,5.0
3166,2024-03-05,customer3165@protonmail.com,Canada,62.0,Clothing,68.41,3,0.1,PayPal,5.0
3167,2024-05-24,customer3166@hotmail.com,United Kingdom,32.0,Grocery,105.43,4,0.0,PayPal,4.0
3168,2024-02-20,customer3167@hotmail.com,United Kingdom,53.0,Electronics,166.07,2,0.0,Credit Card,5.0
3169,2023-11-08,customer3168@protonmail.com,France,72.0,Home & Kitchen,56.85,4,0.2,Credit Card,2.0
3170,2023-07-25,customer3169@gmail.com,United States,39.0,Beauty,29.83,3,0.0,Credit Card,5.0
3171,2024-08-09,customer3170@outlook.com,France,30.0,Sports & Outdoors,177.64,1,0.25,Debit Card,5.0
3172,2024-05-11,customer3171@gmail.com,Germany,70.0,Clothing,81.86,4,0.1,Debit Card,
3173,2024-05-05,customer3172@protonmail.com,Canada,35.0,Electronics,217.24,1,0.1,PayPal,4.0
3174,2024-07-15,customer3173@gmail.com,India,49.0,Toys,153.17,3,0.2,Gift Card,5.0
3175,2023-06-10,customer3174@gmail.com,Germany,23.0,Home & Kitchen,41.87,2,0.0,Debit Card,5.0
3176,2024-12-16,customer3175@outlook.com,United States,53.0,Sports & Outdoors,63.27,1,0.1,Debit Card,
3177,2024-11-02,customer3176@yahoo.com,Brazil,74.0,Home & Kitchen,9.68,4,0.05,Credit Card,4.0
3178,2023-11-18,customer3177@protonmail.com,Japan,19.0,Office Supplies,45.09,4,0.05,Debit Card,5.0
3179,2023-05-29,customer3178@yahoo.com,Germany,34.0,Toys,26.53,2,0.25,Credit Card,5.0
3180,2023-10-01,customer3179@hotmail.com,Germany,53.0,Toys,47.72,1,0.25,Debit Card,5.0
3181,2023-10-11,customer3180@yahoo.com,Canada,51.0,Grocery,19.65,5,0.05,Debit Card,4.0
3182,2024-12-11,customer3181@outlook.com,Germany,41.0,Office Supplies,39.29,3,0.05,Debit Card,3.0
3183,2023-07-30,customer3182@protonmail.com,Canada,35.0,Grocery,46.7,5,0.0,Credit Card,5.0
3184,2024-11-18,customer3183@hotmail.com,Canada,60.0,Toys,68.36,3,0.05,Debit Card,5.0
3185,2023-06-18,customer3184@gmail.com,Germany,45.0,Grocery,23.27,4,0.05,PayPal,3.0
3186,2024-11-07,customer3185@protonmail.com,India,20.0,Home & Kitchen,134.93,5,0.0,PayPal,4.0
3187,2024-11-09,customer3186@protonmail.com,Canada,26.0,Beauty,45.37,4,0.0,Debit Card,3.0
3188,2024-03-20,customer3187@outlook.com,India,39.0,Sports & Outdoors,84.7,5,0.2,Gift Card,4.0
3189,2023-03-20,customer3188@yahoo.com,India,54.0,Toys,44.16,1,0.15,PayPal,4.0
3190,2024-03-26,customer3189@hotmail.com,United States,21.0,Grocery,70.94,4,0.0,PayPal,3.0
3191,2024-10-27,customer3190@outlook.com,United Kingdom,74.0,Beauty,66.59,4,0.25,PayPal,4.0
3192,2024-11-08,customer3191@gmail.com,Australia,71.0,Beauty,138.5,5,0.0,PayPal,1.0
3193,2023-11-30,customer3192@yahoo.com,Canada,21.0,Automotive,59.93,4,0.0,Gift Card,5.0
3194,2023-12-17,customer3193@gmail.com,France,41.0,Beauty,62.15,2,0.0,Credit Card,5.0
3195,2023-10-08,customer3194@yahoo.com,Brazil,39.0,Home & Kitchen,33.53,4,0.0,Debit Card,5.0
3196,2023-06-05,customer3195@gmail.com,United States,25.0,Home & Kitchen,19.44,4,0.0,PayPal,
3197,2024-04-22,customer3196@protonmail.com,Japan,47.0,Books,81.65,5,0.25,Credit Card,3.0
3198,2024-12-20,customer3197@protonmail.com,Germany,60.0,Home & Kitchen,82.79,4,0.05,Credit Card,5.0
3199,2023-07-15,customer3198@gmail.com,Brazil,48.0,Beauty,76.94,5,0.0,Debit Card,2.0
3200,2024-09-06,customer3199@hotmail.com,Canada,68.0,Grocery,118.77,4,0.0,Debit Card,4.0
3201,2023-03-11,customer3200@protonmail.com,Brazil,54.0,Home & Kitchen,67.69,1,0.0,PayPal,
3202,2023-02-10,customer3201@protonmail.com,Brazil,62.0,Automotive,52.7,4,0.05,Debit Card,5.0
3203,2024-10-19,customer3202@protonmail.com,France,66.0,Beauty,75.83,4,0.05,Credit Card,4.0
3204,2023-03-24,customer3203@yahoo.com,France,66.0,Office Supplies,60.99,1,0.05,PayPal,4.0
3205,2023-10-30,customer3204@outlook.com,France,50.0,Home & Kitchen,25.34,1,0.0,Credit Card,
3206,2024-10-05,customer3205@gmail.com,Brazil,66.0,Books,125.85,2,0.0,Gift Card,5.0
3207,2023-09-12,customer3206@protonmail.com,France,39.0,Sports & Outdoors,44.4,3,0.05,Debit Card,3.0
3208,2023-08-08,customer3207@gmail.com,Mexico,74.0,Beauty,63.53,4,0.0,Credit Card,4.0
3209,2023-01-30,customer3208@outlook.com,Canada,55.0,Automotive,47.18,5,0.25,Debit Card,1.0
3210,2024-05-23,customer3209@outlook.com,France,38.0,Automotive,137.75,1,0.0,PayPal,3.0
3211,2023-08-22,customer3210@yahoo.com,Australia,21.0,Home & Kitchen,48.33,5,0.15,Gift Card,5.0
3212,2023-03-28,customer3211@protonmail.com,Australia,37.0,Clothing,150.23,1,0.15,Debit Card,4.0
3213,2023-12-13,customer3212@outlook.com,France,45.0,Beauty,41.66,3,0.0,Bank Transfer,2.0
3214,2023-05-05,customer3213@gmail.com,Mexico,24.0,Electronics,102.05,5,0.1,Credit Card,5.0
3215,2024-09-11,customer3214@protonmail.com,France,50.0,Office Supplies,62.01,3,0.15,Credit Card,5.0
3216,2024-06-29,customer3215@protonmail.com,Canada,,Beauty,22.12,5,0.0,Debit Card,5.0
3217,2024-12-16,customer3216@yahoo.com,Germany,35.0,Grocery,147.33,4,0.1,PayPal,2.0
3218,2024-12-15,customer3217@yahoo.com,United States,,Automotive,39.51,2,0.0,Credit Card,4.0
3219,2024-09-03,customer3218@hotmail.com,United Kingdom,41.0,Electronics,53.94,5,0.05,Credit Card,5.0
3220,2024-01-02,customer3219@gmail.com,France,34.0,Clothing,80.54,1,0.0,Debit Card,3.0
3221,2023-05-05,customer3220@hotmail.com,United States,65.0,Sports & Outdoors,30.32,4,0.0,Credit Card,4.0
3222,2023-02-01,customer3221@gmail.com,France,53.0,Grocery,43.59,2,0.2,PayPal,5.0
3223,2023-03-08,customer3222@yahoo.com,United Kingdom,53.0,Beauty,58.94,4,0.25,Credit Card,2.0
3224,2023-06-21,customer3223@gmail.com,Mexico,31.0,Electronics,20.96,1,0.25,Debit Card,5.0
3225,2024-10-06,customer3224@hotmail.com,Canada,52.0,Sports & Outdoors,75.96,5,0.25,Debit Card,5.0
3226,2023-06-05,customer3225@hotmail.com,France,67.0,Home & Kitchen,27.94,1,0.1,Gift Card,5.0
3227,2023-03-09,customer3226@outlook.com,Canada,29.0,Clothing,100.81,4,0.2,Credit Card,5.0
3228,2024-11-13,customer3227@protonmail.com,France,18.0,Office Supplies,127.05,2,0.25,Credit Card,5.0
3229,2023-11-14,customer3228@gmail.com,France,61.0,Electronics,104.61,5,0.0,Credit Card,5.0
3230,2023-11-02,customer3229@protonmail.com,France,57.0,Electronics,112.85,5,0.0,Bank Transfer,5.0
3231,2023-08-09,customer3230@protonmail.com,France,29.0,Clothing,57.22,5,0.05,Credit Card,2.0
3232,2024-11-22,customer3231@gmail.com,France,48.0,Grocery,25.87,2,0.15,PayPal,4.0
3233,2023-09-12,customer3232@outlook.com,United Kingdom,24.0,Electronics,123.63,1,0.0,Debit Card,5.0
3234,2024-09-19,customer3233@outlook.com,India,34.0,Electronics,44.25,1,0.15,PayPal,3.0
3235,2024-12-25,customer3234@hotmail.com,Japan,28.0,Clothing,65.38,2,0.0,Credit Card,
3236,2023-11-26,customer3235@outlook.com,Japan,70.0,Sports & Outdoors,36.03,4,0.05,Debit Card,4.0
3237,2024-05-26,customer3236@yahoo.com,France,38.0,Electronics,32.68,2,0.05,Bank Transfer,4.0
3238,2023-01-19,customer3237@yahoo.com,Brazil,45.0,Grocery,79.28,1,0.15,Credit Card,5.0
3239,2024-07-24,customer3238@outlook.com,Japan,31.0,Grocery,70.35,5,0.0,Debit Card,5.0
3240,2024-12-11,customer3239@outlook.com,Canada,,Books,21.35,5,0.05,Bank Transfer,3.0
3241,2023-05-23,customer3240@yahoo.com,France,49.0,Electronics,45.61,3,0.15,Credit Card,1.0
3242,2023-01-08,customer3241@yahoo.com,India,22.0,Books,179.95,2,0.2,PayPal,5.0
3243,2023-02-02,customer3242@outlook.com,India,62.0,Home & Kitchen,93.81,3,0.05,Credit Card,2.0
3244,2024-09-16,customer3243@yahoo.com,Mexico,41.0,Clothing,42.47,2,0.0,Credit Card,
3245,2023-06-28,customer3244@outlook.com,Brazil,44.0,Beauty,52.72,1,0.1,Credit Card,4.0
3246,2023-10-29,customer3245@protonmail.com,Mexico,27.0,Electronics,69.42,2,0.0,PayPal,4.0
3247,2023-09-03,customer3246@hotmail.com,United Kingdom,21.0,Electronics,52.91,1,0.15,Credit Card,5.0
3248,2023-08-08,customer3247@hotmail.com,Mexico,49.0,Electronics,141.78,1,0.05,Debit Card,4.0
3249,2023-05-01,customer3248@gmail.com,Mexico,19.0,Electronics,90.5,5,0.15,PayPal,5.0
3250,2023-10-26,customer3249@hotmail.com,Japan,50.0,Home & Kitchen,104.76,1,0.0,Credit Card,5.0
3251,2024-11-05,customer3250@hotmail.com,Japan,61.0,Clothing,111.13,5,0.05,Credit Card,1.0
3252,2023-09-18,customer3251@outlook.com,Japan,31.0,Grocery,90.15,5,0.0,Credit Card,4.0
3253,2024-08-08,customer3252@yahoo.com,Canada,34.0,Electronics,97.7,3,0.1,Credit Card,2.0
3254,2024-05-18,customer3253@outlook.com,United States,71.0,Clothing,138.31,5,0.0,Debit Card,5.0
3255,2024-08-05,customer3254@yahoo.com,United Kingdom,44.0,Automotive,100.55,3,0.1,Debit Card,2.0
3256,2024-02-23,customer3255@yahoo.com,United Kingdom,35.0,Toys,30.9,5,0.05,Gift Card,
3257,2023-09-29,customer3256@protonmail.com,United States,68.0,Grocery,166.98,5,0.0,PayPal,5.0
3258,2023-07-07,customer3257@gmail.com,Brazil,55.0,Books,17.57,4,0.15,Bank Transfer,4.0
3259,2023-07-24,customer3258@hotmail.com,United States,52.0,Electronics,88.17,3,0.2,PayPal,
3260,2024-01-21,customer3259@protonmail.com,Germany,73.0,Home & Kitchen,73.72,1,0.1,Bank Transfer,4.0
3261,2023-10-23,customer3260@gmail.com,Canada,52.0,Beauty,50.08,2,0.1,Credit Card,4.0
3262,2023-10-23,customer3261@hotmail.com,Japan,63.0,Grocery,111.43,5,0.0,Credit Card,3.0
3263,2023-09-27,customer3262@gmail.com,Mexico,58.0,Books,61.84,5,0.0,Credit Card,5.0
3264,2024-11-03,customer3263@outlook.com,Australia,60.0,Books,91.18,4,0.0,Debit Card,4.0
3265,2024-04-14,customer3264@yahoo.com,Australia,56.0,Books,28.39,3,0.05,PayPal,5.0
3266,2024-10-13,customer3265@hotmail.com,Australia,21.0,Electronics,123.05,3,0.1,Debit Card,5.0
3267,2024-11-08,customer3266@hotmail.com,United Kingdom,28.0,Electronics,116.8,3,0.0,Bank Transfer,4.0
3268,2024-03-26,customer3267@protonmail.com,Germany,47.0,Office Supplies,68.4,4,0.0,Credit Card,
3269,2023-03-08,customer3268@gmail.com,Germany,58.0,Electronics,37.09,2,0.1,Debit Card,3.0
3270,2024-12-05,customer3269@yahoo.com,India,60.0,Clothing,127.98,3,0.0,PayPal,3.0
3271,2023-12-16,customer3270@hotmail.com,Germany,63.0,Beauty,18.48,4,0.1,Credit Card,3.0
3272,2023-10-01,customer3271@protonmail.com,United Kingdom,55.0,Clothing,70.59,4,0.05,PayPal,4.0
3273,2023-10-29,customer3272@yahoo.com,Australia,20.0,Office Supplies,56.55,1,0.25,Debit Card,3.0
3274,2023-03-06,customer3273@gmail.com,Brazil,,Electronics,86.57,5,0.0,Credit Card,5.0
3275,2024-04-29,customer3274@gmail.com,Germany,58.0,Automotive,55.88,3,0.0,Debit Card,5.0
3276,2023-02-04,customer3275@gmail.com,United States,70.0,Electronics,113.19,5,0.0,Debit Card,4.0
3277,2024-06-10,customer3276@gmail.com,France,52.0,Home & Kitchen,30.84,3,0.2,PayPal,5.0
3278,2024-08-31,customer3277@protonmail.com,India,49.0,Books,128.57,4,0.25,Debit Card,4.0
3279,2023-11-05,customer3278@protonmail.com,India,26.0,Automotive,63.02,1,0.15,PayPal,
3280,2023-10-07,customer3279@gmail.com,Brazil,65.0,Clothing,48.61,5,0.1,Credit Card,
3281,2024-05-06,customer3280@protonmail.com,Australia,41.0,Home & Kitchen,85.34,1,0.15,Credit Card,5.0
3282,2024-09-19,customer3281@hotmail.com,Mexico,68.0,Clothing,109.51,3,0.25,Credit Card,5.0
3283,2023-03-11,customer3282@outlook.com,Canada,28.0,Electronics,59.59,4,0.25,Debit Card,3.0
3284,2023-12-01,customer3283@outlook.com,Canada,62.0,Grocery,63.03,2,0.15,Credit Card,3.0
3285,2023-08-24,customer3284@yahoo.com,Brazil,35.0,Automotive,40.28,5,0.0,Debit Card,5.0
3286,2023-01-09,customer3285@outlook.com,India,26.0,Sports & Outdoors,17.62,4,0.0,Bank Transfer,
3287,2023-01-07,customer3286@protonmail.com,United Kingdom,70.0,Clothing,46.88,5,0.0,Bank Transfer,4.0
3288,2024-01-21,customer3287@protonmail.com,Germany,62.0,Sports & Outdoors,68.95,3,0.15,Credit Card,3.0
3289,2024-07-11,customer3288@hotmail.com,United Kingdom,67.0,Toys,53.99,4,0.0,PayPal,4.0
3290,2024-03-10,customer3289@yahoo.com,United Kingdom,62.0,Electronics,54.13,1,0.2,Bank Transfer,4.0
3291,2023-07-01,customer3290@yahoo.com,United States,51.0,Clothing,30.59,1,0.05,Debit Card,5.0
3292,2023-11-26,customer3291@gmail.com,United Kingdom,,Sports & Outdoors,34.18,3,0.25,Credit Card,4.0
3293,2024-12-06,customer3292@yahoo.com,Japan,20.0,Grocery,30.09,2,0.2,Credit Card,5.0
3294,2024-09-03,customer3293@yahoo.com,Brazil,39.0,Clothing,70.01,3,0.1,Credit Card,5.0
3295,2023-03-29,customer3294@protonmail.com,India,36.0,Grocery,87.42,4,0.05,Gift Card,5.0
3296,2024-04-15,customer3295@protonmail.com,Mexico,34.0,Beauty,71.76,2,0.0,Credit Card,5.0
3297,2024-04-01,customer3296@hotmail.com,United Kingdom,38.0,Automotive,90.19,5,0.25,Credit Card,3.0
3298,2023-09-24,customer3297@protonmail.com,Japan,55.0,Office Supplies,33.81,4,0.15,PayPal,4.0
3299,2023-09-24,customer3298@outlook.com,Germany,53.0,Electronics,66.59,4,0.05,PayPal,5.0
3300,2024-06-08,customer3299@yahoo.com,United Kingdom,59.0,Clothing,49.09,5,0.0,Credit Card,4.0
3301,2024-11-13,customer3300@outlook.com,Japan,42.0,Grocery,60.33,1,0.2,PayPal,5.0
3302,2023-08-22,customer3301@outlook.com,Germany,70.0,Grocery,22.37,1,0.0,Debit Card,3.0
3303,2024-11-07,customer3302@yahoo.com,Japan,47.0,Electronics,29.55,5,0.15,Credit Card,4.0
3304,2024-09-04,customer3303@outlook.com,United Kingdom,37.0,Sports & Outdoors,68.7,4,0.0,Debit Card,5.0
3305,2023-02-08,customer3304@protonmail.com,France,68.0,Automotive,40.14,3,0.15,PayPal,4.0
3306,2023-07-24,customer3305@protonmail.com,United States,34.0,Home & Kitchen,41.82,1,0.0,Credit Card,4.0
3307,2023-11-18,customer3306@protonmail.com,United States,65.0,Clothing,57.23,2,0.2,Credit Card,4.0
3308,2024-05-01,customer3307@hotmail.com,Brazil,60.0,Clothing,88.35,3,0.05,Gift Card,5.0
3309,2023-06-15,customer3308@hotmail.com,India,72.0,Clothing,108.05,1,0.05,Bank Transfer,4.0
3310,2023-10-31,customer3309@protonmail.com,Canada,73.0,Toys,18.69,5,0.25,Debit Card,2.0
3311,2023-03-09,customer3310@yahoo.com,Japan,25.0,Electronics,47.59,2,0.0,Credit Card,5.0
3312,2023-03-15,customer3311@gmail.com,Japan,34.0,Grocery,74.1,5,0.15,Credit Card,5.0
3313,2023-11-14,customer3312@gmail.com,United Kingdom,46.0,Electronics,86.01,3,0.1,Credit Card,
3314,2024-04-04,customer3313@outlook.com,France,33.0,Grocery,102.63,2,0.15,Credit Card,5.0
3315,2023-11-27,customer3314@gmail.com,United Kingdom,26.0,Electronics,80.97,1,0.15,PayPal,4.0
3316,2023-10-07,customer3315@hotmail.com,United States,,Grocery,42.84,5,0.2,Credit Card,3.0
3317,2023-12-30,customer3316@yahoo.com,India,18.0,Clothing,73.1,4,0.0,Credit Card,5.0
3318,2024-04-08,customer3317@gmail.com,Germany,33.0,Sports & Outdoors,67.77,5,0.0,PayPal,4.0
3319,2024-06-05,customer3318@yahoo.com,Australia,67.0,Electronics,28.52,2,0.15,Credit Card,5.0
3320,2024-01-30,customer3319@outlook.com,United States,41.0,Toys,39.71,1,0.1,Credit Card,
3321,2023-03-09,customer3320@outlook.com,United States,33.0,Home & Kitchen,78.0,2,0.25,Debit Card,4.0
3322,2023-01-31,customer3321@protonmail.com,Japan,,Electronics,102.77,2,0.15,Credit Card,3.0
3323,2023-09-08,customer3322@outlook.com,France,56.0,Beauty,45.89,2,0.0,Debit Card,5.0
3324,2023-05-30,customer3323@hotmail.com,Japan,63.0,Electronics,179.95,4,0.0,Credit Card,5.0
3325,2024-01-27,customer3324@hotmail.com,India,38.0,Office Supplies,8.45,5,0.15,Credit Card,2.0
3326,2024-05-26,customer3325@gmail.com,India,32.0,Toys,64.24,1,0.05,Debit Card,4.0
3327,2023-07-03,customer3326@yahoo.com,United States,42.0,Electronics,68.66,3,0.25,Debit Card,4.0
3328,2023-12-08,customer3327@outlook.com,United Kingdom,72.0,Office Supplies,114.24,4,0.15,Credit Card,2.0
3329,2023-06-09,customer3328@yahoo.com,United Kingdom,51.0,Electronics,42.01,2,0.0,Gift Card,4.0
3330,2023-12-07,customer3329@outlook.com,Canada,66.0,Grocery,46.75,3,0.2,Gift Card,3.0
3331,2023-10-04,customer3330@yahoo.com,France,71.0,Clothing,47.3,4,0.15,Debit Card,4.0
3332,2023-01-02,customer3331@gmail.com,France,73.0,Toys,110.96,3,0.0,Credit Card,4.0
3333,2024-04-30,customer3332@yahoo.com,Mexico,71.0,Grocery,122.66,1,0.05,Credit Card,3.0
3334,2023-08-10,customer3333@yahoo.com,India,40.0,Electronics,51.98,3,0.15,Gift Card,4.0
3335,2024-06-29,customer3334@outlook.com,United States,72.0,Sports & Outdoors,36.02,2,0.0,Credit Card,5.0
3336,2024-05-03,customer3335@gmail.com,Australia,56.0,Electronics,36.79,1,0.15,Credit Card,5.0
3337,2023-05-23,customer3336@hotmail.com,United Kingdom,69.0,Beauty,25.29,1,0.0,Credit Card,4.0
3338,2024-10-09,customer3337@protonmail.com,Mexico,39.0,Electronics,130.15,2,0.25,Credit Card,4.0
3339,2023-01-17,customer3338@outlook.com,United Kingdom,18.0,Electronics,65.0,5,0.1,Credit Card,4.0
3340,2024-02-24,customer3339@outlook.com,United States,43.0,Electronics,107.74,5,0.2,Credit Card,5.0
3341,2024-08-08,customer3340@gmail.com,Mexico,35.0,Sports & Outdoors,55.49,1,0.1,PayPal,2.0
3342,2024-01-30,customer3341@gmail.com,Brazil,56.0,Office Supplies,195.42,4,0.0,Credit Card,2.0
3343,2024-02-11,customer3342@gmail.com,Japan,53.0,Office Supplies,97.84,4,0.15,PayPal,2.0
3344,2023-12-10,customer3343@outlook.com,Japan,41.0,Beauty,78.66,3,0.15,Debit Card,3.0
3345,2023-02-13,customer3344@outlook.com,Brazil,56.0,Grocery,88.13,1,0.0,Credit Card,5.0
3346,2024-05-10,customer3345@gmail.com,United Kingdom,41.0,Automotive,34.57,4,0.25,PayPal,5.0
3347,2024-11-26,customer3346@outlook.com,Japan,59.0,Books,47.86,1,0.0,Debit Card,5.0
3348,2024-08-05,customer3347@protonmail.com,United Kingdom,48.0,Home & Kitchen,106.87,1,0.05,Debit Card,4.0
3349,2023-02-12,customer3348@protonmail.com,Mexico,34.0,Sports & Outdoors,66.21,2,0.0,Credit Card,
3350,2023-06-11,customer3349@hotmail.com,Germany,24.0,Electronics,91.33,1,0.2,Debit Card,4.0
3351,2024-08-30,customer3350@hotmail.com,Mexico,23.0,Grocery,54.38,5,0.05,PayPal,4.0
3352,2024-06-05,customer3351@outlook.com,Germany,74.0,Clothing,60.63,3,0.1,Bank Transfer,4.0
3353,2023-09-25,customer3352@yahoo.com,Canada,62.0,Home & Kitchen,124.53,5,0.25,PayPal,4.0
3354,2023-06-28,customer3353@hotmail.com,Germany,65.0,Grocery,72.79,1,0.05,Debit Card,3.0
3355,2023-12-04,customer3354@protonmail.com,Australia,54.0,Electronics,74.73,1,0.05,PayPal,5.0
3356,2023-01-24,customer3355@yahoo.com,Brazil,45.0,Office Supplies,62.66,1,0.1,Credit Card,4.0
3357,2023-03-07,customer3356@outlook.com,United States,65.0,Office Supplies,50.77,1,0.25,Debit Card,5.0
3358,2023-02-24,customer3357@outlook.com,United States,61.0,Sports & Outdoors,56.45,4,0.05,PayPal,1.0
3359,2024-08-25,customer3358@hotmail.com,United Kingdom,32.0,Beauty,66.5,1,0.0,Credit Card,4.0
3360,2023-02-03,customer3359@gmail.com,Brazil,74.0,Electronics,128.24,5,0.0,Credit Card,5.0
3361,2024-02-08,customer3360@hotmail.com,United Kingdom,24.0,Clothing,66.91,4,0.1,Credit Card,5.0
3362,2023-07-24,customer3361@yahoo.com,France,47.0,Automotive,114.73,2,0.2,Credit Card,
3363,2024-07-06,customer3362@outlook.com,Mexico,24.0,Electronics,36.87,2,0.2,PayPal,5.0
3364,2023-04-03,customer3363@gmail.com,Canada,59.0,Home & Kitchen,84.94,2,0.1,PayPal,5.0
3365,2024-10-26,customer3364@protonmail.com,Canada,39.0,Clothing,17.0,3,0.05,PayPal,3.0
3366,2023-03-04,customer3365@gmail.com,Japan,22.0,Sports & Outdoors,40.88,4,0.25,Gift Card,
3367,2024-09-09,customer3366@yahoo.com,Brazil,63.0,Beauty,42.03,3,0.15,Credit Card,4.0
3368,2023-04-18,customer3367@hotmail.com,Germany,72.0,Electronics,48.4,5,0.0,PayPal,4.0
3369,2023-01-22,customer3368@yahoo.com,Canada,37.0,Home & Kitchen,114.56,4,0.15,Credit Card,2.0
3370,2023-01-28,customer3369@yahoo.com,Canada,27.0,Grocery,18.31,2,0.2,PayPal,5.0
3371,2024-07-24,customer3370@outlook.com,Mexico,35.0,Home & Kitchen,122.8,2,0.2,PayPal,4.0
3372,2023-09-08,customer3371@gmail.com,Australia,63.0,Home & Kitchen,16.71,5,0.0,Bank Transfer,4.0
3373,2023-11-01,customer3372@yahoo.com,Germany,66.0,Electronics,52.68,4,0.1,PayPal,4.0
3374,2024-08-23,customer3373@gmail.com,Germany,45.0,Beauty,54.45,5,0.2,Credit Card,4.0
3375,2023-07-11,customer3374@outlook.com,Canada,49.0,Electronics,145.47,1,0.25,PayPal,3.0
3376,2024-02-09,customer3375@yahoo.com,United Kingdom,54.0,Clothing,95.23,1,0.2,Credit Card,5.0
3377,2023-08-06,customer3376@hotmail.com,Brazil,38.0,Toys,172.82,3,0.2,Debit Card,
3378,2023-02-17,customer3377@gmail.com,France,51.0,Electronics,187.68,2,0.2,Credit Card,2.0
3379,2024-12-26,customer3378@gmail.com,Mexico,21.0,Office Supplies,114.1,4,0.0,Debit Card,5.0
3380,2023-10-01,customer3379@yahoo.com,Australia,41.0,Grocery,40.04,4,0.1,PayPal,4.0
3381,2024-09-10,customer3380@protonmail.com,Japan,59.0,Sports & Outdoors,82.48,3,0.0,Credit Card,5.0
3382,2023-11-10,customer3381@protonmail.com,Brazil,72.0,Clothing,69.42,1,0.0,Credit Card,4.0
3383,2024-09-25,customer3382@gmail.com,Canada,69.0,Electronics,45.7,2,0.0,Credit Card,5.0
3384,2023-05-06,customer3383@gmail.com,France,35.0,Toys,110.4,2,0.25,Credit Card,4.0
3385,2024-01-30,customer3384@gmail.com,India,29.0,Home & Kitchen,25.2,2,0.0,Credit Card,4.0
3386,2023-09-30,customer3385@outlook.com,Australia,31.0,Sports & Outdoors,36.56,5,0.0,PayPal,
3387,2024-12-25,customer3386@protonmail.com,United Kingdom,30.0,Electronics,18.09,4,0.2,PayPal,4.0
3388,2023-09-03,customer3387@hotmail.com,Australia,68.0,Beauty,33.63,4,0.0,Debit Card,3.0
3389,2024-07-17,customer3388@yahoo.com,Japan,19.0,Clothing,38.72,1,0.0,Credit Card,4.0
3390,2023-12-27,customer3389@protonmail.com,Mexico,,Books,59.31,4,0.0,Debit Card,4.0
3391,2023-10-20,customer3390@yahoo.com,Brazil,54.0,Electronics,115.43,3,0.1,Gift Card,
3392,2024-05-24,customer3391@yahoo.com,Canada,24.0,Home & Kitchen,47.42,4,0.15,Credit Card,2.0
3393,2024-04-15,customer3392@protonmail.com,Australia,39.0,Books,116.83,3,0.25,Debit Card,4.0
3394,2023-12-16,customer3393@yahoo.com,Japan,26.0,Books,185.63,3,0.2,Debit Card,5.0
3395,2023-02-10,customer3394@hotmail.com,Brazil,34.0,Office Supplies,126.02,2,0.15,Credit Card,5.0
3396,2023-02-23,customer3395@outlook.com,United States,38.0,Clothing,35.11,4,0.2,Credit Card,5.0
3397,2024-03-13,customer3396@protonmail.com,United Kingdom,56.0,Electronics,42.61,3,0.25,PayPal,4.0
3398,2023-02-10,customer3397@hotmail.com,United Kingdom,68.0,Books,117.19,5,0.1,Credit Card,4.0
3399,2024-03-18,customer3398@protonmail.com,Canada,74.0,Clothing,41.97,5,0.0,Debit Card,
3400,2024-10-10,customer3399@outlook.com,Brazil,55.0,Automotive,68.6,4,0.15,Credit Card,4.0
3401,2024-07-30,customer3400@yahoo.com,France,60.0,Home & Kitchen,85.94,3,0.0,Credit Card,5.0
3402,2024-05-22,customer3401@yahoo.com,Germany,25.0,Grocery,99.17,3,0.25,Debit Card,2.0
3403,2023-07-19,customer3402@outlook.com,Australia,53.0,Sports & Outdoors,74.46,3,0.1,Credit Card,4.0
3404,2024-04-24,customer3403@protonmail.com,United States,48.0,Home & Kitchen,29.43,4,0.15,Credit Card,
3405,2023-05-14,customer3404@gmail.com,United Kingdom,73.0,Clothing,50.97,5,0.1,Debit Card,4.0
3406,2024-10-28,customer3405@outlook.com,Australia,,Books,125.91,4,0.0,PayPal,5.0
3407,2023-03-07,customer3406@yahoo.com,United Kingdom,63.0,Books,65.47,4,0.25,PayPal,2.0
3408,2024-01-31,customer3407@gmail.com,France,64.0,Clothing,162.97,3,0.25,PayPal,4.0
3409,2023-12-22,customer3408@hotmail.com,Germany,24.0,Toys,76.89,2,0.25,Debit Card,5.0
3410,2023-02-23,customer3409@protonmail.com,Mexico,,Beauty,37.87,2,0.25,Credit Card,5.0
3411,2023-05-17,customer3410@protonmail.com,India,68.0,Books,91.82,5,0.0,Credit Card,3.0
3412,2024-06-05,customer3411@outlook.com,Mexico,37.0,Sports & Outdoors,129.6,3,0.15,Credit Card,2.0
3413,2024-03-10,customer3412@gmail.com,Germany,62.0,Grocery,71.15,3,0.05,Credit Card,4.0
3414,2023-04-29,customer3413@protonmail.com,United Kingdom,74.0,Books,71.82,3,0.1,Credit Card,4.0
3415,2023-04-13,customer3414@hotmail.com,Australia,73.0,Clothing,82.19,2,0.05,PayPal,4.0
3416,2024-05-01,customer3415@yahoo.com,India,32.0,Home & Kitchen,87.68,1,0.25,Debit Card,5.0
3417,2024-04-27,customer3416@protonmail.com,India,36.0,Electronics,43.37,2,0.2,Credit Card,4.0
3418,2023-10-20,customer3417@yahoo.com,Australia,72.0,Home & Kitchen,18.63,2,0.2,Debit Card,1.0
3419,2023-01-15,customer3418@outlook.com,Australia,40.0,Clothing,94.61,1,0.15,PayPal,5.0
3420,2023-01-21,customer3419@gmail.com,Australia,29.0,Beauty,65.83,1,0.0,Credit Card,4.0
3421,2023-04-21,customer3420@outlook.com,France,53.0,Home & Kitchen,82.95,5,0.0,Credit Card,4.0
3422,2023-02-10,customer3421@hotmail.com,Canada,47.0,Beauty,58.78,1,0.25,Debit Card,5.0
3423,2024-02-11,customer3422@hotmail.com,Germany,18.0,Electronics,83.76,1,0.0,Credit Card,
3424,2023-10-14,customer3423@protonmail.com,India,24.0,Electronics,35.65,3,0.15,Credit Card,3.0
3425,2023-06-08,customer3424@hotmail.com,India,53.0,Clothing,52.11,5,0.1,Debit Card,5.0
3426,2024-03-10,customer3425@protonmail.com,Japan,68.0,Books,34.63,4,0.15,Debit Card,4.0
3427,2024-05-29,customer3426@protonmail.com,Mexico,55.0,Home & Kitchen,52.86,1,0.25,PayPal,5.0
3428,2023-05-05,customer3427@hotmail.com,Mexico,45.0,Electronics,26.24,4,0.05,Credit Card,4.0
3429,2024-04-01,customer3428@yahoo.com,Australia,74.0,Toys,99.98,3,0.1,Gift Card,5.0
3430,2023-03-19,customer3429@hotmail.com,Brazil,68.0,Clothing,142.32,4,0.0,Credit Card,5.0
3431,2024-03-13,customer3430@gmail.com,United Kingdom,39.0,Clothing,27.36,2,0.0,Credit Card,4.0
3432,2023-10-02,customer3431@yahoo.com,France,65.0,Clothing,66.3,3,0.0,Credit Card,5.0
3433,2023-03-22,customer3432@outlook.com,France,69.0,Clothing,58.79,5,0.2,Credit Card,4.0
3434,2024-08-10,customer3433@yahoo.com,India,28.0,Home & Kitchen,145.6,4,0.0,PayPal,4.0
3435,2023-05-14,customer3434@yahoo.com,France,53.0,Home & Kitchen,68.99,2,0.0,Credit Card,3.0
3436,2024-07-26,customer3435@gmail.com,Germany,21.0,Toys,122.5,4,0.05,Credit Card,1.0
3437,2023-09-24,customer3436@protonmail.com,Germany,49.0,Books,96.27,5,0.1,Debit Card,4.0
3438,2024-05-14,customer3437@outlook.com,India,70.0,Automotive,77.82,4,0.15,Credit Card,4.0
3439,2024-05-31,customer3438@outlook.com,Japan,69.0,Grocery,46.47,4,0.25,Debit Card,4.0
3440,2023-11-07,customer3439@protonmail.com,Canada,50.0,Electronics,78.04,4,0.05,Gift Card,4.0
3441,2024-05-01,customer3440@hotmail.com,United States,51.0,Home & Kitchen,34.21,3,0.1,Credit Card,3.0
3442,2023-11-19,customer3441@hotmail.com,Germany,66.0,Automotive,51.88,2,0.0,Credit Card,5.0
3443,2024-03-18,customer3442@outlook.com,India,18.0,Clothing,16.86,3,0.1,Debit Card,5.0
3444,2023-06-14,customer3443@outlook.com,India,57.0,Books,134.0,3,0.0,PayPal,
3445,2023-11-07,customer3444@outlook.com,Canada,35.0,Sports & Outdoors,72.47,4,0.0,Gift Card,5.0
3446,2023-04-11,customer3445@yahoo.com,United States,61.0,Toys,131.84,4,0.2,PayPal,5.0
3447,2023-10-31,customer3446@protonmail.com,United Kingdom,24.0,Electronics,70.62,1,0.15,Debit Card,5.0
3448,2023-01-12,customer3447@outlook.com,India,45.0,Home & Kitchen,73.91,1,0.2,Debit Card,4.0
3449,2023-10-27,customer3448@outlook.com,France,61.0,Electronics,93.01,1,0.15,PayPal,5.0
3450,2024-09-19,customer3449@yahoo.com,United States,59.0,Electronics,63.2,2,0.0,PayPal,3.0
3451,2023-09-21,customer3450@yahoo.com,Australia,60.0,Electronics,58.46,2,0.2,Credit Card,
3452,2023-12-29,customer3451@protonmail.com,Japan,70.0,Sports & Outdoors,53.67,3,0.0,PayPal,5.0
3453,2024-09-16,customer3452@hotmail.com,United States,38.0,Clothing,35.83,4,0.0,PayPal,4.0
3454,2023-01-03,customer3453@hotmail.com,Japan,58.0,Electronics,53.84,3,0.0,Gift Card,4.0
3455,2024-05-04,customer3454@hotmail.com,India,64.0,Electronics,115.93,3,0.15,PayPal,5.0
3456,2024-01-22,customer3455@yahoo.com,United States,71.0,Office Supplies,50.84,5,0.15,PayPal,5.0
3457,2023-09-08,customer3456@gmail.com,United States,30.0,Electronics,181.55,4,0.15,Gift Card,2.0
3458,2023-07-08,customer3457@outlook.com,India,31.0,Home & Kitchen,18.22,4,0.2,Credit Card,4.0
3459,2024-03-08,customer3458@hotmail.com,France,42.0,Toys,118.79,4,0.0,Debit Card,5.0
3460,2023-11-08,customer3459@gmail.com,United States,63.0,Home & Kitchen,57.03,1,0.2,Gift Card,5.0
3461,2023-10-16,customer3460@gmail.com,Canada,68.0,Home & Kitchen,86.79,4,0.05,Debit Card,3.0
3462,2024-05-05,customer3461@gmail.com,India,48.0,Electronics,37.51,3,0.2,Gift Card,4.0
3463,2023-10-19,customer3462@gmail.com,India,59.0,Office Supplies,21.43,4,0.0,Credit Card,4.0
3464,2024-08-14,customer3463@outlook.com,Mexico,21.0,Sports & Outdoors,105.82,4,0.2,Credit Card,5.0
3465,2023-07-27,customer3464@outlook.com,Japan,60.0,Books,131.81,1,0.15,Credit Card,5.0
3466,2024-05-26,customer3465@outlook.com,Japan,54.0,Automotive,67.09,4,0.05,Credit Card,2.0
3467,2024-02-16,customer3466@gmail.com,India,36.0,Toys,50.85,5,0.2,Debit Card,
3468,2024-10-16,customer3467@gmail.com,Mexico,53.0,Home & Kitchen,64.07,3,0.0,Debit Card,2.0
3469,2023-10-20,customer3468@hotmail.com,United States,72.0,Books,63.98,4,0.0,Credit Card,3.0
3470,2023-06-21,customer3469@yahoo.com,Japan,74.0,Books,56.36,1,0.0,PayPal,4.0
3471,2023-10-18,customer3470@gmail.com,Brazil,54.0,Clothing,71.46,4,0.05,PayPal,5.0
3472,2024-04-27,customer3471@yahoo.com,Mexico,55.0,Beauty,89.51,5,0.0,Credit Card,5.0
3473,2023-11-10,customer3472@yahoo.com,United States,55.0,Electronics,85.12,2,0.15,Debit Card,
3474,2024-10-11,customer3473@yahoo.com,Brazil,25.0,Electronics,44.84,3,0.0,PayPal,4.0
3475,2023-04-24,customer3474@gmail.com,Australia,37.0,Clothing,57.08,3,0.0,Credit Card,5.0
3476,2023-08-14,customer3475@yahoo.com,Japan,74.0,Electronics,32.88,1,0.0,PayPal,4.0
3477,2024-12-18,customer3476@gmail.com,Mexico,21.0,Office Supplies,83.69,1,0.05,Debit Card,4.0
3478,2024-08-06,customer3477@outlook.com,Mexico,35.0,Books,39.49,1,0.0,PayPal,
3479,2023-02-26,customer3478@outlook.com,Canada,69.0,Electronics,11.55,1,0.15,Credit Card,5.0
3480,2024-11-17,customer3479@hotmail.com,France,57.0,Sports & Outdoors,47.81,4,0.0,PayPal,3.0
3481,2023-11-07,customer3480@hotmail.com,France,40.0,Grocery,86.08,4,0.2,Credit Card,5.0
3482,2024-04-15,customer3481@yahoo.com,France,52.0,Clothing,88.87,4,0.2,Gift Card,
3483,2023-01-13,customer3482@protonmail.com,France,61.0,Books,117.52,1,0.2,Credit Card,3.0
3484,2023-04-30,customer3483@protonmail.com,India,38.0,Beauty,198.71,2,0.1,Credit Card,5.0
3485,2024-05-24,customer3484@outlook.com,India,70.0,Home & Kitchen,65.53,5,0.1,PayPal,5.0
3486,2023-07-10,customer3485@outlook.com,Japan,41.0,Toys,58.57,3,0.05,Credit Card,5.0
3487,2023-03-27,customer3486@outlook.com,Japan,68.0,Sports & Outdoors,70.63,1,0.0,Credit Card,4.0
3488,2024-05-11,customer3487@hotmail.com,Canada,55.0,Grocery,51.98,5,0.0,Credit Card,3.0
3489,2023-06-08,customer3488@gmail.com,Germany,20.0,Automotive,30.46,3,0.0,PayPal,5.0
3490,2024-09-24,customer3489@outlook.com,Germany,67.0,Office Supplies,28.85,3,0.1,Debit Card,4.0
3491,2023-05-11,customer3490@outlook.com,Canada,24.0,Electronics,61.27,3,0.0,Credit Card,
3492,2023-01-18,customer3491@protonmail.com,Australia,71.0,Grocery,138.5,2,0.25,Credit Card,5.0
3493,2023-10-13,customer3492@protonmail.com,Japan,18.0,Sports & Outdoors,49.82,4,0.0,Debit Card,5.0
3494,2023-08-27,customer3493@outlook.com,United States,74.0,Clothing,97.64,2,0.0,Debit Card,
3495,2024-04-11,customer3494@outlook.com,France,44.0,Automotive,124.57,2,0.0,Credit Card,5.0
3496,2023-06-20,customer3495@hotmail.com,Australia,24.0,Grocery,96.86,1,0.2,Credit Card,5.0
3497,2024-12-16,customer3496@gmail.com,France,29.0,Grocery,103.06,1,0.15,Debit Card,4.0
3498,2023-11-05,customer3497@outlook.com,United Kingdom,28.0,Electronics,30.49,5,0.25,Credit Card,4.0
3499,2024-06-01,customer3498@outlook.com,United States,48.0,Electronics,56.03,2,0.25,Bank Transfer,3.0
3500,2024-07-14,customer3499@protonmail.com,United Kingdom,29.0,Automotive,23.2,1,0.2,Credit Card,4.0
3501,2024-10-07,customer3500@hotmail.com,Mexico,63.0,Office Supplies,44.33,3,0.0,Credit Card,4.0
3502,2024-01-03,customer3501@hotmail.com,India,73.0,Home & Kitchen,28.53,1,0.1,Credit Card,5.0
3503,2023-06-16,customer3502@gmail.com,Japan,35.0,Home & Kitchen,86.5,3,0.1,PayPal,5.0
3504,2024-01-14,customer3503@protonmail.com,United Kingdom,23.0,Sports & Outdoors,28.48,1,0.0,Credit Card,4.0
3505,2023-11-07,customer3504@hotmail.com,United States,20.0,Electronics,28.86,2,0.0,Credit Card,
3506,2024-03-20,customer3505@gmail.com,India,57.0,Toys,63.04,1,0.0,Credit Card,5.0
3507,2023-06-22,customer3506@hotmail.com,France,61.0,Office Supplies,17.37,5,0.05,Credit Card,
3508,2024-01-12,customer3507@outlook.com,Australia,72.0,Home & Kitchen,188.53,3,0.15,Credit Card,5.0
3509,2024-11-30,customer3508@gmail.com,Mexico,25.0,Beauty,55.29,1,0.0,Credit Card,5.0
3510,2024-05-17,customer3509@outlook.com,Mexico,50.0,Books,122.89,5,0.25,PayPal,5.0
3511,2024-11-29,customer3510@protonmail.com,Australia,29.0,Home & Kitchen,29.91,5,0.0,Credit Card,4.0
3512,2023-03-20,customer3511@yahoo.com,Brazil,18.0,Clothing,78.71,1,0.15,Credit Card,4.0
3513,2024-04-22,customer3512@yahoo.com,Australia,42.0,Toys,88.38,1,0.0,Bank Transfer,4.0
3514,2023-01-17,customer3513@yahoo.com,France,21.0,Beauty,34.35,1,0.0,PayPal,5.0
3515,2023-05-29,customer3514@hotmail.com,United Kingdom,27.0,Toys,100.66,2,0.1,Bank Transfer,5.0
3516,2024-08-26,customer3515@protonmail.com,United States,,Automotive,43.56,3,0.0,Credit Card,5.0
3517,2023-03-15,customer3516@hotmail.com,Mexico,30.0,Electronics,49.62,4,0.15,Debit Card,5.0
3518,2023-12-16,customer3517@yahoo.com,India,40.0,Office Supplies,34.17,5,0.05,Credit Card,4.0
3519,2023-02-20,customer3518@outlook.com,Germany,72.0,Toys,103.6,5,0.0,Gift Card,4.0
3520,2023-08-06,customer3519@outlook.com,Brazil,46.0,Clothing,77.76,5,0.25,Gift Card,5.0
3521,2023-04-01,customer3520@hotmail.com,Canada,25.0,Electronics,74.84,1,0.05,Debit Card,5.0
3522,2023-11-28,customer3521@outlook.com,Canada,20.0,Home & Kitchen,73.57,5,0.0,Credit Card,4.0
3523,2024-04-14,customer3522@hotmail.com,India,40.0,Clothing,76.4,4,0.0,Debit Card,1.0
3524,2024-04-19,customer3523@outlook.com,Mexico,69.0,Office Supplies,42.22,1,0.0,Gift Card,5.0
3525,2024-11-11,customer3524@gmail.com,Japan,20.0,Beauty,96.24,5,0.05,Debit Card,2.0
3526,2023-03-30,customer3525@protonmail.com,France,,Electronics,38.13,4,0.1,PayPal,4.0
3527,2023-10-20,customer3526@yahoo.com,Japan,45.0,Clothing,74.31,4,0.05,PayPal,4.0
3528,2024-01-18,customer3527@protonmail.com,United States,52.0,Books,59.84,4,0.0,Credit Card,5.0
3529,2023-03-04,customer3528@outlook.com,Germany,49.0,Grocery,47.84,4,0.0,PayPal,3.0
3530,2023-03-22,customer3529@outlook.com,United Kingdom,45.0,Grocery,60.83,1,0.0,Credit Card,5.0
3531,2023-08-15,customer3530@protonmail.com,Australia,35.0,Home & Kitchen,74.79,3,0.1,Gift Card,
3532,2024-09-19,customer3531@yahoo.com,India,40.0,Electronics,96.01,4,0.0,Credit Card,4.0
3533,2024-03-03,customer3532@gmail.com,United States,59.0,Electronics,67.64,5,0.2,Debit Card,4.0
3534,2024-02-15,customer3533@gmail.com,France,29.0,Books,110.36,4,0.1,Credit Card,4.0
3535,2024-02-07,customer3534@protonmail.com,Brazil,63.0,Electronics,43.79,2,0.0,Credit Card,5.0
3536,2024-08-14,customer3535@gmail.com,India,71.0,Home & Kitchen,55.15,4,0.0,PayPal,5.0
3537,2024-02-02,customer3536@hotmail.com,India,46.0,Grocery,87.62,2,0.0,PayPal,5.0
3538,2024-06-10,customer3537@outlook.com,France,45.0,Clothing,30.0,2,0.0,Gift Card,5.0
3539,2023-08-14,customer3538@gmail.com,Mexico,63.0,Office Supplies,214.91,4,0.15,Debit Card,4.0
3540,2024-08-18,customer3539@gmail.com,Canada,24.0,Beauty,102.66,2,0.1,Credit Card,2.0
3541,2023-01-24,customer3540@protonmail.com,India,62.0,Home & Kitchen,31.51,2,0.0,Credit Card,4.0
3542,2023-09-07,customer3541@outlook.com,Canada,63.0,Electronics,163.02,3,0.15,Credit Card,4.0
3543,2023-07-02,customer3542@outlook.com,Japan,37.0,Books,44.12,1,0.25,Credit Card,3.0
3544,2023-04-12,customer3543@yahoo.com,India,73.0,Beauty,155.11,1,0.15,Debit Card,3.0
3545,2024-01-27,customer3544@outlook.com,Japan,46.0,Books,98.24,3,0.25,Credit Card,1.0
3546,2024-10-12,customer3545@gmail.com,Canada,,Automotive,25.93,1,0.15,Bank Transfer,
3547,2023-04-29,customer3546@protonmail.com,India,32.0,Beauty,36.99,4,0.25,Credit Card,3.0
3548,2024-10-07,customer3547@hotmail.com,Mexico,57.0,Books,28.24,4,0.1,PayPal,4.0
3549,2024-09-17,customer3548@hotmail.com,France,70.0,Electronics,54.61,5,0.2,Debit Card,
3550,2024-10-06,customer3549@protonmail.com,United Kingdom,,Clothing,109.72,1,0.2,Debit Card,3.0
3551,2023-01-05,customer3550@protonmail.com,Japan,69.0,Books,144.13,4,0.0,Debit Card,2.0
3552,2024-12-23,customer3551@outlook.com,Mexico,24.0,Home & Kitchen,33.86,1,0.0,Gift Card,5.0
3553,2023-11-09,customer3552@protonmail.com,Mexico,59.0,Grocery,30.89,4,0.05,PayPal,5.0
3554,2024-03-11,customer3553@yahoo.com,United States,64.0,Clothing,81.2,1,0.0,Credit Card,4.0
3555,2023-08-11,customer3554@protonmail.com,Canada,30.0,Home & Kitchen,26.53,4,0.2,Credit Card,4.0
3556,2024-01-10,customer3555@gmail.com,Australia,46.0,Grocery,108.74,1,0.15,PayPal,4.0
3557,2024-02-06,customer3556@yahoo.com,India,20.0,Sports & Outdoors,93.3,1,0.25,Debit Card,4.0
3558,2024-08-05,customer3557@gmail.com,United States,56.0,Home & Kitchen,68.32,2,0.0,PayPal,2.0
3559,2023-09-07,customer3558@protonmail.com,Japan,52.0,Toys,106.29,2,0.1,Credit Card,4.0
3560,2023-03-22,customer3559@hotmail.com,United Kingdom,28.0,Beauty,104.36,4,0.0,PayPal,4.0
3561,2024-03-04,customer3560@gmail.com,United Kingdom,28.0,Clothing,36.67,1,0.05,Debit Card,4.0
3562,2024-07-25,customer3561@outlook.com,India,30.0,Clothing,30.28,4,0.0,Debit Card,5.0
3563,2023-01-12,customer3562@yahoo.com,United Kingdom,53.0,Sports & Outdoors,63.5,3,0.0,Gift Card,4.0
3564,2024-08-15,customer3563@hotmail.com,Canada,49.0,Sports & Outdoors,107.72,1,0.2,Debit Card,3.0
3565,2024-08-09,customer3564@gmail.com,Mexico,47.0,Electronics,35.41,5,0.1,Credit Card,5.0
3566,2024-02-26,customer3565@outlook.com,India,32.0,Home & Kitchen,31.52,3,0.2,Debit Card,3.0
3567,2024-11-23,customer3566@hotmail.com,Mexico,63.0,Sports & Outdoors,32.66,5,0.2,Credit Card,2.0
3568,2023-10-11,customer3567@gmail.com,Australia,52.0,Home & Kitchen,50.34,1,0.0,Credit Card,4.0
3569,2023-04-08,customer3568@gmail.com,United Kingdom,35.0,Office Supplies,8.49,3,0.05,Debit Card,5.0
3570,2024-04-24,customer3569@protonmail.com,Brazil,22.0,Electronics,38.88,1,0.0,Credit Card,5.0
3571,2024-03-21,customer3570@gmail.com,Brazil,66.0,Beauty,85.0,3,0.0,Debit Card,5.0
3572,2024-10-29,customer3571@protonmail.com,Germany,62.0,Office Supplies,107.38,4,0.0,Debit Card,
3573,2023-06-13,customer3572@yahoo.com,Australia,35.0,Clothing,189.2,5,0.0,Credit Card,
3574,2023-04-26,customer3573@hotmail.com,Mexico,33.0,Sports & Outdoors,61.99,5,0.0,Credit Card,3.0
3575,2024-05-10,customer3574@hotmail.com,Australia,73.0,Electronics,45.72,2,0.15,PayPal,4.0
3576,2023-08-16,customer3575@protonmail.com,India,60.0,Sports & Outdoors,167.06,2,0.0,Bank Transfer,5.0
3577,2023-05-15,customer3576@outlook.com,United States,26.0,Office Supplies,66.36,4,0.15,Credit Card,2.0
3578,2024-05-05,customer3577@protonmail.com,Mexico,27.0,Office Supplies,67.48,4,0.0,Credit Card,4.0
3579,2023-05-16,customer3578@outlook.com,Mexico,48.0,Clothing,128.76,2,0.0,Bank Transfer,2.0
3580,2024-08-31,customer3579@outlook.com,Canada,63.0,Grocery,21.8,2,0.15,PayPal,4.0
3581,2023-08-16,customer3580@protonmail.com,France,21.0,Grocery,69.46,1,0.0,Gift Card,4.0
3582,2024-04-21,customer3581@protonmail.com,United Kingdom,18.0,Clothing,28.3,4,0.25,Credit Card,5.0
3583,2024-02-26,customer3582@gmail.com,Australia,52.0,Grocery,17.67,1,0.05,Gift Card,4.0
3584,2024-03-07,customer3583@hotmail.com,India,27.0,Electronics,36.94,3,0.0,PayPal,3.0
3585,2023-08-11,customer3584@protonmail.com,Canada,49.0,Office Supplies,150.13,2,0.0,Credit Card,4.0
3586,2023-03-04,customer3585@outlook.com,Japan,37.0,Grocery,21.9,3,0.0,Debit Card,
3587,2024-04-11,customer3586@hotmail.com,Canada,66.0,Books,50.25,5,0.05,Credit Card,2.0
3588,2023-11-13,customer3587@outlook.com,Germany,,Clothing,101.92,5,0.15,Debit Card,5.0
3589,2024-12-14,customer3588@protonmail.com,Australia,25.0,Office Supplies,38.43,5,0.0,Debit Card,5.0
3590,2024-10-11,customer3589@hotmail.com,France,19.0,Electronics,187.52,4,0.0,Credit Card,4.0
3591,2023-02-24,customer3590@hotmail.com,Canada,42.0,Books,64.85,3,0.25,Bank Transfer,3.0
3592,2023-09-21,customer3591@gmail.com,France,60.0,Books,20.32,5,0.0,Gift Card,5.0
3593,2023-10-31,customer3592@gmail.com,Germany,45.0,Clothing,36.48,3,0.15,Gift Card,5.0
3594,2023-10-06,customer3593@hotmail.com,Australia,31.0,Electronics,21.42,2,0.0,Credit Card,5.0
3595,2024-06-12,customer3594@gmail.com,Germany,20.0,Home & Kitchen,39.55,5,0.0,PayPal,2.0
3596,2023-09-19,customer3595@outlook.com,France,74.0,Office Supplies,54.56,5,0.1,Gift Card,2.0
3597,2023-04-22,customer3596@protonmail.com,Mexico,68.0,Grocery,103.13,3,0.0,Credit Card,4.0
3598,2023-09-22,customer3597@yahoo.com,France,34.0,Grocery,209.2,5,0.0,Debit Card,4.0
3599,2024-07-28,customer3598@gmail.com,Brazil,45.0,Books,55.81,3,0.2,Credit Card,4.0
3600,2023-10-23,customer3599@outlook.com,Germany,26.0,Sports & Outdoors,93.83,3,0.0,PayPal,5.0
3601,2023-07-28,customer3600@gmail.com,Japan,40.0,Books,60.62,3,0.0,Debit Card,5.0
3602,2024-07-18,customer3601@protonmail.com,France,56.0,Sports & Outdoors,35.13,3,0.15,Gift Card,5.0
3603,2023-02-18,customer3602@hotmail.com,Japan,53.0,Grocery,42.91,5,0.05,Debit Card,1.0
3604,2023-11-29,customer3603@protonmail.com,Canada,33.0,Home & Kitchen,142.42,5,0.0,PayPal,2.0
3605,2023-03-17,customer3604@outlook.com,India,37.0,Office Supplies,48.47,4,0.2,Credit Card,3.0
3606,2024-03-19,customer3605@protonmail.com,Canada,,Automotive,157.42,3,0.25,Debit Card,1.0
3607,2024-10-18,customer3606@hotmail.com,Canada,47.0,Clothing,68.29,1,0.0,Gift Card,3.0
3608,2023-11-19,customer3607@hotmail.com,Japan,62.0,Office Supplies,71.86,2,0.05,PayPal,2.0
3609,2024-12-17,customer3608@yahoo.com,United Kingdom,45.0,Automotive,126.11,1,0.25,Gift Card,4.0
3610,2024-09-29,customer3609@protonmail.com,Mexico,63.0,Electronics,75.0,1,0.0,Debit Card,2.0
3611,2024-06-15,customer3610@protonmail.com,Japan,33.0,Electronics,7.4,4,0.05,Debit Card,5.0
3612,2023-05-11,customer3611@gmail.com,United Kingdom,30.0,Beauty,40.02,2,0.0,Gift Card,4.0
3613,2023-01-24,customer3612@hotmail.com,Mexico,72.0,Grocery,71.39,1,0.0,Credit Card,5.0
3614,2023-03-31,customer3613@outlook.com,Mexico,29.0,Home & Kitchen,76.44,2,0.25,PayPal,5.0
3615,2023-09-12,customer3614@yahoo.com,United Kingdom,64.0,Books,75.32,1,0.15,PayPal,4.0
3616,2023-10-25,customer3615@yahoo.com,Japan,33.0,Toys,61.98,1,0.0,PayPal,4.0
3617,2023-06-03,customer3616@yahoo.com,France,23.0,Clothing,69.96,3,0.0,Debit Card,5.0
3618,2024-12-12,customer3617@gmail.com,Mexico,,Electronics,133.12,4,0.0,Debit Card,4.0
3619,2024-06-26,customer3618@yahoo.com,Mexico,23.0,Home & Kitchen,51.52,4,0.25,Credit Card,4.0
3620,2024-05-25,customer3619@hotmail.com,Germany,60.0,Grocery,62.09,2,0.0,Gift Card,3.0
3621,2024-04-20,customer3620@yahoo.com,Mexico,,Electronics,110.27,4,0.0,Credit Card,5.0
3622,2024-03-25,customer3621@gmail.com,Japan,48.0,Sports & Outdoors,112.81,1,0.25,Debit Card,4.0
3623,2024-10-05,customer3622@gmail.com,United States,73.0,Sports & Outdoors,29.78,1,0.0,Credit Card,3.0
3624,2023-10-12,customer3623@protonmail.com,Australia,68.0,Office Supplies,15.29,2,0.25,Debit Card,5.0
3625,2023-04-13,customer3624@yahoo.com,Germany,72.0,Office Supplies,99.42,4,0.0,Credit Card,2.0
3626,2023-08-04,customer3625@protonmail.com,Mexico,57.0,Office Supplies,83.26,1,0.15,Debit Card,5.0
3627,2023-06-17,customer3626@yahoo.com,Canada,37.0,Toys,65.66,1,0.1,PayPal,5.0
3628,2024-11-29,customer3627@yahoo.com,United States,52.0,Electronics,104.76,3,0.0,Debit Card,5.0
3629,2024-02-18,customer3628@outlook.com,Canada,32.0,Home & Kitchen,57.41,3,0.1,Credit Card,2.0
3630,2023-11-08,customer3629@gmail.com,United States,47.0,Books,81.19,3,0.0,PayPal,4.0
3631,2023-01-19,customer3630@gmail.com,France,61.0,Electronics,48.58,3,0.1,Debit Card,1.0
3632,2024-06-03,customer3631@hotmail.com,India,41.0,Electronics,39.42,5,0.0,Credit Card,4.0
3633,2024-04-17,customer3632@yahoo.com,France,45.0,Clothing,56.4,1,0.0,Credit Card,5.0
3634,2024-08-14,customer3633@protonmail.com,United States,37.0,Clothing,22.44,4,0.0,PayPal,3.0
3635,2023-04-06,customer3634@yahoo.com,India,22.0,Toys,37.32,4,0.15,Gift Card,
3636,2024-04-24,customer3635@hotmail.com,Mexico,27.0,Office Supplies,64.2,4,0.25,PayPal,4.0
3637,2023-09-22,customer3636@yahoo.com,Brazil,27.0,Clothing,82.7,1,0.0,Gift Card,5.0
3638,2023-06-19,customer3637@hotmail.com,United States,33.0,Electronics,124.69,2,0.1,Debit Card,4.0
3639,2023-06-13,customer3638@yahoo.com,United Kingdom,21.0,Toys,61.94,5,0.1,Debit Card,4.0
3640,2023-07-30,customer3639@hotmail.com,Canada,69.0,Clothing,38.7,4,0.0,PayPal,5.0
3641,2024-06-19,customer3640@yahoo.com,Japan,62.0,Automotive,28.45,5,0.15,Credit Card,4.0
3642,2023-01-17,customer3641@protonmail.com,Germany,65.0,Clothing,119.33,4,0.2,PayPal,4.0
3643,2024-11-22,customer3642@outlook.com,United States,49.0,Clothing,71.83,1,0.25,Debit Card,4.0
3644,2024-12-08,customer3643@gmail.com,Brazil,18.0,Beauty,60.2,5,0.0,Credit Card,
3645,2024-12-07,customer3644@hotmail.com,Brazil,27.0,Books,73.19,5,0.0,Credit Card,3.0
3646,2024-09-01,customer3645@protonmail.com,Australia,30.0,Toys,105.45,4,0.1,Credit Card,5.0
3647,2023-08-25,customer3646@yahoo.com,Canada,59.0,Electronics,145.83,1,0.2,Credit Card,5.0
3648,2023-10-22,customer3647@hotmail.com,Mexico,64.0,Clothing,25.41,5,0.0,Debit Card,4.0
3649,2023-04-03,customer3648@yahoo.com,Germany,56.0,Electronics,57.15,5,0.0,Credit Card,
3650,2024-10-13,customer3649@outlook.com,Japan,51.0,Beauty,100.18,5,0.05,Credit Card,3.0
3651,2024-07-16,customer3650@gmail.com,United States,38.0,Home & Kitchen,26.9,2,0.15,Credit Card,4.0
3652,2023-04-23,customer3651@yahoo.com,Australia,22.0,Electronics,176.19,5,0.0,Debit Card,4.0
3653,2024-12-23,customer3652@hotmail.com,India,31.0,Toys,56.75,1,0.0,PayPal,4.0
3654,2023-01-31,customer3653@protonmail.com,Australia,64.0,Toys,190.36,3,0.0,Debit Card,4.0
3655,2024-07-14,customer3654@yahoo.com,United Kingdom,52.0,Clothing,24.12,4,0.0,Debit Card,5.0
3656,2023-04-09,customer3655@gmail.com,France,60.0,Office Supplies,116.88,2,0.25,PayPal,3.0
3657,2024-07-01,customer3656@hotmail.com,United Kingdom,70.0,Sports & Outdoors,42.82,5,0.15,PayPal,5.0
3658,2024-10-06,customer3657@hotmail.com,Japan,34.0,Automotive,66.68,3,0.25,Bank Transfer,3.0
3659,2024-11-24,customer3658@yahoo.com,Australia,52.0,Clothing,93.92,1,0.25,Debit Card,4.0
3660,2023-04-28,customer3659@gmail.com,Mexico,60.0,Toys,111.42,5,0.05,Debit Card,5.0
3661,2023-05-01,customer3660@yahoo.com,United States,61.0,Clothing,85.37,1,0.0,Gift Card,4.0
3662,2023-02-19,customer3661@outlook.com,Mexico,68.0,Clothing,64.65,5,0.2,Debit Card,5.0
3663,2024-08-23,customer3662@gmail.com,United Kingdom,70.0,Electronics,72.29,5,0.25,Debit Card,5.0
3664,2023-05-16,customer3663@outlook.com,Canada,54.0,Home & Kitchen,251.49,5,0.0,PayPal,5.0
3665,2023-10-13,customer3664@yahoo.com,United Kingdom,66.0,Grocery,121.98,2,0.2,Credit Card,4.0
3666,2023-10-30,customer3665@gmail.com,France,,Grocery,34.73,3,0.05,PayPal,5.0
3667,2023-09-14,customer3666@gmail.com,Brazil,35.0,Electronics,71.44,4,0.25,PayPal,4.0
3668,2023-12-29,customer3667@gmail.com,Australia,20.0,Electronics,88.24,5,0.0,Debit Card,
3669,2023-09-12,customer3668@hotmail.com,United Kingdom,69.0,Electronics,10.71,2,0.15,Credit Card,5.0
3670,2023-06-22,customer3669@yahoo.com,Brazil,50.0,Sports & Outdoors,130.41,3,0.0,Debit Card,
3671,2023-10-11,customer3670@yahoo.com,United States,49.0,Home & Kitchen,37.18,2,0.25,PayPal,5.0
3672,2024-08-11,customer3671@yahoo.com,Germany,60.0,Beauty,45.23,4,0.05,Debit Card,3.0
3673,2023-03-28,customer3672@gmail.com,Mexico,25.0,Electronics,30.14,4,0.05,Gift Card,3.0
3674,2024-12-01,customer3673@yahoo.com,Mexico,44.0,Beauty,117.47,3,0.15,Credit Card,4.0
3675,2023-10-27,customer3674@protonmail.com,Germany,59.0,Automotive,96.64,5,0.0,PayPal,5.0
3676,2023-08-01,customer3675@outlook.com,France,41.0,Electronics,121.13,2,0.15,Credit Card,5.0
3677,2023-11-21,customer3676@hotmail.com,Germany,57.0,Grocery,152.43,4,0.0,Debit Card,4.0
3678,2024-11-10,customer3677@outlook.com,United Kingdom,50.0,Automotive,77.13,3,0.05,Gift Card,
3679,2024-08-13,customer3678@gmail.com,Canada,38.0,Toys,49.43,1,0.0,Debit Card,
3680,2024-08-20,customer3679@hotmail.com,Brazil,56.0,Home & Kitchen,77.95,2,0.05,Debit Card,3.0
3681,2023-06-10,customer3680@outlook.com,Japan,43.0,Toys,45.0,5,0.1,Gift Card,
3682,2024-10-08,customer3681@yahoo.com,Australia,64.0,Clothing,92.84,3,0.1,Debit Card,5.0
3683,2024-05-30,customer3682@gmail.com,Brazil,21.0,Office Supplies,132.98,4,0.0,Debit Card,
3684,2023-02-13,customer3683@hotmail.com,Mexico,64.0,Toys,38.83,4,0.25,Credit Card,5.0
3685,2023-11-08,customer3684@outlook.com,India,61.0,Grocery,78.35,3,0.15,Debit Card,5.0
3686,2024-08-31,customer3685@hotmail.com,Canada,58.0,Sports & Outdoors,63.67,2,0.0,PayPal,3.0
3687,2024-01-24,customer3686@outlook.com,Brazil,33.0,Home & Kitchen,66.41,4,0.0,Debit Card,4.0
3688,2024-03-03,customer3687@hotmail.com,United States,74.0,Books,116.22,4,0.05,Credit Card,5.0
3689,2023-10-01,customer3688@hotmail.com,Brazil,55.0,Automotive,89.15,2,0.25,Credit Card,
3690,2023-01-28,customer3689@protonmail.com,Mexico,48.0,Clothing,57.37,1,0.25,Credit Card,5.0
3691,2024-10-08,customer3690@protonmail.com,Mexico,31.0,Clothing,61.84,2,0.0,Gift Card,2.0
3692,2024-07-04,customer3691@protonmail.com,France,43.0,Office Supplies,72.01,1,0.1,Bank Transfer,5.0
3693,2023-07-18,customer3692@protonmail.com,Mexico,43.0,Clothing,69.3,4,0.0,Debit Card,4.0
3694,2023-06-26,customer3693@protonmail.com,United Kingdom,36.0,Grocery,71.94,2,0.2,PayPal,3.0
3695,2024-01-14,customer3694@yahoo.com,Mexico,35.0,Electronics,105.13,2,0.15,Credit Card,5.0
3696,2024-08-04,customer3695@hotmail.com,Brazil,25.0,Grocery,29.76,2,0.05,Gift Card,5.0
3697,2023-03-05,customer3696@outlook.com,Brazil,59.0,Sports & Outdoors,89.8,5,0.0,Credit Card,1.0
3698,2024-04-01,customer3697@yahoo.com,Mexico,30.0,Electronics,95.5,5,0.25,Credit Card,5.0
3699,2024-09-10,customer3698@gmail.com,Brazil,44.0,Electronics,184.16,5,0.05,Credit Card,2.0
3700,2023-12-26,customer3699@gmail.com,Mexico,35.0,Home & Kitchen,64.47,4,0.25,Debit Card,
3701,2023-02-08,customer3700@protonmail.com,France,73.0,Sports & Outdoors,88.92,1,0.0,Debit Card,4.0
3702,2023-01-18,customer3701@hotmail.com,Mexico,46.0,Clothing,115.68,4,0.05,Credit Card,5.0
3703,2023-04-29,customer3702@protonmail.com,India,34.0,Home & Kitchen,87.85,3,0.1,Credit Card,5.0
3704,2024-10-11,customer3703@outlook.com,Canada,74.0,Toys,16.19,4,0.0,PayPal,5.0
3705,2023-12-01,customer3704@gmail.com,Germany,65.0,Office Supplies,17.74,4,0.0,PayPal,4.0
3706,2023-04-18,customer3705@outlook.com,India,62.0,Electronics,60.96,4,0.1,Credit Card,4.0
3707,2024-10-22,customer3706@protonmail.com,Japan,26.0,Sports & Outdoors,68.62,4,0.15,Credit Card,4.0
3708,2024-08-28,customer3707@hotmail.com,Canada,68.0,Automotive,82.61,5,0.0,PayPal,
3709,2023-04-18,customer3708@yahoo.com,Australia,27.0,Toys,28.17,5,0.25,Debit Card,4.0
3710,2024-05-17,customer3709@hotmail.com,Germany,28.0,Office Supplies,97.31,3,0.0,Debit Card,5.0
3711,2023-08-30,customer3710@hotmail.com,Canada,38.0,Toys,28.47,1,0.0,Debit Card,4.0
3712,2023-02-20,customer3711@yahoo.com,Canada,19.0,Sports & Outdoors,87.13,1,0.05,Debit Card,5.0
3713,2023-02-15,customer3712@outlook.com,United Kingdom,19.0,Grocery,35.08,1,0.0,Debit Card,5.0
3714,2024-01-31,customer3713@protonmail.com,Germany,18.0,Home & Kitchen,94.41,5,0.05,PayPal,
3715,2024-09-07,customer3714@outlook.com,India,35.0,Toys,116.04,3,0.0,Gift Card,3.0
3716,2024-12-03,customer3715@protonmail.com,United Kingdom,46.0,Sports & Outdoors,40.94,3,0.2,Debit Card,3.0
3717,2024-05-29,customer3716@hotmail.com,Canada,23.0,Electronics,86.3,2,0.15,Credit Card,4.0
3718,2024-11-04,customer3717@gmail.com,India,24.0,Books,75.5,5,0.0,Bank Transfer,3.0
3719,2023-06-22,customer3718@outlook.com,France,47.0,Grocery,39.65,2,0.25,Credit Card,
3720,2023-04-17,customer3719@outlook.com,Mexico,28.0,Electronics,27.34,5,0.0,Bank Transfer,5.0
3721,2023-03-22,customer3720@hotmail.com,Germany,45.0,Clothing,98.45,4,0.1,Debit Card,4.0
3722,2023-05-07,customer3721@protonmail.com,Canada,28.0,Electronics,169.86,2,0.15,PayPal,4.0
3723,2024-07-04,customer3722@yahoo.com,India,59.0,Electronics,57.31,4,0.05,Debit Card,3.0
3724,2023-04-23,customer3723@hotmail.com,Canada,58.0,Books,16.48,5,0.1,Credit Card,4.0
3725,2023-11-12,customer3724@protonmail.com,Brazil,71.0,Electronics,10.68,1,0.0,Credit Card,4.0
3726,2024-07-06,customer3725@outlook.com,Canada,72.0,Clothing,71.63,1,0.0,Credit Card,
3727,2024-11-07,customer3726@gmail.com,India,59.0,Electronics,22.58,1,0.15,Credit Card,5.0
3728,2023-04-28,customer3727@protonmail.com,Australia,24.0,Automotive,19.24,4,0.0,Credit Card,4.0
3729,2023-05-17,customer3728@yahoo.com,Canada,48.0,Automotive,39.03,3,0.0,Debit Card,5.0
3730,2023-02-17,customer3729@hotmail.com,India,24.0,Home & Kitchen,96.94,4,0.0,Gift Card,5.0
3731,2023-03-23,customer3730@hotmail.com,United Kingdom,56.0,Electronics,92.3,3,0.0,Credit Card,1.0
3732,2023-10-12,customer3731@hotmail.com,Brazil,36.0,Home & Kitchen,100.43,5,0.25,PayPal,5.0
3733,2023-08-18,customer3732@hotmail.com,Canada,45.0,Electronics,48.55,3,0.25,Credit Card,3.0
3734,2024-12-06,customer3733@outlook.com,France,54.0,Beauty,50.83,3,0.0,Debit Card,2.0
3735,2023-11-21,customer3734@gmail.com,United Kingdom,41.0,Toys,120.48,3,0.2,Debit Card,1.0
3736,2023-08-14,customer3735@hotmail.com,Mexico,39.0,Toys,55.26,2,0.05,PayPal,5.0
3737,2023-12-09,customer3736@outlook.com,Canada,43.0,Grocery,26.92,5,0.0,Credit Card,4.0
3738,2024-06-12,customer3737@protonmail.com,Australia,33.0,Grocery,40.44,1,0.25,Credit Card,5.0
3739,2023-09-04,customer3738@yahoo.com,United Kingdom,30.0,Clothing,101.38,1,0.0,Credit Card,5.0
3740,2023-04-16,customer3739@gmail.com,Brazil,24.0,Sports & Outdoors,85.31,3,0.0,Bank Transfer,3.0
3741,2023-11-04,customer3740@gmail.com,Australia,21.0,Clothing,60.37,4,0.05,Credit Card,5.0
3742,2024-03-29,customer3741@hotmail.com,France,44.0,Sports & Outdoors,21.36,3,0.2,Debit Card,
3743,2023-08-19,customer3742@gmail.com,India,,Electronics,84.91,4,0.0,Credit Card,2.0
3744,2024-02-29,customer3743@hotmail.com,Japan,20.0,Clothing,53.52,2,0.15,Debit Card,4.0
3745,2023-08-25,customer3744@yahoo.com,Japan,45.0,Home & Kitchen,26.65,2,0.2,Debit Card,2.0
3746,2024-10-22,customer3745@gmail.com,Germany,53.0,Electronics,99.96,4,0.05,Credit Card,
3747,2024-10-10,customer3746@yahoo.com,United Kingdom,66.0,Clothing,55.4,2,0.0,Credit Card,5.0
3748,2024-06-07,customer3747@protonmail.com,United States,64.0,Beauty,69.55,3,0.25,Credit Card,5.0
3749,2024-09-03,customer3748@gmail.com,Australia,49.0,Clothing,130.9,4,0.2,Credit Card,5.0
3750,2023-03-30,customer3749@protonmail.com,Japan,73.0,Office Supplies,80.32,1,0.0,Debit Card,4.0
3751,2024-04-21,customer3750@protonmail.com,United Kingdom,68.0,Clothing,95.72,2,0.1,PayPal,4.0
3752,2023-10-23,customer3751@gmail.com,United Kingdom,36.0,Office Supplies,66.78,1,0.2,Credit Card,
3753,2024-07-21,customer3752@yahoo.com,United States,43.0,Home & Kitchen,106.88,2,0.1,Credit Card,3.0
3754,2023-01-01,customer3753@hotmail.com,Australia,65.0,Clothing,31.03,5,0.0,Credit Card,
3755,2023-05-18,customer3754@outlook.com,Mexico,58.0,Electronics,21.36,1,0.25,PayPal,4.0
3756,2023-06-25,customer3755@yahoo.com,Japan,46.0,Home & Kitchen,28.7,4,0.0,Credit Card,5.0
3757,2024-02-11,customer3756@outlook.com,United States,46.0,Electronics,51.07,1,0.0,PayPal,4.0
3758,2024-12-10,customer3757@yahoo.com,France,33.0,Sports & Outdoors,95.65,3,0.0,Credit Card,5.0
3759,2024-10-16,customer3758@gmail.com,Mexico,47.0,Home & Kitchen,47.1,1,0.05,Credit Card,
3760,2023-11-29,customer3759@gmail.com,Canada,23.0,Electronics,94.02,3,0.05,Credit Card,2.0
3761,2023-01-01,customer3760@protonmail.com,United Kingdom,63.0,Home & Kitchen,71.75,5,0.1,Debit Card,4.0
3762,2024-09-25,customer3761@hotmail.com,India,43.0,Sports & Outdoors,186.44,1,0.0,Debit Card,4.0
3763,2024-02-22,customer3762@protonmail.com,Japan,40.0,Clothing,72.95,2,0.0,Credit Card,4.0
3764,2023-01-18,customer3763@protonmail.com,Canada,67.0,Electronics,43.92,2,0.0,Bank Transfer,3.0
3765,2024-04-15,customer3764@gmail.com,United States,74.0,Electronics,88.56,4,0.0,PayPal,4.0
3766,2024-10-04,customer3765@outlook.com,Canada,72.0,Beauty,68.66,5,0.0,Gift Card,1.0
3767,2024-09-27,customer3766@yahoo.com,Australia,66.0,Beauty,31.07,2,0.15,Gift Card,3.0
3768,2024-10-11,customer3767@yahoo.com,Germany,44.0,Books,59.84,1,0.0,Debit Card,5.0
3769,2024-12-13,customer3768@yahoo.com,Canada,61.0,Books,59.07,5,0.0,PayPal,4.0
3770,2024-04-22,customer3769@gmail.com,United States,62.0,Home & Kitchen,61.2,1,0.0,Debit Card,
3771,2024-03-23,customer3770@outlook.com,United States,55.0,Books,32.54,5,0.2,Debit Card,5.0
3772,2023-03-26,customer3771@gmail.com,Germany,30.0,Beauty,171.25,3,0.15,PayPal,
3773,2024-04-06,customer3772@gmail.com,United Kingdom,32.0,Grocery,23.04,4,0.0,Debit Card,5.0
3774,2024-10-01,customer3773@yahoo.com,Brazil,60.0,Clothing,132.28,5,0.15,Debit Card,5.0
3775,2024-08-16,customer3774@hotmail.com,Brazil,18.0,Sports & Outdoors,64.96,4,0.1,Credit Card,4.0
3776,2024-10-18,customer3775@outlook.com,Brazil,19.0,Books,36.45,2,0.15,Bank Transfer,4.0
3777,2023-05-05,customer3776@protonmail.com,Brazil,56.0,Beauty,156.06,2,0.2,Credit Card,4.0
3778,2023-05-27,customer3777@protonmail.com,France,41.0,Beauty,7.63,4,0.15,Credit Card,4.0
3779,2024-09-18,customer3778@yahoo.com,Canada,69.0,Beauty,36.15,3,0.15,Credit Card,3.0
3780,2024-11-17,customer3779@protonmail.com,Canada,61.0,Electronics,57.41,5,0.0,Debit Card,3.0
3781,2024-01-20,customer3780@yahoo.com,Japan,,Clothing,39.6,4,0.25,Credit Card,
3782,2024-10-05,customer3781@gmail.com,Mexico,38.0,Home & Kitchen,61.65,5,0.0,Gift Card,4.0
3783,2024-05-12,customer3782@protonmail.com,Brazil,32.0,Clothing,91.48,2,0.2,Debit Card,3.0
3784,2023-05-30,customer3783@yahoo.com,India,23.0,Books,27.24,3,0.15,PayPal,3.0
3785,2024-01-05,customer3784@yahoo.com,India,34.0,Sports & Outdoors,75.3,5,0.05,Credit Card,4.0
3786,2023-10-15,customer3785@hotmail.com,United States,73.0,Toys,96.59,2,0.05,Debit Card,5.0
3787,2024-07-30,customer3786@protonmail.com,Mexico,74.0,Toys,29.36,5,0.25,Debit Card,5.0
3788,2023-09-03,customer3787@hotmail.com,Japan,35.0,Sports & Outdoors,71.73,3,0.15,Credit Card,4.0
3789,2023-05-09,customer3788@gmail.com,India,47.0,Home & Kitchen,58.74,3,0.0,Credit Card,2.0
3790,2023-12-30,customer3789@yahoo.com,Mexico,20.0,Home & Kitchen,33.57,5,0.0,PayPal,3.0
3791,2023-12-28,customer3790@outlook.com,Canada,28.0,Home & Kitchen,35.7,2,0.0,PayPal,5.0
3792,2024-10-10,customer3791@protonmail.com,Mexico,41.0,Grocery,35.98,4,0.05,Gift Card,4.0
3793,2023-01-06,customer3792@gmail.com,Australia,43.0,Electronics,48.2,2,0.15,Debit Card,5.0
3794,2024-09-30,customer3793@outlook.com,Germany,57.0,Clothing,48.62,5,0.05,Credit Card,5.0
3795,2023-06-04,customer3794@protonmail.com,Mexico,37.0,Home & Kitchen,135.04,3,0.2,Gift Card,4.0
3796,2023-05-09,customer3795@outlook.com,Japan,39.0,Toys,78.52,3,0.15,Bank Transfer,4.0
3797,2023-11-02,customer3796@yahoo.com,Japan,61.0,Automotive,79.88,2,0.15,Debit Card,2.0
3798,2024-02-07,customer3797@protonmail.com,Japan,69.0,Automotive,69.57,1,0.25,Credit Card,5.0
3799,2024-11-09,customer3798@gmail.com,Japan,55.0,Electronics,73.02,5,0.0,Credit Card,
3800,2024-01-25,customer3799@yahoo.com,Brazil,30.0,Toys,83.07,3,0.1,PayPal,4.0
3801,2023-04-17,customer3800@gmail.com,Germany,43.0,Electronics,30.55,4,0.0,Credit Card,3.0
3802,2023-11-25,customer3801@hotmail.com,Mexico,50.0,Grocery,60.34,5,0.2,Credit Card,5.0
3803,2024-11-03,customer3802@protonmail.com,Japan,33.0,Clothing,36.71,2,0.2,Credit Card,5.0
3804,2024-06-05,customer3803@protonmail.com,France,24.0,Home & Kitchen,110.41,1,0.15,PayPal,4.0
3805,2023-06-08,customer3804@gmail.com,Australia,65.0,Books,45.47,4,0.15,Debit Card,4.0
3806,2024-04-16,customer3805@protonmail.com,United States,24.0,Clothing,83.7,4,0.25,Debit Card,4.0
3807,2024-06-19,customer3806@outlook.com,United States,24.0,Office Supplies,92.45,4,0.1,PayPal,4.0
3808,2023-07-20,customer3807@gmail.com,Brazil,,Electronics,75.79,2,0.2,PayPal,
3809,2024-01-21,customer3808@gmail.com,Germany,18.0,Office Supplies,71.13,5,0.0,Credit Card,5.0
3810,2023-09-12,customer3809@gmail.com,Mexico,30.0,Home & Kitchen,64.72,3,0.0,Credit Card,5.0
3811,2023-05-13,customer3810@outlook.com,France,24.0,Electronics,95.01,1,0.25,Credit Card,5.0
3812,2024-10-10,customer3811@hotmail.com,India,55.0,Beauty,38.59,3,0.0,Credit Card,1.0
3813,2023-08-22,customer3812@outlook.com,Brazil,69.0,Books,79.23,4,0.0,Credit Card,4.0
3814,2023-08-26,customer3813@gmail.com,United States,66.0,Automotive,18.35,3,0.25,Debit Card,3.0
3815,2023-03-16,customer3814@yahoo.com,Germany,50.0,Toys,44.11,3,0.0,Credit Card,4.0
3816,2023-11-21,customer3815@hotmail.com,India,67.0,Books,47.72,5,0.1,PayPal,4.0
3817,2024-04-14,customer3816@outlook.com,Brazil,40.0,Home & Kitchen,24.63,3,0.2,Credit Card,4.0
3818,2024-12-11,customer3817@protonmail.com,Canada,,Office Supplies,71.21,2,0.05,Bank Transfer,
3819,2024-07-20,customer3818@hotmail.com,United Kingdom,36.0,Sports & Outdoors,40.25,2,0.0,Credit Card,5.0
3820,2024-09-17,customer3819@gmail.com,Mexico,,Sports & Outdoors,123.0,4,0.15,Credit Card,4.0
3821,2024-12-21,customer3820@hotmail.com,France,24.0,Grocery,55.69,4,0.15,PayPal,
3822,2024-05-25,customer3821@gmail.com,Brazil,33.0,Electronics,91.19,1,0.0,Gift Card,5.0
3823,2024-09-17,customer3822@gmail.com,France,23.0,Grocery,111.73,4,0.15,Credit Card,5.0
3824,2023-08-10,customer3823@outlook.com,Canada,34.0,Books,84.85,2,0.2,PayPal,5.0
3825,2024-06-06,customer3824@protonmail.com,Australia,57.0,Grocery,50.94,1,0.25,PayPal,2.0
3826,2024-04-03,customer3825@protonmail.com,Canada,43.0,Beauty,64.54,1,0.1,Debit Card,5.0
3827,2023-11-26,customer3826@hotmail.com,Mexico,67.0,Books,24.76,5,0.0,Debit Card,4.0
3828,2024-04-13,customer3827@outlook.com,United Kingdom,53.0,Beauty,92.05,2,0.2,Credit Card,4.0
3829,2024-06-10,customer3828@hotmail.com,India,73.0,Beauty,190.61,3,0.05,Credit Card,5.0
3830,2023-10-28,customer3829@protonmail.com,United Kingdom,49.0,Electronics,106.64,3,0.15,Credit Card,5.0
3831,2024-09-07,customer3830@protonmail.com,United States,56.0,Beauty,49.54,3,0.25,Credit Card,5.0
3832,2023-01-27,customer3831@hotmail.com,United States,,Books,52.47,2,0.0,Debit Card,2.0
3833,2023-08-25,customer3832@gmail.com,Canada,28.0,Grocery,109.22,1,0.0,Credit Card,5.0
3834,2023-09-25,customer3833@yahoo.com,India,25.0,Grocery,13.11,1,0.25,Credit Card,4.0
3835,2024-08-29,customer3834@yahoo.com,United States,44.0,Electronics,27.63,3,0.0,Credit Card,
3836,2024-01-06,customer3835@yahoo.com,Canada,24.0,Electronics,41.56,5,0.05,Debit Card,5.0
3837,2024-11-12,customer3836@protonmail.com,United Kingdom,72.0,Home & Kitchen,43.86,5,0.2,PayPal,5.0
3838,2024-11-24,customer3837@hotmail.com,Mexico,74.0,Beauty,17.43,4,0.2,PayPal,4.0
3839,2023-12-01,customer3838@outlook.com,India,28.0,Automotive,81.64,2,0.0,Bank Transfer,5.0
3840,2024-06-15,customer3839@yahoo.com,United Kingdom,36.0,Beauty,50.0,5,0.0,Bank Transfer,
3841,2023-06-29,customer3840@protonmail.com,France,,Grocery,50.27,2,0.15,Credit Card,4.0
3842,2023-03-20,customer3841@yahoo.com,Australia,73.0,Toys,69.3,5,0.05,Credit Card,2.0
3843,2023-12-25,customer3842@hotmail.com,United Kingdom,64.0,Books,22.01,1,0.1,Debit Card,5.0
3844,2023-08-09,customer3843@yahoo.com,Japan,34.0,Office Supplies,61.0,3,0.15,Credit Card,4.0
3845,2024-06-17,customer3844@gmail.com,United Kingdom,60.0,Electronics,21.74,2,0.2,Credit Card,4.0
3846,2024-01-16,customer3845@outlook.com,Germany,21.0,Clothing,81.53,3,0.15,Gift Card,2.0
3847,2023-04-09,customer3846@gmail.com,Mexico,26.0,Home & Kitchen,117.36,4,0.0,Debit Card,5.0
3848,2023-11-26,customer3847@protonmail.com,France,46.0,Electronics,91.78,5,0.25,Debit Card,5.0
3849,2023-10-21,customer3848@yahoo.com,Mexico,36.0,Sports & Outdoors,44.3,1,0.1,PayPal,5.0
3850,2023-01-04,customer3849@protonmail.com,Brazil,29.0,Home & Kitchen,86.14,3,0.2,PayPal,5.0
3851,2024-02-02,customer3850@hotmail.com,Germany,47.0,Books,54.6,1,0.1,Gift Card,3.0
3852,2024-11-13,customer3851@hotmail.com,United States,69.0,Electronics,67.18,3,0.0,Gift Card,4.0
3853,2024-10-16,customer3852@gmail.com,Canada,47.0,Clothing,83.35,5,0.15,Credit Card,5.0
3854,2024-10-21,customer3853@yahoo.com,Germany,42.0,Home & Kitchen,6.76,2,0.2,Debit Card,5.0
3855,2024-10-14,customer3854@gmail.com,Brazil,24.0,Automotive,18.68,2,0.2,Credit Card,
3856,2024-11-05,customer3855@outlook.com,Brazil,43.0,Books,57.01,2,0.25,Bank Transfer,4.0
3857,2023-03-13,customer3856@yahoo.com,France,66.0,Grocery,38.06,5,0.0,Credit Card,5.0
3858,2023-11-09,customer3857@gmail.com,Germany,40.0,Books,62.1,5,0.25,Credit Card,2.0
3859,2024-02-02,customer3858@yahoo.com,Brazil,66.0,Electronics,68.45,5,0.0,Gift Card,1.0
3860,2024-08-31,customer3859@outlook.com,United States,24.0,Beauty,44.53,2,0.25,Debit Card,4.0
3861,2023-09-30,customer3860@outlook.com,France,53.0,Electronics,51.56,2,0.1,Credit Card,4.0
3862,2024-06-01,customer3861@hotmail.com,Canada,53.0,Clothing,32.57,1,0.15,Credit Card,
3863,2024-07-24,customer3862@protonmail.com,Japan,34.0,Toys,73.4,1,0.2,Debit Card,5.0
3864,2024-01-09,customer3863@yahoo.com,Japan,26.0,Grocery,98.15,4,0.2,Debit Card,5.0
3865,2023-06-26,customer3864@protonmail.com,India,57.0,Automotive,22.57,3,0.0,PayPal,3.0
3866,2023-02-26,customer3865@yahoo.com,Mexico,54.0,Home & Kitchen,95.34,5,0.15,Credit Card,4.0
3867,2023-11-21,customer3866@outlook.com,United Kingdom,40.0,Sports & Outdoors,79.0,4,0.1,PayPal,5.0
3868,2023-05-03,customer3867@protonmail.com,United Kingdom,40.0,Books,91.34,5,0.0,Credit Card,5.0
3869,2024-04-15,customer3868@gmail.com,France,70.0,Beauty,118.91,1,0.0,Gift Card,4.0
3870,2023-06-23,customer3869@gmail.com,Australia,66.0,Office Supplies,44.58,4,0.2,PayPal,5.0
3871,2024-10-02,customer3870@outlook.com,Brazil,40.0,Toys,109.09,1,0.05,Gift Card,3.0
3872,2024-10-16,customer3871@hotmail.com,United Kingdom,47.0,Home & Kitchen,120.01,2,0.0,Credit Card,5.0
3873,2024-09-02,customer3872@gmail.com,Australia,41.0,Grocery,24.59,3,0.0,Gift Card,5.0
3874,2024-04-30,customer3873@hotmail.com,Mexico,68.0,Books,68.6,3,0.05,Gift Card,4.0
3875,2023-03-26,customer3874@gmail.com,United States,45.0,Automotive,67.01,2,0.25,Debit Card,3.0
3876,2024-12-18,customer3875@outlook.com,Mexico,19.0,Toys,124.14,1,0.0,Bank Transfer,3.0
3877,2023-02-18,customer3876@yahoo.com,Canada,24.0,Office Supplies,219.49,1,0.0,PayPal,4.0
3878,2024-02-18,customer3877@gmail.com,Germany,59.0,Electronics,91.93,2,0.0,Bank Transfer,
3879,2024-08-10,customer3878@protonmail.com,Canada,19.0,Beauty,173.47,4,0.25,PayPal,4.0
3880,2023-03-03,customer3879@protonmail.com,United States,49.0,Clothing,39.48,5,0.2,Gift Card,4.0
3881,2023-12-29,customer3880@yahoo.com,United Kingdom,49.0,Sports & Outdoors,87.1,2,0.0,Credit Card,5.0
3882,2023-12-15,customer3881@hotmail.com,Japan,27.0,Office Supplies,61.27,5,0.05,Credit Card,5.0
3883,2023-05-24,customer3882@protonmail.com,Germany,55.0,Sports & Outdoors,82.5,5,0.0,Debit Card,4.0
3884,2023-03-23,customer3883@hotmail.com,Japan,24.0,Beauty,92.81,2,0.1,PayPal,5.0
3885,2024-10-26,customer3884@hotmail.com,Brazil,70.0,Electronics,101.87,1,0.1,Credit Card,4.0
3886,2024-10-19,customer3885@hotmail.com,Japan,60.0,Electronics,52.1,2,0.1,Debit Card,5.0
3887,2023-03-10,customer3886@outlook.com,Japan,27.0,Toys,58.05,1,0.05,Credit Card,5.0
3888,2023-07-23,customer3887@gmail.com,United Kingdom,39.0,Clothing,97.32,5,0.15,Gift Card,5.0
3889,2023-10-14,customer3888@gmail.com,India,69.0,Electronics,75.95,5,0.15,PayPal,3.0
3890,2023-05-25,customer3889@outlook.com,United States,22.0,Beauty,42.03,2,0.0,Credit Card,5.0
3891,2023-02-18,customer3890@outlook.com,India,34.0,Beauty,59.02,3,0.15,Credit Card,3.0
3892,2024-01-09,customer3891@hotmail.com,United States,57.0,Electronics,113.53,2,0.1,Bank Transfer,5.0
3893,2023-11-19,customer3892@gmail.com,Japan,46.0,Electronics,34.67,1,0.05,Credit Card,5.0
3894,2024-08-12,customer3893@yahoo.com,Brazil,34.0,Clothing,62.75,2,0.0,Debit Card,4.0
3895,2023-08-05,customer3894@yahoo.com,Mexico,27.0,Sports & Outdoors,26.94,1,0.1,Gift Card,5.0
3896,2024-01-08,customer3895@hotmail.com,Australia,35.0,Automotive,119.17,3,0.25,Bank Transfer,5.0
3897,2023-08-18,customer3896@outlook.com,India,43.0,Clothing,225.73,3,0.05,Credit Card,5.0
3898,2023-01-28,customer3897@yahoo.com,United Kingdom,22.0,Electronics,137.03,2,0.0,Debit Card,2.0
3899,2024-06-15,customer3898@hotmail.com,United Kingdom,52.0,Grocery,46.43,4,0.0,Bank Transfer,1.0
3900,2024-06-26,customer3899@protonmail.com,Mexico,42.0,Electronics,46.28,4,0.25,Credit Card,5.0
3901,2024-04-29,customer3900@hotmail.com,Australia,32.0,Sports & Outdoors,115.61,3,0.2,PayPal,5.0
3902,2023-01-25,customer3901@protonmail.com,India,70.0,Clothing,107.65,2,0.0,PayPal,4.0
3903,2024-05-23,customer3902@outlook.com,Australia,66.0,Automotive,148.14,2,0.2,Credit Card,1.0
3904,2024-03-17,customer3903@protonmail.com,India,67.0,Beauty,64.68,3,0.0,Credit Card,3.0
3905,2023-11-18,customer3904@hotmail.com,Canada,71.0,Electronics,31.41,4,0.0,Credit Card,5.0
3906,2024-03-26,customer3905@hotmail.com,Japan,36.0,Clothing,65.59,2,0.25,Credit Card,
3907,2023-03-22,customer3906@outlook.com,United Kingdom,37.0,Home & Kitchen,59.88,4,0.15,Credit Card,4.0
3908,2023-06-02,customer3907@outlook.com,Japan,35.0,Home & Kitchen,199.43,2,0.15,Credit Card,
3909,2023-04-05,customer3908@hotmail.com,Germany,31.0,Clothing,93.55,3,0.0,Debit Card,4.0
3910,2023-11-22,customer3909@protonmail.com,Australia,67.0,Toys,18.76,2,0.0,Bank Transfer,4.0
3911,2024-10-15,customer3910@hotmail.com,Mexico,37.0,Grocery,95.62,1,0.0,Gift Card,2.0
3912,2023-01-05,customer3911@yahoo.com,Canada,60.0,Electronics,119.82,3,0.1,Gift Card,4.0
3913,2023-11-22,customer3912@gmail.com,Brazil,73.0,Clothing,109.54,4,0.05,PayPal,5.0
3914,2023-07-27,customer3913@protonmail.com,Brazil,29.0,Grocery,105.92,3,0.0,Credit Card,3.0
3915,2024-11-15,customer3914@yahoo.com,Germany,35.0,Clothing,75.14,4,0.0,Debit Card,4.0
3916,2024-03-28,customer3915@protonmail.com,Australia,69.0,Books,58.13,1,0.0,PayPal,4.0
3917,2023-06-12,customer3916@gmail.com,Mexico,40.0,Grocery,30.14,1,0.0,Bank Transfer,5.0
3918,2023-07-27,customer3917@yahoo.com,Australia,69.0,Beauty,153.72,5,0.0,Debit Card,4.0
3919,2024-02-28,customer3918@gmail.com,Canada,51.0,Books,88.75,3,0.0,PayPal,5.0
3920,2023-02-04,customer3919@yahoo.com,Japan,37.0,Office Supplies,47.09,2,0.0,Bank Transfer,4.0
3921,2023-02-19,customer3920@gmail.com,Canada,43.0,Electronics,70.41,4,0.0,Debit Card,2.0
3922,2024-05-07,customer3921@protonmail.com,Germany,68.0,Electronics,30.34,4,0.0,PayPal,2.0
3923,2024-08-08,customer3922@outlook.com,India,20.0,Clothing,70.03,5,0.25,Bank Transfer,5.0
3924,2024-06-25,customer3923@yahoo.com,Brazil,55.0,Electronics,129.56,5,0.05,PayPal,2.0
3925,2023-05-06,customer3924@yahoo.com,Japan,66.0,Home & Kitchen,95.86,2,0.1,Credit Card,5.0
3926,2024-09-21,customer3925@gmail.com,United Kingdom,67.0,Electronics,117.51,1,0.25,Bank Transfer,5.0
3927,2023-06-14,customer3926@yahoo.com,United States,49.0,Beauty,112.61,3,0.25,PayPal,5.0
3928,2024-10-01,customer3927@gmail.com,India,39.0,Clothing,84.47,1,0.05,Credit Card,
3929,2023-08-04,customer3928@gmail.com,United Kingdom,74.0,Grocery,60.52,3,0.2,Bank Transfer,3.0
3930,2023-12-29,customer3929@protonmail.com,Mexico,40.0,Home & Kitchen,52.72,1,0.05,Credit Card,
3931,2024-11-29,customer3930@hotmail.com,Germany,40.0,Sports & Outdoors,147.72,4,0.0,Gift Card,4.0
3932,2023-10-25,customer3931@yahoo.com,Australia,46.0,Home & Kitchen,90.57,5,0.0,PayPal,4.0
3933,2024-05-02,customer3932@yahoo.com,Brazil,45.0,Electronics,86.72,2,0.0,Credit Card,
3934,2024-03-03,customer3933@yahoo.com,Germany,33.0,Sports & Outdoors,90.26,3,0.25,Gift Card,5.0
3935,2023-02-24,customer3934@yahoo.com,Brazil,40.0,Electronics,56.05,5,0.0,Credit Card,5.0
3936,2024-08-01,customer3935@yahoo.com,United Kingdom,48.0,Beauty,83.72,2,0.0,Bank Transfer,3.0
3937,2023-09-19,customer3936@protonmail.com,France,25.0,Beauty,44.22,4,0.0,Debit Card,4.0
3938,2023-12-13,customer3937@outlook.com,India,47.0,Sports & Outdoors,49.87,1,0.0,Debit Card,5.0
3939,2023-08-11,customer3938@gmail.com,Germany,59.0,Toys,98.14,4,0.05,Bank Transfer,5.0
3940,2024-12-27,customer3939@outlook.com,Germany,28.0,Automotive,88.73,1,0.25,Credit Card,5.0
3941,2024-02-07,customer3940@gmail.com,United States,,Electronics,99.91,1,0.25,Debit Card,5.0
3942,2024-04-10,customer3941@gmail.com,India,69.0,Office Supplies,108.04,3,0.05,PayPal,5.0
3943,2024-01-17,customer3942@hotmail.com,United States,69.0,Electronics,56.4,5,0.25,Credit Card,5.0
3944,2023-08-13,customer3943@outlook.com,France,23.0,Books,67.06,4,0.0,Credit Card,
3945,2024-03-03,customer3944@gmail.com,United Kingdom,20.0,Automotive,95.68,3,0.05,Debit Card,
3946,2024-08-02,customer3945@hotmail.com,India,68.0,Home & Kitchen,40.96,2,0.15,Credit Card,5.0
3947,2023-03-11,customer3946@outlook.com,France,73.0,Grocery,7.65,3,0.2,Debit Card,4.0
3948,2023-04-21,customer3947@yahoo.com,France,48.0,Toys,22.27,2,0.0,Debit Card,5.0
3949,2023-05-01,customer3948@gmail.com,Australia,66.0,Grocery,48.66,1,0.1,Credit Card,5.0
3950,2024-11-14,customer3949@hotmail.com,Australia,45.0,Electronics,56.97,5,0.0,Credit Card,5.0
3951,2024-02-25,customer3950@yahoo.com,United Kingdom,35.0,Toys,81.84,3,0.05,Credit Card,3.0
3952,2023-09-06,customer3951@hotmail.com,Canada,66.0,Home & Kitchen,120.89,5,0.1,Credit Card,4.0
3953,2023-05-26,customer3952@yahoo.com,Canada,45.0,Electronics,59.0,3,0.1,PayPal,2.0
3954,2024-05-15,customer3953@hotmail.com,Mexico,43.0,Sports & Outdoors,46.31,2,0.25,Credit Card,5.0
3955,2024-01-19,customer3954@hotmail.com,United States,51.0,Beauty,30.21,1,0.05,Bank Transfer,5.0
3956,2024-04-01,customer3955@gmail.com,Australia,35.0,Beauty,43.08,4,0.25,Credit Card,
3957,2024-06-06,customer3956@gmail.com,Brazil,,Beauty,42.65,4,0.15,Credit Card,4.0
3958,2023-03-11,customer3957@outlook.com,Japan,27.0,Grocery,72.48,5,0.15,PayPal,1.0
3959,2024-05-10,customer3958@yahoo.com,India,23.0,Books,42.77,2,0.1,Credit Card,5.0
3960,2024-06-10,customer3959@protonmail.com,Canada,57.0,Clothing,55.21,2,0.0,Debit Card,4.0
3961,2023-07-22,customer3960@gmail.com,Germany,43.0,Grocery,51.8,2,0.1,Credit Card,3.0
3962,2023-08-16,customer3961@gmail.com,Japan,65.0,Sports & Outdoors,68.12,1,0.1,Bank Transfer,5.0
3963,2024-03-08,customer3962@outlook.com,United States,51.0,Home & Kitchen,92.82,5,0.0,Credit Card,3.0
3964,2023-10-06,customer3963@protonmail.com,France,,Clothing,83.63,2,0.25,Credit Card,3.0
3965,2024-11-10,customer3964@outlook.com,Brazil,73.0,Home & Kitchen,37.83,1,0.25,Debit Card,4.0
3966,2023-03-12,customer3965@outlook.com,France,34.0,Grocery,47.9,1,0.15,Credit Card,4.0
3967,2023-05-04,customer3966@protonmail.com,Brazil,66.0,Home & Kitchen,102.85,2,0.15,Gift Card,5.0
3968,2024-08-14,customer3967@hotmail.com,France,71.0,Sports & Outdoors,116.75,1,0.0,Gift Card,5.0
3969,2024-05-12,customer3968@protonmail.com,Canada,51.0,Beauty,27.41,5,0.1,PayPal,
3970,2024-09-19,customer3969@yahoo.com,Australia,54.0,Office Supplies,24.87,5,0.25,Credit Card,3.0
3971,2023-01-18,customer3970@gmail.com,France,66.0,Clothing,150.34,5,0.0,PayPal,4.0
3972,2023-04-09,customer3971@hotmail.com,India,49.0,Automotive,30.44,5,0.25,Credit Card,4.0
3973,2024-09-02,customer3972@yahoo.com,India,43.0,Sports & Outdoors,40.61,1,0.0,Credit Card,5.0
3974,2024-08-16,customer3973@gmail.com,Germany,63.0,Electronics,56.12,4,0.0,Credit Card,2.0
3975,2024-08-25,customer3974@hotmail.com,Mexico,68.0,Clothing,39.61,5,0.25,Debit Card,3.0
3976,2024-10-17,customer3975@hotmail.com,India,37.0,Clothing,41.12,5,0.15,Debit Card,
3977,2023-06-18,customer3976@protonmail.com,France,44.0,Electronics,41.23,3,0.2,PayPal,2.0
3978,2023-03-13,customer3977@gmail.com,Canada,59.0,Clothing,72.38,5,0.25,Debit Card,2.0
3979,2023-08-05,customer3978@protonmail.com,Brazil,56.0,Electronics,21.45,1,0.0,Credit Card,4.0
3980,2024-12-29,customer3979@gmail.com,Australia,37.0,Grocery,102.88,4,0.0,Credit Card,5.0
3981,2024-01-13,customer3980@hotmail.com,Japan,59.0,Clothing,8.63,2,0.0,Debit Card,5.0
3982,2023-01-04,customer3981@gmail.com,Japan,32.0,Home & Kitchen,24.9,5,0.25,PayPal,
3983,2024-06-26,customer3982@outlook.com,Brazil,25.0,Sports & Outdoors,140.94,5,0.1,Credit Card,3.0
3984,2024-09-06,customer3983@protonmail.com,Mexico,31.0,Grocery,49.09,5,0.0,Debit Card,5.0
3985,2023-03-31,customer3984@gmail.com,Germany,73.0,Office Supplies,46.43,1,0.15,Gift Card,4.0
3986,2024-02-12,customer3985@protonmail.com,Germany,68.0,Automotive,18.2,2,0.0,Credit Card,4.0
3987,2024-06-27,customer3986@gmail.com,Canada,25.0,Automotive,16.82,2,0.1,PayPal,5.0
3988,2024-11-29,customer3987@yahoo.com,Japan,63.0,Clothing,63.5,5,0.25,Bank Transfer,5.0
3989,2024-03-19,customer3988@gmail.com,Brazil,38.0,Books,17.97,4,0.0,Gift Card,3.0
3990,2023-09-04,customer3989@gmail.com,Brazil,29.0,Clothing,40.15,5,0.25,Credit Card,2.0
3991,2024-10-26,customer3990@yahoo.com,Canada,33.0,Automotive,90.03,5,0.15,Credit Card,3.0
3992,2023-09-21,customer3991@protonmail.com,India,22.0,Electronics,71.26,2,0.0,PayPal,4.0
3993,2024-04-07,customer3992@protonmail.com,Japan,29.0,Toys,53.06,1,0.05,Credit Card,2.0
3994,2024-09-05,customer3993@gmail.com,Mexico,26.0,Home & Kitchen,67.09,4,0.2,Credit Card,4.0
3995,2024-01-23,customer3994@outlook.com,United States,27.0,Grocery,91.26,4,0.2,Debit Card,4.0
3996,2024-06-02,customer3995@gmail.com,Germany,35.0,Clothing,48.28,2,0.15,Debit Card,3.0
3997,2024-09-06,customer3996@protonmail.com,Mexico,69.0,Grocery,101.25,4,0.15,Credit Card,5.0
3998,2024-03-14,customer3997@yahoo.com,India,52.0,Automotive,63.45,2,0.2,Credit Card,5.0
3999,2023-11-03,customer3998@protonmail.com,Japan,28.0,Electronics,114.06,4,0.0,PayPal,4.0
4000,2024-04-15,customer3999@yahoo.com,Mexico,55.0,Beauty,66.72,4,0.05,Debit Card,5.0
4001,2023-10-20,customer4000@gmail.com,Japan,71.0,Clothing,25.02,4,0.0,Credit Card,4.0
4002,2024-05-13,customer4001@protonmail.com,France,24.0,Clothing,39.55,1,0.25,Bank Transfer,5.0
4003,2023-03-01,customer4002@gmail.com,United Kingdom,,Home & Kitchen,61.81,5,0.2,PayPal,
4004,2023-02-04,customer4003@hotmail.com,Japan,43.0,Sports & Outdoors,219.75,4,0.15,Debit Card,3.0
4005,2023-12-13,customer4004@hotmail.com,Australia,26.0,Clothing,37.65,2,0.0,Credit Card,5.0
4006,2023-03-27,customer4005@yahoo.com,Germany,47.0,Beauty,190.48,3,0.2,PayPal,4.0
4007,2024-06-17,customer4006@hotmail.com,Canada,53.0,Grocery,106.95,2,0.2,PayPal,4.0
4008,2023-05-13,customer4007@hotmail.com,United Kingdom,32.0,Clothing,109.73,1,0.05,Gift Card,5.0
4009,2023-12-31,customer4008@hotmail.com,Australia,32.0,Electronics,91.48,3,0.2,Credit Card,4.0
4010,2023-05-10,customer4009@hotmail.com,United Kingdom,59.0,Electronics,181.17,4,0.05,Debit Card,5.0
4011,2024-11-03,customer4010@yahoo.com,Australia,49.0,Home & Kitchen,41.75,4,0.15,Credit Card,
4012,2024-09-07,customer4011@yahoo.com,United States,51.0,Office Supplies,104.97,5,0.0,Bank Transfer,4.0
4013,2023-01-02,customer4012@outlook.com,Germany,21.0,Clothing,28.28,4,0.1,Credit Card,5.0
4014,2023-10-15,customer4013@gmail.com,Australia,59.0,Beauty,42.02,1,0.0,Debit Card,3.0
4015,2024-11-18,customer4014@gmail.com,Brazil,50.0,Office Supplies,95.43,2,0.0,PayPal,4.0
4016,2023-12-24,customer4015@gmail.com,India,57.0,Clothing,111.14,3,0.25,PayPal,2.0
4017,2024-09-08,customer4016@gmail.com,Canada,36.0,Toys,81.47,5,0.15,Debit Card,3.0
4018,2023-03-07,customer4017@yahoo.com,United Kingdom,69.0,Grocery,15.79,1,0.1,Debit Card,4.0
4019,2023-11-10,customer4018@yahoo.com,Japan,18.0,Sports & Outdoors,36.98,5,0.05,Gift Card,2.0
4020,2024-09-27,customer4019@gmail.com,United States,56.0,Electronics,25.04,2,0.1,Debit Card,5.0
4021,2023-05-23,customer4020@hotmail.com,Australia,21.0,Beauty,59.63,4,0.15,Debit Card,5.0
4022,2023-01-08,customer4021@outlook.com,United Kingdom,63.0,Automotive,24.71,3,0.0,Gift Card,1.0
4023,2024-06-20,customer4022@yahoo.com,Australia,,Beauty,43.05,5,0.0,Debit Card,2.0
4024,2023-03-02,customer4023@yahoo.com,Brazil,47.0,Beauty,42.3,2,0.15,Debit Card,5.0
4025,2023-08-08,customer4024@outlook.com,Canada,49.0,Beauty,126.58,3,0.1,Credit Card,1.0
4026,2024-08-15,customer4025@hotmail.com,France,31.0,Sports & Outdoors,45.24,4,0.05,Credit Card,5.0
4027,2024-10-13,customer4026@gmail.com,Brazil,18.0,Home & Kitchen,187.17,1,0.05,Debit Card,4.0
4028,2023-04-06,customer4027@yahoo.com,Brazil,23.0,Automotive,49.41,2,0.2,Credit Card,4.0
4029,2023-12-29,customer4028@outlook.com,Germany,31.0,Electronics,87.84,4,0.1,Credit Card,2.0
4030,2024-08-02,customer4029@hotmail.com,United Kingdom,45.0,Grocery,74.41,4,0.0,Debit Card,4.0
4031,2023-10-13,customer4030@protonmail.com,France,28.0,Clothing,68.02,4,0.2,PayPal,5.0
4032,2023-09-13,customer4031@hotmail.com,Japan,63.0,Sports & Outdoors,105.79,1,0.0,Credit Card,4.0
4033,2024-02-01,customer4032@hotmail.com,Brazil,58.0,Grocery,62.31,2,0.0,Debit Card,5.0
4034,2024-07-20,customer4033@hotmail.com,Brazil,51.0,Grocery,43.03,5,0.0,Credit Card,4.0
4035,2023-01-30,customer4034@hotmail.com,United Kingdom,55.0,Electronics,96.01,5,0.0,Credit Card,
4036,2023-02-06,customer4035@outlook.com,India,19.0,Sports & Outdoors,32.69,3,0.0,Credit Card,5.0
4037,2023-03-19,customer4036@hotmail.com,Brazil,32.0,Home & Kitchen,50.86,3,0.15,PayPal,4.0
4038,2023-09-07,customer4037@yahoo.com,Japan,31.0,Electronics,105.64,1,0.15,Debit Card,5.0
4039,2023-07-22,customer4038@protonmail.com,Brazil,19.0,Books,58.55,4,0.0,Bank Transfer,5.0
4040,2023-12-18,customer4039@yahoo.com,Mexico,43.0,Office Supplies,83.39,1,0.15,PayPal,5.0
4041,2023-08-08,customer4040@hotmail.com,India,40.0,Office Supplies,75.56,1,0.0,Bank Transfer,
4042,2024-04-01,customer4041@gmail.com,Canada,40.0,Toys,44.84,3,0.05,Credit Card,5.0
4043,2023-08-23,customer4042@hotmail.com,Brazil,56.0,Grocery,59.9,5,0.1,Debit Card,5.0
4044,2024-09-02,customer4043@gmail.com,Australia,57.0,Home & Kitchen,31.63,5,0.2,Debit Card,5.0
4045,2023-08-15,customer4044@outlook.com,France,36.0,Home & Kitchen,115.77,3,0.0,Debit Card,5.0
4046,2023-06-28,customer4045@yahoo.com,France,28.0,Beauty,51.93,3,0.25,Gift Card,2.0
4047,2024-09-19,customer4046@gmail.com,Canada,39.0,Grocery,120.72,3,0.0,Debit Card,5.0
4048,2024-04-25,customer4047@hotmail.com,Mexico,39.0,Beauty,56.68,3,0.15,Credit Card,4.0
4049,2023-02-05,customer4048@hotmail.com,United States,22.0,Electronics,87.05,4,0.0,PayPal,5.0
4050,2023-04-21,customer4049@hotmail.com,Australia,48.0,Clothing,31.95,4,0.15,Credit Card,3.0
4051,2023-02-05,customer4050@hotmail.com,Mexico,,Electronics,110.6,3,0.1,Credit Card,4.0
4052,2024-08-03,customer4051@outlook.com,Japan,74.0,Grocery,58.27,2,0.05,Debit Card,5.0
4053,2024-04-03,customer4052@protonmail.com,Mexico,25.0,Clothing,47.02,5,0.0,Credit Card,4.0
4054,2024-11-12,customer4053@protonmail.com,Mexico,70.0,Clothing,29.37,4,0.1,PayPal,
4055,2023-08-28,customer4054@gmail.com,United States,37.0,Toys,245.57,3,0.05,Debit Card,2.0
4056,2023-02-04,customer4055@yahoo.com,Canada,39.0,Electronics,25.66,2,0.0,Gift Card,3.0
4057,2023-12-01,customer4056@hotmail.com,Canada,32.0,Clothing,184.13,3,0.1,Debit Card,5.0
4058,2023-02-28,customer4057@hotmail.com,Germany,37.0,Beauty,152.24,5,0.0,Credit Card,
4059,2023-04-16,customer4058@protonmail.com,Germany,20.0,Home & Kitchen,24.5,2,0.15,Debit Card,1.0
4060,2024-07-28,customer4059@outlook.com,Germany,72.0,Toys,61.7,5,0.0,PayPal,4.0
4061,2023-10-04,customer4060@outlook.com,Canada,37.0,Office Supplies,58.31,2,0.0,Credit Card,4.0
4062,2024-10-04,customer4061@gmail.com,Canada,67.0,Electronics,62.88,1,0.05,Credit Card,3.0
4063,2024-01-11,customer4062@protonmail.com,Australia,61.0,Home & Kitchen,75.39,1,0.0,Credit Card,3.0
4064,2024-04-18,customer4063@outlook.com,Australia,58.0,Sports & Outdoors,121.89,1,0.0,Credit Card,1.0
4065,2024-08-31,customer4064@protonmail.com,Germany,39.0,Toys,28.53,2,0.05,Gift Card,5.0
4066,2023-12-03,customer4065@protonmail.com,Germany,53.0,Office Supplies,58.63,4,0.05,Debit Card,5.0
4067,2023-08-22,customer4066@hotmail.com,France,38.0,Electronics,47.35,3,0.0,Debit Card,3.0
4068,2024-07-15,customer4067@gmail.com,Canada,59.0,Automotive,44.03,4,0.2,Credit Card,4.0
4069,2024-08-29,customer4068@outlook.com,Canada,65.0,Books,64.56,1,0.1,Debit Card,5.0
4070,2023-08-07,customer4069@outlook.com,United States,58.0,Home & Kitchen,54.99,4,0.0,PayPal,5.0
4071,2024-08-23,customer4070@hotmail.com,Germany,41.0,Books,10.13,4,0.1,Credit Card,4.0
4072,2024-12-24,customer4071@yahoo.com,United States,65.0,Clothing,76.11,3,0.0,Gift Card,4.0
4073,2023-05-22,customer4072@gmail.com,Germany,18.0,Electronics,15.79,4,0.0,Credit Card,
4074,2024-09-11,customer4073@hotmail.com,Germany,59.0,Home & Kitchen,114.28,1,0.05,Credit Card,2.0
4075,2023-03-05,customer4074@protonmail.com,United Kingdom,65.0,Home & Kitchen,68.77,3,0.0,PayPal,
4076,2024-10-09,customer4075@gmail.com,Japan,55.0,Toys,52.15,4,0.05,Debit Card,4.0
4077,2024-10-12,customer4076@yahoo.com,Canada,45.0,Electronics,23.81,1,0.1,Debit Card,3.0
4078,2024-09-16,customer4077@outlook.com,United Kingdom,71.0,Electronics,77.48,1,0.0,Gift Card,5.0
4079,2023-09-12,customer4078@hotmail.com,Mexico,20.0,Clothing,61.81,4,0.05,PayPal,
4080,2024-11-12,customer4079@yahoo.com,Mexico,71.0,Beauty,64.46,3,0.1,Bank Transfer,5.0
4081,2024-02-09,customer4080@outlook.com,Canada,33.0,Office Supplies,70.04,2,0.0,PayPal,4.0
4082,2023-02-17,customer4081@yahoo.com,United Kingdom,41.0,Electronics,91.32,2,0.0,Debit Card,3.0
4083,2024-09-12,customer4082@yahoo.com,Australia,33.0,Office Supplies,75.92,5,0.0,Debit Card,5.0
4084,2024-10-25,customer4083@outlook.com,United Kingdom,74.0,Sports & Outdoors,145.92,2,0.05,Credit Card,4.0
4085,2023-08-10,customer4084@yahoo.com,Canada,39.0,Automotive,91.15,2,0.15,Credit Card,5.0
4086,2023-07-01,customer4085@yahoo.com,Germany,40.0,Toys,74.81,5,0.15,PayPal,
4087,2024-02-20,customer4086@gmail.com,Mexico,52.0,Books,66.12,2,0.2,Credit Card,3.0
4088,2023-09-20,customer4087@outlook.com,Canada,32.0,Grocery,34.39,3,0.05,Gift Card,5.0
4089,2024-04-11,customer4088@hotmail.com,Japan,37.0,Toys,21.41,2,0.25,Credit Card,4.0
4090,2023-09-28,customer4089@yahoo.com,Mexico,29.0,Automotive,8.55,3,0.25,Credit Card,5.0
4091,2023-06-08,customer4090@yahoo.com,India,59.0,Automotive,88.23,2,0.0,Credit Card,4.0
4092,2023-06-19,customer4091@protonmail.com,Brazil,24.0,Toys,62.46,5,0.0,Credit Card,4.0
4093,2024-04-25,customer4092@yahoo.com,Germany,55.0,Toys,92.62,1,0.05,Credit Card,
4094,2023-11-17,customer4093@outlook.com,Germany,38.0,Books,140.34,3,0.05,Credit Card,4.0
4095,2023-01-12,customer4094@yahoo.com,Japan,24.0,Sports & Outdoors,58.81,4,0.0,PayPal,3.0
4096,2024-01-05,customer4095@gmail.com,Mexico,73.0,Sports & Outdoors,24.97,5,0.0,Debit Card,3.0
4097,2024-07-29,customer4096@yahoo.com,Germany,37.0,Sports & Outdoors,108.58,1,0.0,Credit Card,5.0
4098,2023-04-19,customer4097@yahoo.com,Japan,36.0,Electronics,55.55,5,0.25,Credit Card,3.0
4099,2023-06-28,customer4098@yahoo.com,Mexico,22.0,Office Supplies,42.87,2,0.2,Credit Card,5.0
4100,2023-09-20,customer4099@hotmail.com,Brazil,70.0,Clothing,40.62,4,0.0,Gift Card,5.0
4101,2024-11-07,customer4100@protonmail.com,Mexico,69.0,Home & Kitchen,87.68,1,0.05,Gift Card,3.0
4102,2023-09-12,customer4101@gmail.com,Germany,24.0,Home & Kitchen,86.87,1,0.1,Credit Card,4.0
4103,2024-09-03,customer4102@gmail.com,Japan,,Electronics,123.68,3,0.05,Credit Card,4.0
4104,2024-05-07,customer4103@yahoo.com,United Kingdom,26.0,Books,30.18,1,0.05,Credit Card,4.0
4105,2024-12-25,customer4104@outlook.com,United States,58.0,Electronics,29.83,3,0.1,PayPal,5.0
4106,2024-02-28,customer4105@protonmail.com,France,27.0,Electronics,70.81,3,0.25,Credit Card,
4107,2023-08-20,customer4106@protonmail.com,Brazil,40.0,Electronics,75.7,3,0.1,PayPal,
4108,2024-06-06,customer4107@gmail.com,France,49.0,Electronics,114.15,1,0.1,Credit Card,4.0
4109,2023-03-07,customer4108@hotmail.com,United Kingdom,72.0,Office Supplies,118.9,4,0.0,PayPal,3.0
4110,2024-07-26,customer4109@protonmail.com,Mexico,74.0,Toys,69.1,2,0.05,Credit Card,3.0
4111,2023-06-20,customer4110@gmail.com,France,42.0,Electronics,123.35,4,0.15,Credit Card,5.0
4112,2024-05-01,customer4111@yahoo.com,Canada,29.0,Toys,60.97,2,0.1,Credit Card,4.0
4113,2024-02-28,customer4112@yahoo.com,Canada,50.0,Sports & Outdoors,61.47,2,0.05,PayPal,5.0
4114,2023-06-26,customer4113@yahoo.com,Canada,37.0,Toys,54.46,1,0.15,PayPal,4.0
4115,2023-12-18,customer4114@yahoo.com,Mexico,43.0,Clothing,28.87,5,0.0,Debit Card,1.0
4116,2024-01-02,customer4115@protonmail.com,Japan,66.0,Sports & Outdoors,20.41,2,0.0,Credit Card,5.0
4117,2024-07-13,customer4116@gmail.com,United States,42.0,Electronics,69.99,1,0.0,Debit Card,4.0
4118,2023-12-07,customer4117@outlook.com,Australia,48.0,Home & Kitchen,109.79,2,0.0,Credit Card,5.0
4119,2023-02-12,customer4118@protonmail.com,France,49.0,Office Supplies,41.65,1,0.25,Debit Card,5.0
4120,2023-02-24,customer4119@gmail.com,Australia,37.0,Clothing,117.76,1,0.0,PayPal,4.0
4121,2024-04-30,customer4120@hotmail.com,India,69.0,Electronics,137.01,1,0.25,Credit Card,3.0
4122,2024-10-14,customer4121@hotmail.com,France,42.0,Home & Kitchen,50.8,4,0.05,PayPal,4.0
4123,2023-11-14,customer4122@yahoo.com,Germany,52.0,Beauty,16.95,3,0.15,Gift Card,5.0
4124,2023-03-08,customer4123@hotmail.com,Germany,59.0,Electronics,54.26,5,0.1,Bank Transfer,5.0
4125,2023-05-05,customer4124@yahoo.com,Brazil,64.0,Clothing,31.65,5,0.0,Credit Card,5.0
4126,2024-12-13,customer4125@outlook.com,United States,38.0,Clothing,110.2,4,0.25,Gift Card,5.0
4127,2024-05-28,customer4126@protonmail.com,Japan,19.0,Home & Kitchen,72.03,3,0.05,Credit Card,5.0
4128,2023-01-24,customer4127@hotmail.com,Brazil,55.0,Books,16.78,5,0.1,Credit Card,4.0
4129,2023-07-09,customer4128@outlook.com,Mexico,23.0,Electronics,83.45,5,0.0,Debit Card,4.0
4130,2024-06-16,customer4129@gmail.com,France,63.0,Books,114.44,1,0.0,Credit Card,4.0
4131,2024-04-06,customer4130@gmail.com,France,74.0,Electronics,66.74,3,0.0,Credit Card,4.0
4132,2023-07-29,customer4131@gmail.com,India,21.0,Office Supplies,47.52,4,0.1,Gift Card,3.0
4133,2024-05-23,customer4132@gmail.com,India,19.0,Sports & Outdoors,79.84,5,0.0,Credit Card,4.0
4134,2024-10-22,customer4133@yahoo.com,France,60.0,Electronics,154.42,3,0.05,Debit Card,
4135,2024-10-19,customer4134@outlook.com,Germany,58.0,Home & Kitchen,125.17,4,0.25,PayPal,2.0
4136,2024-08-24,customer4135@protonmail.com,Mexico,71.0,Beauty,26.27,3,0.15,Credit Card,4.0
4137,2023-09-16,customer4136@protonmail.com,France,25.0,Beauty,71.51,4,0.15,Gift Card,3.0
4138,2023-01-19,customer4137@gmail.com,Mexico,22.0,Clothing,32.57,4,0.15,Bank Transfer,5.0
4139,2023-10-13,customer4138@protonmail.com,France,39.0,Electronics,46.85,3,0.0,Credit Card,4.0
4140,2023-01-17,customer4139@protonmail.com,Australia,22.0,Toys,130.57,4,0.15,Debit Card,4.0
4141,2024-02-21,customer4140@outlook.com,Australia,69.0,Home & Kitchen,71.31,1,0.25,Credit Card,5.0
4142,2024-03-16,customer4141@yahoo.com,Brazil,53.0,Electronics,34.58,1,0.25,Bank Transfer,4.0
4143,2023-09-07,customer4142@yahoo.com,Brazil,56.0,Clothing,53.65,5,0.0,Credit Card,4.0
4144,2023-04-20,customer4143@outlook.com,Canada,56.0,Beauty,97.56,2,0.0,Debit Card,
4145,2024-01-19,customer4144@yahoo.com,India,47.0,Clothing,45.05,2,0.25,PayPal,5.0
4146,2023-01-11,customer4145@hotmail.com,Canada,44.0,Electronics,73.64,4,0.2,PayPal,4.0
4147,2023-07-21,customer4146@hotmail.com,India,30.0,Electronics,47.36,3,0.0,PayPal,4.0
4148,2024-12-07,customer4147@gmail.com,Brazil,71.0,Toys,50.44,3,0.2,Credit Card,
4149,2024-10-29,customer4148@gmail.com,Australia,49.0,Books,138.02,5,0.25,PayPal,5.0
4150,2024-04-06,customer4149@gmail.com,United States,25.0,Sports & Outdoors,69.86,2,0.0,PayPal,
4151,2023-10-01,customer4150@yahoo.com,India,27.0,Toys,88.11,2,0.0,Debit Card,3.0
4152,2023-01-08,customer4151@yahoo.com,Brazil,24.0,Books,69.12,1,0.2,PayPal,5.0
4153,2024-04-19,customer4152@outlook.com,Australia,69.0,Books,22.9,5,0.0,Credit Card,5.0
4154,2023-12-25,customer4153@outlook.com,United Kingdom,18.0,Office Supplies,30.45,1,0.0,Credit Card,5.0
4155,2024-06-04,customer4154@yahoo.com,Brazil,70.0,Grocery,137.61,3,0.15,Credit Card,5.0
4156,2023-04-26,customer4155@yahoo.com,United Kingdom,64.0,Clothing,129.36,3,0.1,Credit Card,3.0
4157,2024-08-29,customer4156@hotmail.com,France,25.0,Sports & Outdoors,67.73,5,0.0,Credit Card,4.0
4158,2024-08-10,customer4157@gmail.com,Germany,23.0,Electronics,38.17,3,0.0,Credit Card,
4159,2023-11-09,customer4158@yahoo.com,France,70.0,Electronics,19.55,1,0.05,Debit Card,4.0
4160,2023-01-21,customer4159@yahoo.com,Mexico,52.0,Clothing,197.7,2,0.0,Debit Card,
4161,2023-12-07,customer4160@hotmail.com,Brazil,70.0,Beauty,29.25,3,0.0,Debit Card,5.0
4162,2023-09-28,customer4161@protonmail.com,Brazil,70.0,Automotive,40.24,4,0.15,PayPal,4.0
4163,2024-07-09,customer4162@protonmail.com,Japan,18.0,Sports & Outdoors,44.68,1,0.0,Credit Card,5.0
4164,2023-06-23,customer4163@outlook.com,Brazil,21.0,Beauty,37.65,4,0.05,Debit Card,
4165,2023-01-14,customer4164@protonmail.com,Brazil,63.0,Electronics,64.26,1,0.0,Credit Card,
4166,2024-12-17,customer4165@protonmail.com,Brazil,24.0,Office Supplies,184.63,1,0.0,PayPal,3.0
4167,2023-06-26,customer4166@protonmail.com,United States,65.0,Electronics,58.47,1,0.1,Debit Card,3.0
4168,2023-02-27,customer4167@yahoo.com,India,67.0,Office Supplies,76.95,1,0.1,Credit Card,4.0
4169,2024-09-17,customer4168@yahoo.com,Germany,45.0,Electronics,91.82,4,0.1,Credit Card,5.0
4170,2024-06-09,customer4169@yahoo.com,Canada,33.0,Electronics,104.83,5,0.1,Credit Card,4.0
4171,2023-07-16,customer4170@hotmail.com,Canada,74.0,Toys,67.77,1,0.15,Debit Card,5.0
4172,2023-12-15,customer4171@outlook.com,Mexico,42.0,Electronics,35.46,5,0.0,Credit Card,2.0
4173,2024-05-17,customer4172@hotmail.com,India,31.0,Electronics,92.46,2,0.2,PayPal,4.0
4174,2024-08-19,customer4173@gmail.com,Germany,51.0,Sports & Outdoors,154.11,5,0.2,Credit Card,5.0
4175,2023-09-30,customer4174@gmail.com,Mexico,37.0,Beauty,19.02,5,0.0,Gift Card,4.0
4176,2023-06-06,customer4175@yahoo.com,Australia,58.0,Home & Kitchen,43.25,4,0.25,Credit Card,2.0
4177,2023-01-11,customer4176@protonmail.com,India,74.0,Toys,79.47,3,0.05,Credit Card,5.0
4178,2024-09-16,customer4177@yahoo.com,India,28.0,Toys,94.53,5,0.0,Gift Card,3.0
4179,2024-08-17,customer4178@yahoo.com,United Kingdom,32.0,Electronics,49.61,3,0.0,Credit Card,5.0
4180,2024-11-24,customer4179@hotmail.com,India,67.0,Clothing,104.34,1,0.25,PayPal,3.0
4181,2024-06-29,customer4180@protonmail.com,Mexico,65.0,Sports & Outdoors,123.23,2,0.1,Credit Card,5.0
4182,2023-06-05,customer4181@gmail.com,Australia,62.0,Automotive,79.48,1,0.25,Debit Card,
4183,2023-06-25,customer4182@yahoo.com,Germany,26.0,Clothing,102.1,2,0.15,Gift Card,4.0
4184,2023-06-27,customer4183@protonmail.com,Australia,23.0,Beauty,58.58,1,0.05,Credit Card,5.0
4185,2023-12-01,customer4184@protonmail.com,India,35.0,Books,28.18,3,0.0,Credit Card,5.0
4186,2024-12-04,customer4185@protonmail.com,France,24.0,Beauty,34.62,3,0.25,Credit Card,5.0
4187,2024-05-19,customer4186@yahoo.com,United States,45.0,Grocery,170.74,3,0.0,Credit Card,5.0
4188,2023-11-13,customer4187@outlook.com,United States,58.0,Toys,123.98,2,0.2,Debit Card,5.0
4189,2024-06-22,customer4188@protonmail.com,Brazil,59.0,Electronics,33.04,2,0.0,PayPal,2.0
4190,2024-09-01,customer4189@outlook.com,Japan,44.0,Automotive,30.83,3,0.2,Credit Card,4.0
4191,2023-10-22,customer4190@protonmail.com,United Kingdom,38.0,Sports & Outdoors,93.69,2,0.0,Debit Card,4.0
4192,2024-09-06,customer4191@hotmail.com,Japan,43.0,Sports & Outdoors,249.53,1,0.0,PayPal,3.0
4193,2023-01-14,customer4192@gmail.com,Germany,58.0,Books,69.14,4,0.0,PayPal,4.0
4194,2023-08-15,customer4193@yahoo.com,France,30.0,Electronics,38.91,3,0.2,Bank Transfer,4.0
4195,2023-05-04,customer4194@outlook.com,United Kingdom,18.0,Books,107.83,1,0.25,PayPal,4.0
4196,2023-05-11,customer4195@outlook.com,United States,58.0,Toys,134.45,5,0.0,Credit Card,4.0
4197,2023-05-29,customer4196@protonmail.com,Mexico,54.0,Clothing,93.75,2,0.1,Credit Card,1.0
4198,2023-09-25,customer4197@yahoo.com,Australia,24.0,Electronics,86.01,4,0.15,PayPal,3.0
4199,2024-06-13,customer4198@hotmail.com,Mexico,52.0,Beauty,32.62,1,0.25,Credit Card,4.0
4200,2024-03-08,customer4199@protonmail.com,Canada,39.0,Books,109.03,2,0.0,Credit Card,
4201,2023-11-18,customer4200@hotmail.com,Germany,69.0,Beauty,94.75,2,0.0,PayPal,4.0
4202,2023-12-29,customer4201@outlook.com,France,59.0,Electronics,52.96,1,0.2,Debit Card,5.0
4203,2023-05-14,customer4202@protonmail.com,United States,45.0,Books,26.13,3,0.0,Credit Card,5.0
4204,2024-06-21,customer4203@outlook.com,Brazil,73.0,Electronics,50.07,2,0.25,Debit Card,5.0
4205,2024-07-05,customer4204@outlook.com,Mexico,57.0,Beauty,66.02,2,0.05,Credit Card,4.0
4206,2024-02-05,customer4205@hotmail.com,United Kingdom,30.0,Toys,98.42,3,0.1,Credit Card,4.0
4207,2024-08-17,customer4206@gmail.com,India,53.0,Books,108.68,5,0.05,Bank Transfer,3.0
4208,2024-08-11,customer4207@hotmail.com,Mexico,54.0,Office Supplies,62.03,2,0.05,Credit Card,
4209,2024-08-10,customer4208@yahoo.com,France,63.0,Clothing,58.83,1,0.0,Debit Card,4.0
4210,2023-03-17,customer4209@yahoo.com,Brazil,21.0,Clothing,119.67,4,0.0,Credit Card,4.0
4211,2023-03-04,customer4210@gmail.com,France,69.0,Beauty,81.22,3,0.0,Credit Card,4.0
4212,2023-11-17,customer4211@hotmail.com,United Kingdom,33.0,Books,94.08,5,0.0,Credit Card,3.0
4213,2023-02-11,customer4212@gmail.com,United Kingdom,47.0,Sports & Outdoors,53.31,4,0.2,Credit Card,5.0
4214,2023-01-12,customer4213@protonmail.com,United Kingdom,23.0,Office Supplies,118.32,1,0.25,PayPal,4.0
4215,2023-04-06,customer4214@gmail.com,Mexico,27.0,Beauty,44.86,4,0.0,Credit Card,4.0
4216,2023-03-30,customer4215@outlook.com,United States,65.0,Electronics,184.02,1,0.15,Debit Card,4.0
4217,2023-08-26,customer4216@outlook.com,France,60.0,Home & Kitchen,30.08,3,0.1,PayPal,4.0
4218,2023-08-31,customer4217@gmail.com,India,41.0,Grocery,68.86,1,0.2,Credit Card,4.0
4219,2024-08-21,customer4218@protonmail.com,Australia,22.0,Electronics,28.31,4,0.2,Credit Card,4.0
4220,2024-10-20,customer4219@protonmail.com,United States,68.0,Books,90.29,5,0.2,Credit Card,3.0
4221,2023-05-05,customer4220@protonmail.com,Germany,27.0,Automotive,126.82,5,0.25,Credit Card,
4222,2023-10-05,customer4221@protonmail.com,Japan,,Grocery,94.36,1,0.1,Credit Card,
4223,2024-01-07,customer4222@gmail.com,Canada,31.0,Electronics,51.51,5,0.25,Credit Card,5.0
4224,2023-07-19,customer4223@gmail.com,Brazil,57.0,Beauty,28.3,4,0.05,Credit Card,4.0
4225,2023-08-30,customer4224@protonmail.com,Japan,34.0,Clothing,51.16,5,0.0,Credit Card,5.0
4226,2024-05-04,customer4225@yahoo.com,United Kingdom,,Automotive,95.88,3,0.0,Credit Card,4.0
4227,2023-11-07,customer4226@hotmail.com,Brazil,24.0,Toys,34.76,4,0.15,Debit Card,5.0
4228,2024-05-28,customer4227@yahoo.com,Germany,57.0,Toys,21.53,3,0.0,Credit Card,3.0
4229,2023-02-24,customer4228@hotmail.com,Germany,73.0,Electronics,57.94,4,0.2,Debit Card,5.0
4230,2023-12-18,customer4229@protonmail.com,United Kingdom,73.0,Home & Kitchen,28.95,4,0.2,Gift Card,5.0
4231,2023-08-15,customer4230@gmail.com,Germany,69.0,Clothing,79.04,2,0.0,PayPal,3.0
4232,2023-07-30,customer4231@protonmail.com,India,73.0,Beauty,62.13,2,0.2,Credit Card,2.0
4233,2023-12-08,customer4232@yahoo.com,United States,66.0,Books,56.66,5,0.2,Debit Card,5.0
4234,2023-08-09,customer4233@yahoo.com,Mexico,65.0,Grocery,196.96,5,0.0,Bank Transfer,4.0
4235,2024-07-07,customer4234@protonmail.com,Brazil,61.0,Electronics,85.9,1,0.25,PayPal,3.0
4236,2023-05-16,customer4235@protonmail.com,Mexico,30.0,Clothing,9.78,1,0.1,Debit Card,4.0
4237,2024-10-13,customer4236@hotmail.com,Japan,28.0,Toys,181.8,4,0.05,Debit Card,5.0
4238,2023-09-22,customer4237@gmail.com,United States,61.0,Sports & Outdoors,68.5,4,0.1,Gift Card,5.0
4239,2024-01-20,customer4238@yahoo.com,Brazil,34.0,Books,53.29,2,0.25,Credit Card,4.0
4240,2023-05-03,customer4239@yahoo.com,Japan,72.0,Clothing,75.86,5,0.15,Debit Card,
4241,2024-11-02,customer4240@protonmail.com,France,56.0,Electronics,31.01,1,0.1,Credit Card,4.0
4242,2024-04-14,customer4241@gmail.com,Australia,37.0,Beauty,60.73,1,0.15,Debit Card,4.0
4243,2024-07-15,customer4242@protonmail.com,Germany,47.0,Automotive,116.34,3,0.15,Credit Card,3.0
4244,2024-10-15,customer4243@protonmail.com,Mexico,37.0,Grocery,55.31,3,0.0,PayPal,3.0
4245,2024-12-27,customer4244@yahoo.com,India,30.0,Beauty,47.33,2,0.1,Credit Card,1.0
4246,2023-07-05,customer4245@gmail.com,Australia,45.0,Sports & Outdoors,41.16,4,0.15,Debit Card,5.0
4247,2023-08-29,customer4246@protonmail.com,Mexico,52.0,Grocery,106.33,5,0.0,Gift Card,4.0
4248,2023-06-26,customer4247@protonmail.com,France,,Grocery,80.05,1,0.2,Credit Card,4.0
4249,2024-01-02,customer4248@outlook.com,United Kingdom,37.0,Electronics,182.07,4,0.0,Credit Card,5.0
4250,2024-10-17,customer4249@hotmail.com,France,32.0,Clothing,166.27,3,0.0,Debit Card,1.0
4251,2024-06-22,customer4250@protonmail.com,Mexico,26.0,Grocery,57.65,5,0.05,Debit Card,4.0
4252,2024-02-19,customer4251@protonmail.com,India,27.0,Grocery,92.62,2,0.1,Credit Card,4.0
4253,2023-12-12,customer4252@yahoo.com,United States,51.0,Beauty,51.94,4,0.0,PayPal,5.0
4254,2024-06-16,customer4253@outlook.com,Japan,34.0,Clothing,47.07,4,0.05,Debit Card,3.0
4255,2023-12-08,customer4254@gmail.com,India,53.0,Grocery,45.15,2,0.0,Credit Card,4.0
4256,2024-10-11,customer4255@outlook.com,United States,54.0,Home & Kitchen,42.14,3,0.25,Debit Card,4.0
4257,2024-02-13,customer4256@gmail.com,Australia,65.0,Home & Kitchen,116.84,4,0.15,Credit Card,
4258,2024-04-30,customer4257@gmail.com,Mexico,20.0,Toys,46.72,3,0.25,Credit Card,3.0
4259,2024-05-10,customer4258@yahoo.com,Germany,69.0,Toys,52.79,4,0.0,Bank Transfer,5.0
4260,2024-06-25,customer4259@gmail.com,Japan,,Clothing,79.26,4,0.1,Debit Card,
4261,2023-12-15,customer4260@yahoo.com,Germany,43.0,Sports & Outdoors,75.16,2,0.0,Credit Card,4.0
4262,2023-10-10,customer4261@hotmail.com,Canada,49.0,Beauty,70.94,4,0.05,Credit Card,5.0
4263,2023-10-30,customer4262@protonmail.com,Germany,70.0,Home & Kitchen,128.34,3,0.1,Debit Card,5.0
4264,2024-11-15,customer4263@yahoo.com,France,,Home & Kitchen,45.94,2,0.25,Debit Card,5.0
4265,2023-03-22,customer4264@hotmail.com,France,72.0,Beauty,42.03,5,0.2,Credit Card,5.0
4266,2024-05-28,customer4265@outlook.com,United Kingdom,59.0,Automotive,6.56,1,0.0,Credit Card,5.0
4267,2024-12-02,customer4266@hotmail.com,Mexico,58.0,Automotive,93.99,4,0.0,PayPal,5.0
4268,2023-02-22,customer4267@gmail.com,Australia,34.0,Electronics,92.2,2,0.05,Credit Card,4.0
4269,2024-03-27,customer4268@hotmail.com,Japan,74.0,Toys,121.67,4,0.2,Credit Card,
4270,2024-03-10,customer4269@outlook.com,Australia,61.0,Grocery,57.28,5,0.0,Bank Transfer,4.0
4271,2023-09-02,customer4270@outlook.com,Germany,71.0,Home & Kitchen,62.98,4,0.0,PayPal,5.0
4272,2023-03-11,customer4271@gmail.com,Mexico,68.0,Sports & Outdoors,114.05,2,0.0,Credit Card,4.0
4273,2024-05-09,customer4272@protonmail.com,France,56.0,Clothing,50.82,4,0.05,Credit Card,3.0
4274,2024-01-17,customer4273@gmail.com,United States,46.0,Sports & Outdoors,67.78,2,0.25,Debit Card,4.0
4275,2024-07-02,customer4274@gmail.com,France,39.0,Electronics,127.02,1,0.15,Debit Card,5.0
4276,2023-03-06,customer4275@gmail.com,France,28.0,Clothing,90.58,2,0.0,Credit Card,4.0
4277,2024-11-13,customer4276@hotmail.com,Germany,20.0,Clothing,56.02,4,0.1,PayPal,5.0
4278,2024-04-02,customer4277@gmail.com,Canada,44.0,Clothing,112.61,2,0.2,Credit Card,4.0
4279,2023-11-20,customer4278@protonmail.com,France,51.0,Electronics,64.15,1,0.0,Credit Card,3.0
4280,2023-11-30,customer4279@hotmail.com,United States,50.0,Clothing,114.06,3,0.2,Debit Card,5.0
4281,2024-11-25,customer4280@yahoo.com,Germany,44.0,Toys,79.93,5,0.15,PayPal,2.0
4282,2024-02-08,customer4281@gmail.com,Brazil,38.0,Electronics,49.53,3,0.15,PayPal,4.0
4283,2024-02-28,customer4282@gmail.com,Brazil,41.0,Clothing,32.82,3,0.0,Credit Card,
4284,2024-04-18,customer4283@hotmail.com,Brazil,61.0,Electronics,103.17,2,0.0,Credit Card,4.0
4285,2023-08-17,customer4284@outlook.com,Canada,71.0,Office Supplies,108.94,3,0.05,Credit Card,4.0
4286,2023-07-02,customer4285@hotmail.com,Mexico,33.0,Electronics,136.72,2,0.05,Credit Card,3.0
4287,2024-07-02,customer4286@yahoo.com,Canada,55.0,Sports & Outdoors,95.74,5,0.0,Debit Card,4.0
4288,2023-08-22,customer4287@gmail.com,Australia,65.0,Clothing,60.24,4,0.25,Debit Card,4.0
4289,2023-01-25,customer4288@protonmail.com,Mexico,40.0,Home & Kitchen,78.2,4,0.0,PayPal,4.0
4290,2023-12-18,customer4289@outlook.com,United Kingdom,42.0,Grocery,70.18,4,0.0,Bank Transfer,3.0
4291,2023-01-08,customer4290@protonmail.com,United States,49.0,Sports & Outdoors,59.0,2,0.0,Debit Card,
4292,2024-02-18,customer4291@gmail.com,Germany,51.0,Sports & Outdoors,30.25,4,0.0,PayPal,4.0
4293,2024-04-15,customer4292@hotmail.com,United States,70.0,Electronics,33.3,5,0.0,Credit Card,
4294,2024-11-05,customer4293@yahoo.com,Japan,21.0,Home & Kitchen,105.18,1,0.15,PayPal,5.0
4295,2024-03-19,customer4294@yahoo.com,Brazil,64.0,Home & Kitchen,40.74,5,0.1,Credit Card,5.0
4296,2023-09-14,customer4295@hotmail.com,Japan,29.0,Clothing,57.12,5,0.15,Debit Card,3.0
4297,2024-04-13,customer4296@gmail.com,United Kingdom,38.0,Automotive,22.13,1,0.2,Credit Card,3.0
4298,2024-03-07,customer4297@outlook.com,United States,42.0,Clothing,23.44,1,0.1,Debit Card,3.0
4299,2024-06-25,customer4298@outlook.com,Germany,46.0,Clothing,41.3,3,0.05,PayPal,
4300,2024-11-04,customer4299@protonmail.com,Mexico,60.0,Electronics,103.0,4,0.0,Credit Card,
4301,2023-03-12,customer4300@gmail.com,Germany,27.0,Clothing,106.37,3,0.0,PayPal,5.0
4302,2024-06-08,customer4301@protonmail.com,Mexico,73.0,Electronics,75.62,4,0.0,Gift Card,4.0
4303,2024-08-10,customer4302@protonmail.com,Mexico,65.0,Clothing,44.77,5,0.05,Debit Card,4.0
4304,2023-08-28,customer4303@yahoo.com,Brazil,22.0,Office Supplies,144.45,2,0.0,Credit Card,3.0
4305,2023-10-22,customer4304@hotmail.com,United Kingdom,50.0,Toys,56.52,3,0.0,PayPal,5.0
4306,2023-10-30,customer4305@protonmail.com,United Kingdom,71.0,Home & Kitchen,151.91,1,0.1,Credit Card,4.0
4307,2023-09-30,customer4306@protonmail.com,Canada,,Home & Kitchen,84.96,1,0.05,Credit Card,4.0
4308,2024-10-03,customer4307@yahoo.com,Germany,35.0,Toys,117.05,4,0.25,Credit Card,3.0
4309,2023-08-27,customer4308@yahoo.com,France,44.0,Electronics,117.42,5,0.2,Debit Card,5.0
4310,2023-11-16,customer4309@yahoo.com,Brazil,74.0,Automotive,17.97,3,0.2,Credit Card,5.0
4311,2024-03-02,customer4310@yahoo.com,United States,49.0,Toys,32.64,4,0.05,Credit Card,3.0
4312,2023-07-03,customer4311@outlook.com,Germany,20.0,Books,54.03,5,0.15,Credit Card,4.0
4313,2024-05-24,customer4312@protonmail.com,Germany,54.0,Beauty,41.2,1,0.25,PayPal,5.0
4314,2024-01-17,customer4313@outlook.com,Germany,,Home & Kitchen,87.96,4,0.1,Gift Card,5.0
4315,2023-05-05,customer4314@protonmail.com,Australia,51.0,Electronics,92.1,4,0.0,PayPal,4.0
4316,2023-05-16,customer4315@protonmail.com,Japan,62.0,Sports & Outdoors,51.01,5,0.15,Credit Card,5.0
4317,2023-01-20,customer4316@protonmail.com,Mexico,23.0,Electronics,47.57,2,0.0,PayPal,5.0
4318,2024-02-29,customer4317@protonmail.com,United States,37.0,Electronics,112.27,4,0.1,Debit Card,2.0
4319,2024-08-07,customer4318@yahoo.com,Canada,25.0,Automotive,48.1,5,0.2,Credit Card,4.0
4320,2024-12-24,customer4319@outlook.com,Canada,73.0,Grocery,123.88,3,0.2,Credit Card,2.0
4321,2024-04-26,customer4320@yahoo.com,United Kingdom,70.0,Electronics,76.8,2,0.2,Credit Card,5.0
4322,2024-12-08,customer4321@protonmail.com,United States,70.0,Automotive,76.99,5,0.1,Debit Card,5.0
4323,2024-12-22,customer4322@hotmail.com,Germany,32.0,Electronics,35.92,1,0.0,PayPal,2.0
4324,2024-03-24,customer4323@protonmail.com,United Kingdom,36.0,Grocery,99.32,5,0.0,Debit Card,4.0
4325,2023-10-01,customer4324@protonmail.com,Australia,,Clothing,32.15,5,0.05,Credit Card,5.0
4326,2024-10-08,customer4325@hotmail.com,France,18.0,Books,99.21,1,0.1,PayPal,5.0
4327,2024-04-06,customer4326@protonmail.com,Japan,67.0,Sports & Outdoors,91.87,2,0.0,PayPal,4.0
4328,2024-08-18,customer4327@hotmail.com,India,27.0,Electronics,93.11,3,0.0,Debit Card,4.0
4329,2023-06-15,customer4328@gmail.com,Canada,57.0,Automotive,91.7,1,0.2,Debit Card,4.0
4330,2024-11-24,customer4329@outlook.com,Canada,19.0,Electronics,112.03,1,0.1,PayPal,3.0
4331,2023-11-10,customer4330@hotmail.com,Brazil,25.0,Office Supplies,86.35,2,0.05,Credit Card,5.0
4332,2024-09-29,customer4331@hotmail.com,Germany,56.0,Electronics,18.46,5,0.2,Debit Card,5.0
4333,2023-10-01,customer4332@outlook.com,Mexico,21.0,Electronics,81.28,3,0.25,Bank Transfer,4.0
4334,2024-10-18,customer4333@gmail.com,United States,26.0,Electronics,39.07,4,0.15,PayPal,5.0
4335,2024-05-06,customer4334@outlook.com,Canada,29.0,Clothing,26.21,4,0.2,Credit Card,4.0
4336,2023-06-17,customer4335@yahoo.com,France,45.0,Toys,35.2,3,0.0,Gift Card,5.0
4337,2023-04-19,customer4336@hotmail.com,Australia,30.0,Sports & Outdoors,45.17,1,0.2,Credit Card,5.0
4338,2023-04-26,customer4337@yahoo.com,United States,28.0,Grocery,94.55,5,0.15,Debit Card,3.0
4339,2023-10-01,customer4338@protonmail.com,France,28.0,Books,56.99,3,0.1,Debit Card,5.0
4340,2023-02-02,customer4339@protonmail.com,Germany,67.0,Books,110.88,2,0.0,Credit Card,5.0
4341,2024-02-05,customer4340@protonmail.com,Japan,64.0,Clothing,42.81,3,0.1,Credit Card,4.0
4342,2024-04-26,customer4341@yahoo.com,India,34.0,Sports & Outdoors,58.16,3,0.15,Debit Card,4.0
4343,2024-06-27,customer4342@yahoo.com,Australia,54.0,Automotive,44.08,5,0.0,Credit Card,2.0
4344,2024-11-12,customer4343@gmail.com,Mexico,57.0,Clothing,14.4,2,0.0,Debit Card,5.0
4345,2024-08-07,customer4344@gmail.com,Australia,32.0,Clothing,68.55,5,0.2,PayPal,4.0
4346,2024-12-26,customer4345@outlook.com,Germany,51.0,Clothing,231.44,1,0.1,Debit Card,4.0
4347,2024-03-16,customer4346@yahoo.com,Canada,21.0,Home & Kitchen,26.88,2,0.0,Gift Card,
4348,2024-09-14,customer4347@yahoo.com,United Kingdom,,Toys,99.68,1,0.2,Gift Card,4.0
4349,2024-07-19,customer4348@hotmail.com,Germany,52.0,Electronics,112.48,5,0.2,Gift Card,3.0
4350,2024-08-29,customer4349@protonmail.com,Brazil,61.0,Grocery,70.63,3,0.0,Credit Card,1.0
4351,2023-10-27,customer4350@gmail.com,France,39.0,Electronics,29.05,3,0.0,Credit Card,5.0
4352,2024-01-14,customer4351@yahoo.com,Japan,24.0,Electronics,193.84,1,0.15,PayPal,4.0
4353,2024-10-29,customer4352@yahoo.com,Canada,,Electronics,90.92,1,0.0,Gift Card,5.0
4354,2023-11-26,customer4353@outlook.com,Germany,58.0,Clothing,151.72,5,0.15,PayPal,4.0
4355,2024-03-18,customer4354@gmail.com,Brazil,23.0,Beauty,21.0,5,0.1,PayPal,4.0
4356,2024-04-12,customer4355@protonmail.com,Mexico,28.0,Automotive,46.53,2,0.2,PayPal,5.0
4357,2023-05-15,customer4356@hotmail.com,Germany,33.0,Clothing,27.24,4,0.0,Debit Card,4.0
4358,2023-01-17,customer4357@protonmail.com,France,22.0,Home & Kitchen,119.11,2,0.25,Debit Card,4.0
4359,2024-05-22,customer4358@hotmail.com,United Kingdom,62.0,Beauty,20.99,5,0.0,Credit Card,4.0
4360,2024-08-02,customer4359@protonmail.com,Mexico,73.0,Sports & Outdoors,61.74,1,0.05,PayPal,3.0
4361,2024-03-01,customer4360@yahoo.com,Canada,66.0,Sports & Outdoors,57.74,1,0.2,Credit Card,3.0
4362,2024-04-24,customer4361@hotmail.com,India,27.0,Clothing,16.81,2,0.0,Credit Card,5.0
4363,2023-02-18,customer4362@yahoo.com,Japan,33.0,Toys,95.69,1,0.15,Credit Card,
4364,2023-05-05,customer4363@yahoo.com,Mexico,33.0,Electronics,85.79,4,0.15,Debit Card,5.0
4365,2024-06-22,customer4364@outlook.com,Canada,44.0,Home & Kitchen,44.83,5,0.25,Debit Card,3.0
4366,2024-04-09,customer4365@hotmail.com,Canada,18.0,Automotive,151.58,5,0.1,PayPal,3.0
4367,2023-05-25,customer4366@hotmail.com,Canada,30.0,Electronics,19.26,5,0.0,Gift Card,5.0
4368,2024-03-13,customer4367@outlook.com,United Kingdom,56.0,Clothing,12.64,1,0.2,Credit Card,5.0
4369,2023-01-26,customer4368@yahoo.com,United Kingdom,55.0,Home & Kitchen,72.68,1,0.0,Credit Card,4.0
4370,2024-07-29,customer4369@yahoo.com,Germany,61.0,Electronics,35.2,1,0.2,Credit Card,3.0
4371,2023-01-20,customer4370@outlook.com,United Kingdom,42.0,Automotive,63.33,4,0.0,Credit Card,4.0
4372,2024-09-03,customer4371@outlook.com,Brazil,19.0,Electronics,128.88,1,0.15,PayPal,5.0
4373,2023-06-13,customer4372@outlook.com,United Kingdom,73.0,Books,26.03,4,0.0,Debit Card,5.0
4374,2023-07-04,customer4373@protonmail.com,United Kingdom,47.0,Grocery,119.95,3,0.05,Credit Card,5.0
4375,2024-11-06,customer4374@gmail.com,India,69.0,Electronics,27.49,4,0.25,Debit Card,
4376,2024-08-17,customer4375@gmail.com,United Kingdom,66.0,Electronics,50.35,1,0.05,PayPal,4.0
4377,2023-09-03,customer4376@yahoo.com,Germany,24.0,Clothing,134.74,3,0.0,Credit Card,
4378,2023-05-13,customer4377@protonmail.com,Germany,62.0,Electronics,96.89,1,0.25,Gift Card,
4379,2023-03-22,customer4378@gmail.com,France,54.0,Home & Kitchen,37.01,1,0.1,Credit Card,5.0
4380,2023-10-15,customer4379@hotmail.com,Germany,63.0,Toys,80.74,4,0.05,Credit Card,2.0
4381,2024-02-29,customer4380@protonmail.com,Australia,58.0,Electronics,47.92,3,0.25,Credit Card,4.0
4382,2023-12-26,customer4381@yahoo.com,India,21.0,Sports & Outdoors,52.15,4,0.1,Credit Card,5.0
4383,2024-10-16,customer4382@protonmail.com,France,23.0,Automotive,58.04,1,0.1,Credit Card,5.0
4384,2024-08-10,customer4383@outlook.com,Mexico,34.0,Home & Kitchen,88.87,2,0.15,Credit Card,5.0
4385,2023-07-10,customer4384@outlook.com,Japan,29.0,Home & Kitchen,69.84,1,0.0,Credit Card,5.0
4386,2024-10-19,customer4385@outlook.com,Germany,47.0,Electronics,59.06,3,0.0,Debit Card,3.0
4387,2023-12-04,customer4386@yahoo.com,United Kingdom,74.0,Electronics,60.23,3,0.1,Credit Card,3.0
4388,2023-01-13,customer4387@outlook.com,United States,47.0,Clothing,75.66,4,0.2,Credit Card,4.0
4389,2024-09-13,customer4388@gmail.com,United States,37.0,Books,67.79,1,0.25,Debit Card,3.0
4390,2024-06-22,customer4389@gmail.com,Brazil,61.0,Home & Kitchen,46.62,1,0.0,Debit Card,5.0
4391,2023-09-17,customer4390@yahoo.com,Brazil,45.0,Clothing,76.98,5,0.0,PayPal,4.0
4392,2024-10-02,customer4391@gmail.com,France,70.0,Electronics,85.15,4,0.25,Debit Card,3.0
4393,2024-10-23,customer4392@outlook.com,Canada,42.0,Sports & Outdoors,78.25,1,0.0,Gift Card,3.0
4394,2024-11-27,customer4393@outlook.com,France,58.0,Clothing,110.64,2,0.1,Credit Card,5.0
4395,2024-10-28,customer4394@outlook.com,Australia,22.0,Beauty,44.14,3,0.05,PayPal,
4396,2023-07-15,customer4395@gmail.com,Germany,45.0,Toys,42.81,3,0.0,Debit Card,4.0
4397,2024-02-12,customer4396@hotmail.com,France,42.0,Clothing,140.89,4,0.2,Gift Card,5.0
4398,2023-05-07,customer4397@gmail.com,France,51.0,Sports & Outdoors,38.09,2,0.2,Credit Card,5.0
4399,2024-05-12,customer4398@yahoo.com,Canada,61.0,Electronics,55.54,3,0.0,Gift Card,5.0
4400,2023-12-31,customer4399@protonmail.com,Canada,18.0,Beauty,14.1,4,0.2,Gift Card,4.0
4401,2024-10-03,customer4400@protonmail.com,United States,35.0,Clothing,27.61,1,0.1,Credit Card,3.0
4402,2024-10-19,customer4401@outlook.com,Japan,43.0,Books,50.58,3,0.0,Debit Card,5.0
4403,2023-08-21,customer4402@yahoo.com,India,54.0,Books,48.91,2,0.0,Credit Card,2.0
4404,2023-08-19,customer4403@protonmail.com,Mexico,24.0,Toys,56.84,4,0.0,Credit Card,4.0
4405,2023-01-24,customer4404@protonmail.com,Japan,58.0,Beauty,160.33,1,0.1,Credit Card,2.0
4406,2024-01-04,customer4405@hotmail.com,Mexico,59.0,Electronics,17.87,2,0.1,Debit Card,3.0
4407,2023-10-08,customer4406@yahoo.com,Germany,48.0,Books,65.05,4,0.0,Debit Card,
4408,2024-12-27,customer4407@yahoo.com,Brazil,,Electronics,60.5,3,0.15,Credit Card,4.0
4409,2024-08-19,customer4408@gmail.com,Australia,47.0,Home & Kitchen,175.31,1,0.0,Credit Card,
4410,2023-11-29,customer4409@protonmail.com,Germany,74.0,Home & Kitchen,104.82,5,0.0,Credit Card,5.0
4411,2024-02-19,customer4410@protonmail.com,Japan,20.0,Toys,48.24,1,0.0,Credit Card,5.0
4412,2024-04-03,customer4411@outlook.com,Mexico,44.0,Sports & Outdoors,138.92,3,0.1,Debit Card,3.0
4413,2024-10-21,customer4412@outlook.com,France,59.0,Grocery,45.68,1,0.25,Credit Card,5.0
4414,2024-12-27,customer4413@outlook.com,Japan,22.0,Books,109.99,3,0.1,PayPal,
4415,2023-11-02,customer4414@yahoo.com,United Kingdom,56.0,Beauty,151.35,2,0.1,PayPal,5.0
4416,2023-09-26,customer4415@gmail.com,Australia,25.0,Automotive,69.96,4,0.2,Bank Transfer,3.0
4417,2024-06-04,customer4416@yahoo.com,Japan,52.0,Electronics,31.97,4,0.15,Credit Card,5.0
4418,2023-07-19,customer4417@yahoo.com,United Kingdom,69.0,Beauty,16.69,5,0.2,Credit Card,1.0
4419,2023-04-13,customer4418@hotmail.com,Brazil,31.0,Clothing,71.57,1,0.1,Credit Card,3.0
4420,2023-07-26,customer4419@gmail.com,Brazil,29.0,Home & Kitchen,107.36,4,0.0,Credit Card,5.0
4421,2023-08-19,customer4420@protonmail.com,India,52.0,Office Supplies,258.83,2,0.15,Gift Card,5.0
4422,2024-03-26,customer4421@gmail.com,Brazil,38.0,Home & Kitchen,130.4,4,0.15,Debit Card,4.0
4423,2024-06-21,customer4422@outlook.com,Japan,63.0,Automotive,66.89,5,0.05,Bank Transfer,3.0
4424,2023-04-29,customer4423@protonmail.com,Australia,25.0,Grocery,30.79,5,0.1,Gift Card,5.0
4425,2023-02-02,customer4424@yahoo.com,Mexico,63.0,Automotive,60.11,5,0.0,Credit Card,5.0
4426,2023-05-01,customer4425@hotmail.com,United Kingdom,64.0,Toys,159.11,5,0.05,Debit Card,5.0
4427,2024-10-27,customer4426@gmail.com,United States,60.0,Toys,193.79,4,0.25,Credit Card,3.0
4428,2023-07-09,customer4427@yahoo.com,Germany,35.0,Clothing,45.35,5,0.0,PayPal,5.0
4429,2024-01-21,customer4428@protonmail.com,France,59.0,Clothing,56.63,4,0.15,Debit Card,5.0
4430,2024-01-30,customer4429@yahoo.com,Japan,39.0,Grocery,144.31,1,0.15,Credit Card,4.0
4431,2023-07-22,customer4430@hotmail.com,Canada,42.0,Clothing,139.32,5,0.15,Gift Card,3.0
4432,2024-09-08,customer4431@outlook.com,United Kingdom,60.0,Books,46.67,4,0.2,PayPal,4.0
4433,2023-02-17,customer4432@gmail.com,Mexico,70.0,Office Supplies,99.39,5,0.0,Gift Card,4.0
4434,2024-01-22,customer4433@yahoo.com,France,52.0,Clothing,48.57,2,0.0,Credit Card,4.0
4435,2023-10-29,customer4434@outlook.com,France,73.0,Grocery,123.12,3,0.0,PayPal,4.0
4436,2024-07-25,customer4435@outlook.com,United States,51.0,Home & Kitchen,66.44,3,0.0,Debit Card,5.0
4437,2023-05-24,customer4436@protonmail.com,United States,65.0,Electronics,53.26,1,0.0,Credit Card,3.0
4438,2024-11-30,customer4437@yahoo.com,India,20.0,Toys,104.69,4,0.1,Credit Card,5.0
4439,2024-08-01,customer4438@outlook.com,Japan,29.0,Books,69.47,2,0.0,Credit Card,3.0
4440,2024-06-24,customer4439@outlook.com,Germany,30.0,Grocery,103.1,1,0.25,Credit Card,5.0
4441,2023-12-28,customer4440@gmail.com,Germany,36.0,Electronics,33.45,2,0.2,Debit Card,5.0
4442,2024-04-14,customer4441@protonmail.com,France,33.0,Electronics,38.31,4,0.15,Gift Card,5.0
4443,2023-06-01,customer4442@yahoo.com,India,57.0,Grocery,62.86,4,0.2,Bank Transfer,
4444,2023-01-06,customer4443@outlook.com,India,74.0,Books,41.08,2,0.0,Credit Card,4.0
4445,2024-06-28,customer4444@hotmail.com,France,27.0,Books,50.57,2,0.15,PayPal,5.0
4446,2023-11-24,customer4445@protonmail.com,Germany,30.0,Home & Kitchen,63.91,5,0.2,Credit Card,5.0
4447,2023-09-15,customer4446@gmail.com,France,70.0,Automotive,44.4,3,0.0,Credit Card,4.0
4448,2023-07-15,customer4447@outlook.com,France,39.0,Automotive,155.98,2,0.1,PayPal,4.0
4449,2024-03-28,customer4448@gmail.com,Germany,57.0,Books,39.33,5,0.25,Gift Card,4.0
4450,2024-01-10,customer4449@outlook.com,United Kingdom,28.0,Home & Kitchen,61.7,1,0.1,Bank Transfer,5.0
4451,2024-05-07,customer4450@protonmail.com,France,69.0,Office Supplies,62.54,4,0.2,Debit Card,
4452,2024-11-25,customer4451@outlook.com,India,45.0,Automotive,71.32,3,0.0,PayPal,4.0
4453,2024-09-01,customer4452@protonmail.com,United Kingdom,,Books,53.22,2,0.0,Credit Card,5.0
4454,2023-08-22,customer4453@hotmail.com,France,18.0,Sports & Outdoors,109.99,4,0.0,PayPal,
4455,2023-06-26,customer4454@yahoo.com,United Kingdom,49.0,Clothing,114.02,2,0.15,Credit Card,5.0
4456,2023-04-28,customer4455@protonmail.com,France,63.0,Home & Kitchen,45.31,4,0.1,Credit Card,5.0
4457,2024-02-20,customer4456@hotmail.com,Canada,26.0,Sports & Outdoors,119.27,2,0.0,Bank Transfer,4.0
4458,2024-08-25,customer4457@gmail.com,France,68.0,Sports & Outdoors,43.93,4,0.2,Credit Card,5.0
4459,2023-07-04,customer4458@hotmail.com,Brazil,62.0,Toys,61.86,3,0.1,Gift Card,5.0
4460,2024-12-24,customer4459@outlook.com,Japan,45.0,Grocery,66.26,5,0.2,Credit Card,5.0
4461,2023-11-10,customer4460@protonmail.com,Japan,70.0,Books,29.93,3,0.15,PayPal,3.0
4462,2024-07-23,customer4461@hotmail.com,Australia,66.0,Grocery,42.46,1,0.25,Gift Card,5.0
4463,2023-08-06,customer4462@gmail.com,Japan,28.0,Home & Kitchen,23.79,4,0.0,Credit Card,3.0
4464,2023-04-12,customer4463@outlook.com,France,18.0,Office Supplies,71.11,1,0.1,Credit Card,
4465,2024-01-10,customer4464@hotmail.com,Mexico,31.0,Home & Kitchen,31.33,4,0.0,PayPal,4.0
4466,2024-02-07,customer4465@outlook.com,Japan,42.0,Electronics,148.78,2,0.1,Credit Card,5.0
4467,2023-12-16,customer4466@gmail.com,United Kingdom,56.0,Sports & Outdoors,48.96,5,0.0,Credit Card,
4468,2023-10-23,customer4467@gmail.com,Japan,27.0,Electronics,101.39,2,0.15,Credit Card,5.0
4469,2024-04-19,customer4468@yahoo.com,Germany,34.0,Electronics,97.61,3,0.0,Credit Card,5.0
4470,2024-04-07,customer4469@yahoo.com,Brazil,40.0,Beauty,42.2,3,0.05,Credit Card,5.0
4471,2023-04-21,customer4470@outlook.com,Germany,47.0,Clothing,49.8,1,0.05,Credit Card,5.0
4472,2024-05-03,customer4471@yahoo.com,France,42.0,Grocery,49.5,2,0.0,Credit Card,3.0
4473,2023-08-31,customer4472@yahoo.com,Australia,42.0,Electronics,77.0,5,0.0,Bank Transfer,2.0
4474,2024-08-12,customer4473@outlook.com,Mexico,56.0,Clothing,237.63,2,0.2,Credit Card,3.0
4475,2023-12-30,customer4474@gmail.com,Australia,56.0,Clothing,74.85,4,0.05,Credit Card,5.0
4476,2023-06-25,customer4475@hotmail.com,Australia,63.0,Books,47.45,3,0.0,PayPal,5.0
4477,2023-05-12,customer4476@gmail.com,Mexico,72.0,Clothing,78.67,2,0.0,PayPal,4.0
4478,2024-12-05,customer4477@protonmail.com,Brazil,71.0,Clothing,31.44,4,0.25,Debit Card,5.0
4479,2024-06-08,customer4478@hotmail.com,United States,66.0,Clothing,39.53,1,0.0,Credit Card,5.0
4480,2023-06-06,customer4479@gmail.com,France,35.0,Electronics,150.14,5,0.2,Credit Card,5.0
4481,2024-01-02,customer4480@hotmail.com,Brazil,56.0,Sports & Outdoors,56.41,4,0.0,Bank Transfer,2.0
4482,2023-04-01,customer4481@outlook.com,Germany,,Books,38.42,4,0.0,Gift Card,
4483,2024-08-31,customer4482@outlook.com,United Kingdom,56.0,Clothing,28.0,1,0.2,Credit Card,4.0
4484,2024-08-28,customer4483@yahoo.com,Australia,65.0,Home & Kitchen,63.45,2,0.0,Debit Card,2.0
4485,2024-08-09,customer4484@yahoo.com,Canada,62.0,Automotive,29.34,2,0.2,PayPal,2.0
4486,2023-12-05,customer4485@protonmail.com,Australia,40.0,Home & Kitchen,124.38,2,0.15,PayPal,4.0
4487,2023-05-02,customer4486@gmail.com,Japan,30.0,Automotive,97.39,1,0.25,Credit Card,4.0
4488,2023-12-24,customer4487@hotmail.com,Germany,49.0,Home & Kitchen,45.99,1,0.1,Bank Transfer,3.0
4489,2024-01-08,customer4488@outlook.com,Japan,51.0,Office Supplies,169.09,3,0.25,PayPal,4.0
4490,2023-08-21,customer4489@protonmail.com,Brazil,57.0,Clothing,49.53,3,0.15,Debit Card,4.0
4491,2023-10-03,customer4490@outlook.com,United Kingdom,21.0,Toys,56.36,2,0.0,Debit Card,1.0
4492,2023-02-03,customer4491@outlook.com,France,22.0,Home & Kitchen,40.1,3,0.0,Debit Card,5.0
4493,2024-01-18,customer4492@protonmail.com,Australia,59.0,Office Supplies,92.66,5,0.0,PayPal,5.0
4494,2023-05-22,customer4493@hotmail.com,Japan,53.0,Home & Kitchen,31.43,5,0.25,Debit Card,4.0
4495,2024-09-05,customer4494@outlook.com,Japan,59.0,Beauty,47.39,5,0.05,PayPal,
4496,2024-07-09,customer4495@protonmail.com,United Kingdom,48.0,Electronics,42.99,2,0.1,Gift Card,5.0
4497,2024-03-16,customer4496@protonmail.com,Canada,64.0,Toys,74.59,1,0.2,PayPal,3.0
4498,2023-06-13,customer4497@gmail.com,France,35.0,Beauty,25.78,2,0.1,Credit Card,5.0
4499,2024-05-02,customer4498@yahoo.com,Germany,48.0,Books,59.58,2,0.25,Debit Card,
4500,2024-12-25,customer4499@protonmail.com,Germany,74.0,Sports & Outdoors,124.17,1,0.25,Credit Card,4.0
4501,2024-04-05,customer4500@protonmail.com,Brazil,73.0,Beauty,28.81,2,0.0,Credit Card,5.0
4502,2024-07-27,customer4501@outlook.com,France,22.0,Books,95.71,3,0.2,Debit Card,5.0
4503,2024-10-19,customer4502@yahoo.com,Mexico,25.0,Home & Kitchen,107.15,2,0.0,Debit Card,4.0
4504,2024-09-11,customer4503@protonmail.com,Japan,72.0,Clothing,57.83,5,0.15,Credit Card,
4505,2023-04-29,customer4504@gmail.com,Canada,50.0,Beauty,13.53,5,0.1,Debit Card,5.0
4506,2024-09-29,customer4505@gmail.com,Canada,54.0,Home & Kitchen,93.47,2,0.2,Credit Card,5.0
4507,2024-07-12,customer4506@hotmail.com,Japan,18.0,Sports & Outdoors,121.85,3,0.0,Gift Card,1.0
4508,2024-06-08,customer4507@gmail.com,United Kingdom,21.0,Electronics,161.5,3,0.25,PayPal,2.0
4509,2023-06-16,customer4508@gmail.com,Mexico,57.0,Office Supplies,67.74,2,0.1,Credit Card,
4510,2023-12-07,customer4509@gmail.com,Germany,28.0,Sports & Outdoors,19.09,1,0.2,Gift Card,1.0
4511,2024-10-21,customer4510@protonmail.com,United States,62.0,Books,92.55,2,0.2,Credit Card,5.0
4512,2024-10-31,customer4511@gmail.com,United Kingdom,62.0,Grocery,21.46,3,0.2,Credit Card,2.0
4513,2023-03-26,customer4512@protonmail.com,India,72.0,Grocery,84.66,2,0.0,Credit Card,5.0
4514,2023-11-08,customer4513@gmail.com,Canada,29.0,Electronics,101.79,2,0.0,Credit Card,4.0
4515,2024-03-18,customer4514@protonmail.com,France,39.0,Clothing,126.31,3,0.0,PayPal,2.0
4516,2023-03-11,customer4515@yahoo.com,India,20.0,Books,47.97,1,0.2,Gift Card,4.0
4517,2023-06-29,customer4516@outlook.com,India,48.0,Clothing,34.49,4,0.1,PayPal,5.0
4518,2024-03-11,customer4517@gmail.com,Canada,49.0,Clothing,68.41,4,0.25,Credit Card,
4519,2024-04-23,customer4518@yahoo.com,Brazil,23.0,Clothing,25.75,5,0.0,Credit Card,5.0
4520,2023-03-19,customer4519@gmail.com,Japan,74.0,Electronics,51.31,1,0.1,Credit Card,3.0
4521,2023-11-06,customer4520@yahoo.com,Canada,51.0,Electronics,42.42,4,0.0,Credit Card,5.0
4522,2024-04-23,customer4521@outlook.com,France,,Home & Kitchen,112.93,1,0.15,Gift Card,1.0
4523,2024-12-24,customer4522@outlook.com,Canada,63.0,Electronics,142.92,4,0.25,Credit Card,
4524,2024-12-29,customer4523@hotmail.com,Canada,43.0,Books,88.72,2,0.1,Credit Card,4.0
4525,2023-08-15,customer4524@protonmail.com,India,59.0,Electronics,104.96,5,0.2,PayPal,5.0
4526,2024-05-07,customer4525@gmail.com,United Kingdom,62.0,Electronics,68.7,1,0.1,Debit Card,5.0
4527,2024-02-08,customer4526@yahoo.com,Germany,64.0,Grocery,65.44,5,0.05,Bank Transfer,
4528,2023-06-03,customer4527@outlook.com,Canada,52.0,Toys,21.97,4,0.0,Bank Transfer,2.0
4529,2024-01-06,customer4528@outlook.com,Germany,34.0,Automotive,79.65,1,0.0,Debit Card,4.0
4530,2023-04-11,customer4529@outlook.com,United States,33.0,Office Supplies,100.93,2,0.15,Gift Card,4.0
4531,2023-03-29,customer4530@yahoo.com,Brazil,74.0,Toys,55.06,3,0.05,Bank Transfer,5.0
4532,2023-09-18,customer4531@yahoo.com,Germany,49.0,Grocery,56.6,4,0.05,Gift Card,3.0
4533,2023-07-10,customer4532@hotmail.com,Mexico,49.0,Electronics,14.42,4,0.1,Gift Card,4.0
4534,2023-04-17,customer4533@gmail.com,Brazil,44.0,Beauty,57.51,3,0.1,Debit Card,4.0
4535,2023-02-07,customer4534@gmail.com,India,,Toys,113.47,4,0.2,Credit Card,5.0
4536,2024-02-20,customer4535@hotmail.com,Germany,,Sports & Outdoors,77.25,2,0.25,Gift Card,3.0
4537,2023-01-05,customer4536@outlook.com,Mexico,52.0,Electronics,61.59,2,0.0,Credit Card,4.0
4538,2024-07-25,customer4537@hotmail.com,Australia,24.0,Office Supplies,30.39,1,0.0,Gift Card,4.0
4539,2023-02-23,customer4538@hotmail.com,Canada,49.0,Clothing,47.16,4,0.2,Debit Card,4.0
4540,2024-04-25,customer4539@yahoo.com,Canada,52.0,Grocery,41.65,4,0.25,Debit Card,4.0
4541,2023-04-19,customer4540@outlook.com,Mexico,71.0,Office Supplies,32.92,5,0.1,PayPal,4.0
4542,2024-03-26,customer4541@outlook.com,India,26.0,Automotive,77.04,3,0.1,Credit Card,5.0
4543,2023-04-15,customer4542@gmail.com,Japan,68.0,Clothing,48.33,4,0.15,Credit Card,4.0
4544,2023-11-14,customer4543@gmail.com,Germany,61.0,Clothing,107.13,4,0.25,PayPal,5.0
4545,2024-04-26,customer4544@protonmail.com,Japan,61.0,Sports & Outdoors,61.98,5,0.0,Credit Card,4.0
4546,2023-05-07,customer4545@hotmail.com,Canada,45.0,Toys,172.96,3,0.0,PayPal,5.0
4547,2023-04-07,customer4546@protonmail.com,India,65.0,Clothing,47.76,4,0.2,Gift Card,5.0
4548,2024-04-10,customer4547@hotmail.com,Germany,22.0,Sports & Outdoors,122.64,5,0.0,Credit Card,5.0
4549,2024-04-12,customer4548@protonmail.com,Germany,45.0,Automotive,137.3,3,0.0,PayPal,3.0
4550,2023-11-03,customer4549@outlook.com,Mexico,72.0,Clothing,45.13,3,0.1,Credit Card,4.0
4551,2023-03-31,customer4550@gmail.com,India,51.0,Electronics,59.0,4,0.0,PayPal,3.0
4552,2023-08-11,customer4551@hotmail.com,Japan,65.0,Sports & Outdoors,50.73,5,0.1,Debit Card,2.0
4553,2023-06-08,customer4552@gmail.com,United States,50.0,Toys,43.65,3,0.05,Credit Card,5.0
4554,2024-04-26,customer4553@protonmail.com,Canada,54.0,Automotive,91.06,3,0.15,Gift Card,5.0
4555,2023-08-08,customer4554@hotmail.com,Australia,58.0,Beauty,97.15,2,0.0,Debit Card,5.0
4556,2023-10-04,customer4555@outlook.com,Canada,60.0,Clothing,41.17,5,0.1,PayPal,4.0
4557,2023-07-10,customer4556@hotmail.com,United Kingdom,42.0,Sports & Outdoors,40.68,1,0.15,Debit Card,5.0
4558,2023-05-03,customer4557@outlook.com,Brazil,55.0,Grocery,63.14,5,0.1,Gift Card,5.0
4559,2024-08-15,customer4558@hotmail.com,Germany,37.0,Clothing,61.95,2,0.0,PayPal,5.0
4560,2023-12-19,customer4559@outlook.com,India,,Electronics,21.91,2,0.25,PayPal,5.0
4561,2024-02-21,customer4560@yahoo.com,Brazil,23.0,Sports & Outdoors,92.29,2,0.0,Credit Card,4.0
4562,2023-07-31,customer4561@gmail.com,United States,53.0,Electronics,19.71,4,0.0,PayPal,3.0
4563,2023-03-05,customer4562@gmail.com,United States,51.0,Office Supplies,38.18,2,0.1,Debit Card,3.0
4564,2024-06-19,customer4563@protonmail.com,United Kingdom,31.0,Electronics,70.21,1,0.0,PayPal,2.0
4565,2024-06-11,customer4564@yahoo.com,United States,43.0,Clothing,91.55,3,0.15,Gift Card,
4566,2023-02-04,customer4565@outlook.com,United States,72.0,Office Supplies,36.69,5,0.2,PayPal,2.0
4567,2024-10-08,customer4566@gmail.com,France,64.0,Electronics,57.91,5,0.1,Debit Card,5.0
4568,2024-09-14,customer4567@yahoo.com,Canada,41.0,Electronics,48.36,2,0.0,Gift Card,5.0
4569,2024-09-11,customer4568@outlook.com,Mexico,49.0,Electronics,7.94,4,0.1,PayPal,5.0
4570,2023-12-03,customer4569@protonmail.com,Canada,58.0,Office Supplies,49.75,3,0.1,PayPal,2.0
4571,2024-05-21,customer4570@protonmail.com,Mexico,58.0,Office Supplies,32.02,2,0.2,Gift Card,3.0
4572,2023-01-12,customer4571@outlook.com,France,26.0,Clothing,62.26,1,0.1,Credit Card,5.0
4573,2024-03-12,customer4572@yahoo.com,Australia,33.0,Beauty,28.87,1,0.0,Debit Card,5.0
4574,2023-04-08,customer4573@gmail.com,United States,44.0,Beauty,47.47,5,0.0,Credit Card,5.0
4575,2024-10-25,customer4574@protonmail.com,Brazil,69.0,Electronics,57.85,5,0.0,PayPal,5.0
4576,2024-11-21,customer4575@hotmail.com,Brazil,23.0,Home & Kitchen,65.29,5,0.0,Debit Card,3.0
4577,2023-04-20,customer4576@yahoo.com,Australia,59.0,Automotive,54.3,5,0.2,PayPal,5.0
4578,2024-01-28,customer4577@protonmail.com,France,41.0,Electronics,119.7,3,0.0,Credit Card,3.0
4579,2024-03-08,customer4578@hotmail.com,Australia,40.0,Books,72.92,1,0.15,Debit Card,
4580,2024-07-15,customer4579@protonmail.com,France,49.0,Home & Kitchen,87.44,1,0.0,Credit Card,4.0
4581,2023-12-23,customer4580@yahoo.com,India,29.0,Toys,58.75,4,0.1,Credit Card,5.0
4582,2024-10-06,customer4581@yahoo.com,Mexico,54.0,Home & Kitchen,3.61,4,0.0,Debit Card,4.0
4583,2023-09-10,customer4582@outlook.com,France,46.0,Home & Kitchen,27.06,5,0.0,PayPal,3.0
4584,2023-08-22,customer4583@protonmail.com,Germany,40.0,Electronics,24.29,2,0.0,Debit Card,5.0
4585,2024-06-16,customer4584@protonmail.com,Brazil,26.0,Office Supplies,53.72,2,0.05,PayPal,4.0
4586,2024-02-04,customer4585@outlook.com,United States,27.0,Electronics,134.35,5,0.2,Credit Card,5.0
4587,2023-03-01,customer4586@hotmail.com,Australia,29.0,Clothing,70.93,5,0.0,Debit Card,5.0
4588,2024-04-19,customer4587@outlook.com,France,55.0,Clothing,103.83,2,0.25,Credit Card,2.0
4589,2023-07-23,customer4588@yahoo.com,Australia,40.0,Clothing,34.5,5,0.25,Credit Card,4.0
4590,2024-09-06,customer4589@outlook.com,France,18.0,Grocery,65.29,3,0.0,Gift Card,3.0
4591,2024-09-02,customer4590@protonmail.com,Brazil,67.0,Clothing,120.4,5,0.2,Bank Transfer,
4592,2023-11-03,customer4591@gmail.com,France,64.0,Sports & Outdoors,104.85,1,0.1,Credit Card,5.0
4593,2024-09-14,customer4592@yahoo.com,United Kingdom,57.0,Toys,43.03,3,0.1,Credit Card,4.0
4594,2024-11-25,customer4593@yahoo.com,France,56.0,Grocery,58.73,5,0.05,PayPal,5.0
4595,2024-06-16,customer4594@outlook.com,Brazil,55.0,Grocery,108.84,5,0.25,Bank Transfer,4.0
4596,2024-03-19,customer4595@outlook.com,Germany,62.0,Home & Kitchen,40.75,3,0.0,Debit Card,4.0
4597,2024-11-12,customer4596@protonmail.com,France,70.0,Beauty,56.4,1,0.0,PayPal,5.0
4598,2024-09-29,customer4597@gmail.com,Australia,73.0,Grocery,15.52,5,0.0,Credit Card,5.0
4599,2023-12-15,customer4598@hotmail.com,Australia,34.0,Automotive,99.03,1,0.25,Credit Card,4.0
4600,2023-03-02,customer4599@outlook.com,India,36.0,Office Supplies,95.58,2,0.15,Credit Card,5.0
4601,2024-03-14,customer4600@gmail.com,Mexico,27.0,Beauty,17.31,5,0.1,PayPal,4.0
4602,2023-12-05,customer4601@protonmail.com,Germany,48.0,Clothing,56.42,3,0.0,Debit Card,4.0
4603,2023-09-25,customer4602@gmail.com,Japan,41.0,Home & Kitchen,113.86,2,0.0,PayPal,2.0
4604,2023-05-11,customer4603@protonmail.com,Australia,,Grocery,29.93,1,0.25,Credit Card,4.0
4605,2024-06-07,customer4604@yahoo.com,Japan,53.0,Automotive,75.31,1,0.2,Credit Card,4.0
4606,2024-10-27,customer4605@gmail.com,India,,Electronics,47.75,4,0.2,Debit Card,5.0
4607,2024-03-12,customer4606@yahoo.com,India,18.0,Toys,112.79,4,0.25,Debit Card,4.0
4608,2023-06-21,customer4607@protonmail.com,Germany,54.0,Electronics,14.87,1,0.15,Debit Card,5.0
4609,2023-01-01,customer4608@protonmail.com,Mexico,26.0,Home & Kitchen,15.96,5,0.2,PayPal,3.0
4610,2024-06-04,customer4609@outlook.com,Canada,71.0,Clothing,40.35,3,0.2,Debit Card,4.0
4611,2023-04-26,customer4610@yahoo.com,Brazil,20.0,Clothing,64.03,4,0.05,Gift Card,4.0
4612,2023-02-15,customer4611@gmail.com,France,45.0,Beauty,64.7,4,0.0,PayPal,5.0
4613,2023-05-24,customer4612@outlook.com,France,40.0,Electronics,18.97,1,0.0,Credit Card,4.0
4614,2023-05-27,customer4613@hotmail.com,Australia,67.0,Sports & Outdoors,81.02,1,0.15,Gift Card,4.0
4615,2023-09-05,customer4614@gmail.com,Japan,18.0,Toys,90.92,4,0.0,Debit Card,3.0
4616,2023-08-22,customer4615@gmail.com,India,53.0,Grocery,64.92,4,0.0,Debit Card,
4617,2023-05-25,customer4616@hotmail.com,United Kingdom,64.0,Electronics,114.26,5,0.25,PayPal,5.0
4618,2024-07-24,customer4617@hotmail.com,India,62.0,Clothing,84.54,5,0.1,Bank Transfer,5.0
4619,2024-08-26,customer4618@outlook.com,India,,Beauty,47.24,3,0.05,Credit Card,4.0
4620,2023-07-03,customer4619@hotmail.com,Brazil,36.0,Beauty,134.64,3,0.0,Credit Card,5.0
4621,2023-09-26,customer4620@outlook.com,Brazil,30.0,Clothing,147.13,3,0.0,PayPal,4.0
4622,2024-08-19,customer4621@hotmail.com,Germany,36.0,Books,76.12,4,0.0,Debit Card,3.0
4623,2024-11-26,customer4622@gmail.com,United Kingdom,42.0,Office Supplies,35.07,5,0.25,Gift Card,3.0
4624,2024-07-29,customer4623@protonmail.com,United Kingdom,71.0,Clothing,111.86,1,0.15,Credit Card,5.0
4625,2024-02-08,customer4624@hotmail.com,Germany,68.0,Electronics,25.87,3,0.2,Bank Transfer,5.0
4626,2024-12-25,customer4625@protonmail.com,France,65.0,Office Supplies,36.75,3,0.0,Credit Card,5.0
4627,2024-06-14,customer4626@gmail.com,United Kingdom,41.0,Grocery,103.59,2,0.0,Gift Card,3.0
4628,2024-05-09,customer4627@outlook.com,Germany,46.0,Home & Kitchen,33.57,5,0.0,PayPal,4.0
4629,2023-01-22,customer4628@yahoo.com,United Kingdom,46.0,Grocery,127.85,3,0.25,Bank Transfer,2.0
4630,2024-04-10,customer4629@outlook.com,Mexico,44.0,Home & Kitchen,34.89,1,0.25,Credit Card,5.0
4631,2023-07-30,customer4630@outlook.com,Australia,29.0,Grocery,52.39,4,0.25,Credit Card,3.0
4632,2024-03-15,customer4631@outlook.com,United States,32.0,Sports & Outdoors,49.24,5,0.0,Credit Card,5.0
4633,2024-02-23,customer4632@protonmail.com,France,51.0,Books,90.59,1,0.05,PayPal,4.0
4634,2023-03-22,customer4633@hotmail.com,Australia,29.0,Automotive,89.6,3,0.0,Credit Card,4.0
4635,2023-12-03,customer4634@protonmail.com,France,22.0,Grocery,48.32,2,0.1,Debit Card,5.0
4636,2024-01-10,customer4635@outlook.com,Germany,30.0,Electronics,83.62,1,0.0,Credit Card,5.0
4637,2023-02-04,customer4636@hotmail.com,Australia,69.0,Beauty,70.07,3,0.05,PayPal,5.0
4638,2024-09-13,customer4637@yahoo.com,Brazil,71.0,Grocery,94.28,2,0.1,PayPal,4.0
4639,2024-11-15,customer4638@outlook.com,Brazil,21.0,Toys,86.86,5,0.0,Credit Card,4.0
4640,2023-01-16,customer4639@outlook.com,Australia,33.0,Home & Kitchen,34.54,3,0.2,PayPal,3.0
4641,2023-03-29,customer4640@hotmail.com,Brazil,63.0,Home & Kitchen,128.28,4,0.0,Credit Card,5.0
4642,2023-04-03,customer4641@outlook.com,United States,43.0,Office Supplies,17.24,5,0.2,Bank Transfer,4.0
4643,2023-11-19,customer4642@yahoo.com,United States,30.0,Clothing,52.15,3,0.0,Gift Card,5.0
4644,2024-03-14,customer4643@protonmail.com,Japan,56.0,Books,83.81,4,0.15,Credit Card,5.0
4645,2023-06-26,customer4644@hotmail.com,France,,Toys,61.06,3,0.15,Credit Card,4.0
4646,2024-09-10,customer4645@gmail.com,France,54.0,Electronics,57.33,3,0.05,Debit Card,1.0
4647,2023-08-15,customer4646@yahoo.com,India,39.0,Electronics,51.45,2,0.0,PayPal,4.0
4648,2023-08-13,customer4647@outlook.com,Japan,61.0,Home & Kitchen,47.44,5,0.25,Gift Card,4.0
4649,2024-03-05,customer4648@protonmail.com,Australia,31.0,Electronics,120.15,2,0.25,Debit Card,3.0
4650,2024-09-28,customer4649@protonmail.com,United States,39.0,Automotive,57.93,2,0.2,Debit Card,4.0
4651,2023-07-01,customer4650@yahoo.com,Mexico,69.0,Electronics,57.93,2,0.25,Credit Card,4.0
4652,2023-09-04,customer4651@outlook.com,Australia,36.0,Home & Kitchen,39.65,2,0.25,Credit Card,3.0
4653,2023-09-05,customer4652@gmail.com,Germany,24.0,Toys,88.21,2,0.2,Bank Transfer,
4654,2023-12-06,customer4653@gmail.com,Australia,46.0,Automotive,24.82,4,0.0,Gift Card,2.0
4655,2023-11-10,customer4654@yahoo.com,Mexico,56.0,Electronics,162.22,4,0.2,Debit Card,
4656,2024-11-26,customer4655@protonmail.com,Canada,,Home & Kitchen,34.71,3,0.1,Credit Card,5.0
4657,2023-04-17,customer4656@outlook.com,Canada,32.0,Beauty,57.34,2,0.0,Debit Card,3.0
4658,2023-11-01,customer4657@yahoo.com,Japan,74.0,Books,77.95,2,0.0,Debit Card,4.0
4659,2023-07-05,customer4658@yahoo.com,India,60.0,Toys,107.02,4,0.0,PayPal,5.0
4660,2024-03-13,customer4659@hotmail.com,Mexico,51.0,Electronics,50.3,4,0.1,Debit Card,4.0
4661,2024-07-24,customer4660@outlook.com,India,60.0,Grocery,44.31,3,0.25,PayPal,5.0
4662,2024-11-13,customer4661@outlook.com,United States,61.0,Toys,67.03,2,0.25,Credit Card,
4663,2023-11-16,customer4662@yahoo.com,Australia,50.0,Grocery,40.68,3,0.25,Debit Card,5.0
4664,2023-07-12,customer4663@protonmail.com,United Kingdom,70.0,Office Supplies,54.07,3,0.15,PayPal,1.0
4665,2024-12-04,customer4664@gmail.com,Canada,34.0,Beauty,136.8,1,0.0,Debit Card,4.0
4666,2023-03-09,customer4665@hotmail.com,Germany,18.0,Electronics,34.49,5,0.2,PayPal,4.0
4667,2023-04-06,customer4666@protonmail.com,Mexico,51.0,Beauty,12.49,4,0.05,Gift Card,2.0
4668,2024-11-30,customer4667@protonmail.com,Australia,32.0,Toys,38.37,2,0.0,Credit Card,5.0
4669,2024-10-09,customer4668@outlook.com,United Kingdom,64.0,Electronics,24.59,5,0.1,Credit Card,5.0
4670,2024-02-13,customer4669@hotmail.com,Brazil,18.0,Home & Kitchen,86.2,4,0.05,Credit Card,5.0
4671,2023-08-28,customer4670@protonmail.com,Mexico,62.0,Electronics,44.23,3,0.15,PayPal,4.0
4672,2024-12-06,customer4671@gmail.com,Japan,69.0,Automotive,113.61,5,0.25,Credit Card,2.0
4673,2024-11-30,customer4672@protonmail.com,France,70.0,Grocery,53.31,2,0.0,Debit Card,4.0
4674,2024-09-24,customer4673@gmail.com,France,40.0,Beauty,24.94,2,0.0,Credit Card,5.0
4675,2024-07-17,customer4674@gmail.com,Germany,64.0,Beauty,105.65,5,0.25,Gift Card,4.0
4676,2024-03-10,customer4675@gmail.com,Mexico,51.0,Sports & Outdoors,35.59,1,0.0,Debit Card,
4677,2023-09-29,customer4676@gmail.com,United Kingdom,19.0,Grocery,12.39,5,0.2,Credit Card,5.0
4678,2023-12-11,customer4677@hotmail.com,Germany,45.0,Home & Kitchen,75.91,5,0.05,Debit Card,3.0
4679,2024-02-01,customer4678@gmail.com,United States,58.0,Home & Kitchen,39.43,2,0.25,Credit Card,5.0
4680,2023-12-17,customer4679@hotmail.com,Brazil,60.0,Toys,79.37,3,0.2,Gift Card,4.0
4681,2024-09-20,customer4680@gmail.com,France,39.0,Grocery,96.89,5,0.0,Gift Card,4.0
4682,2023-05-02,customer4681@yahoo.com,India,38.0,Grocery,70.79,2,0.1,PayPal,3.0
4683,2023-03-02,customer4682@yahoo.com,Canada,54.0,Office Supplies,40.71,2,0.0,Credit Card,2.0
4684,2023-11-28,customer4683@protonmail.com,Canada,18.0,Beauty,107.74,1,0.0,Gift Card,5.0
4685,2023-06-01,customer4684@gmail.com,France,66.0,Home & Kitchen,33.35,2,0.1,Credit Card,5.0
4686,2024-08-22,customer4685@yahoo.com,United States,38.0,Home & Kitchen,79.45,1,0.15,PayPal,5.0
4687,2024-09-11,customer4686@gmail.com,Japan,51.0,Clothing,88.75,2,0.2,Debit Card,3.0
4688,2024-12-22,customer4687@yahoo.com,Mexico,44.0,Sports & Outdoors,63.14,3,0.15,Debit Card,5.0
4689,2023-10-09,customer4688@outlook.com,Mexico,40.0,Books,95.64,4,0.1,Credit Card,
4690,2024-12-02,customer4689@hotmail.com,Germany,41.0,Electronics,71.14,5,0.1,Credit Card,4.0
4691,2023-03-15,customer4690@outlook.com,United Kingdom,62.0,Books,76.91,2,0.1,PayPal,
4692,2024-12-03,customer4691@hotmail.com,Japan,33.0,Grocery,95.83,3,0.0,PayPal,5.0
4693,2023-06-29,customer4692@yahoo.com,Canada,72.0,Home & Kitchen,68.96,1,0.15,Gift Card,5.0
4694,2023-01-14,customer4693@gmail.com,United States,23.0,Sports & Outdoors,102.17,2,0.0,PayPal,5.0
4695,2024-08-25,customer4694@hotmail.com,France,41.0,Home & Kitchen,124.9,2,0.1,Credit Card,5.0
4696,2024-01-12,customer4695@protonmail.com,Brazil,19.0,Toys,81.02,5,0.05,Credit Card,3.0
4697,2023-10-29,customer4696@hotmail.com,India,40.0,Beauty,97.07,5,0.2,PayPal,5.0
4698,2023-05-27,customer4697@gmail.com,Germany,69.0,Home & Kitchen,63.31,2,0.0,Credit Card,4.0
4699,2023-10-31,customer4698@protonmail.com,United States,49.0,Beauty,126.14,1,0.0,Credit Card,4.0
4700,2024-03-25,customer4699@gmail.com,Australia,21.0,Sports & Outdoors,74.3,1,0.0,Debit Card,4.0
4701,2023-04-15,customer4700@outlook.com,Brazil,56.0,Clothing,92.37,3,0.0,PayPal,
4702,2024-11-21,customer4701@hotmail.com,United States,40.0,Automotive,25.43,5,0.2,Debit Card,5.0
4703,2024-06-12,customer4702@protonmail.com,France,24.0,Grocery,87.99,3,0.2,Credit Card,4.0
4704,2024-10-01,customer4703@outlook.com,Canada,22.0,Books,66.42,2,0.25,Gift Card,5.0
4705,2023-02-02,customer4704@protonmail.com,France,43.0,Electronics,86.14,5,0.15,Bank Transfer,4.0
4706,2024-09-24,customer4705@outlook.com,India,24.0,Clothing,91.11,3,0.0,PayPal,4.0
4707,2024-09-24,customer4706@gmail.com,Australia,55.0,Clothing,96.19,2,0.0,Credit Card,3.0
4708,2023-09-24,customer4707@gmail.com,Australia,54.0,Home & Kitchen,88.61,5,0.1,PayPal,2.0
4709,2024-02-20,customer4708@protonmail.com,Canada,68.0,Sports & Outdoors,55.19,5,0.1,Debit Card,4.0
4710,2024-01-01,customer4709@gmail.com,Brazil,70.0,Automotive,151.56,2,0.05,Credit Card,5.0
4711,2024-08-26,customer4710@protonmail.com,India,71.0,Electronics,113.7,5,0.1,PayPal,5.0
4712,2023-07-25,customer4711@outlook.com,Canada,37.0,Beauty,58.56,3,0.05,Bank Transfer,5.0
4713,2024-11-02,customer4712@protonmail.com,Brazil,32.0,Sports & Outdoors,56.8,2,0.0,Debit Card,4.0
4714,2024-02-09,customer4713@protonmail.com,Germany,60.0,Sports & Outdoors,5.71,5,0.1,Credit Card,5.0
4715,2023-01-01,customer4714@gmail.com,Mexico,42.0,Grocery,30.79,1,0.05,Credit Card,5.0
4716,2023-08-10,customer4715@hotmail.com,India,62.0,Clothing,38.65,2,0.05,Debit Card,2.0
4717,2023-04-15,customer4716@gmail.com,Brazil,65.0,Toys,57.75,2,0.2,PayPal,4.0
4718,2024-08-13,customer4717@yahoo.com,Australia,54.0,Home & Kitchen,123.65,5,0.05,Credit Card,4.0
4719,2023-10-26,customer4718@protonmail.com,Germany,44.0,Home & Kitchen,53.95,5,0.25,Credit Card,5.0
4720,2023-12-06,customer4719@protonmail.com,Japan,67.0,Books,30.45,1,0.0,Gift Card,4.0
4721,2023-09-13,customer4720@gmail.com,Japan,46.0,Electronics,85.27,1,0.15,Gift Card,5.0
4722,2024-05-26,customer4721@protonmail.com,United Kingdom,28.0,Home & Kitchen,88.85,5,0.15,Gift Card,2.0
4723,2024-12-26,customer4722@gmail.com,Australia,24.0,Electronics,54.28,3,0.0,Credit Card,4.0
4724,2024-09-29,customer4723@yahoo.com,Australia,22.0,Electronics,115.29,2,0.1,Gift Card,4.0
4725,2024-12-23,customer4724@outlook.com,Mexico,24.0,Clothing,119.6,1,0.15,Credit Card,3.0
4726,2023-08-07,customer4725@yahoo.com,Brazil,43.0,Electronics,18.23,3,0.0,Debit Card,5.0
4727,2024-04-29,customer4726@gmail.com,India,,Electronics,89.2,1,0.2,Debit Card,5.0
4728,2024-03-30,customer4727@gmail.com,Canada,48.0,Sports & Outdoors,11.59,3,0.05,Bank Transfer,
4729,2023-08-09,customer4728@gmail.com,Japan,38.0,Sports & Outdoors,58.13,1,0.15,Credit Card,3.0
4730,2024-09-09,customer4729@outlook.com,United Kingdom,39.0,Office Supplies,191.83,2,0.0,Bank Transfer,5.0
4731,2024-11-02,customer4730@hotmail.com,United Kingdom,47.0,Automotive,86.77,1,0.0,Bank Transfer,5.0
4732,2024-11-25,customer4731@yahoo.com,United States,70.0,Automotive,41.88,1,0.05,Gift Card,5.0
4733,2024-12-22,customer4732@protonmail.com,Australia,59.0,Beauty,91.87,4,0.0,Credit Card,4.0
4734,2023-04-30,customer4733@hotmail.com,Mexico,25.0,Home & Kitchen,39.71,4,0.0,Credit Card,5.0
4735,2023-04-18,customer4734@yahoo.com,Japan,33.0,Electronics,74.64,3,0.1,Credit Card,4.0
4736,2024-05-12,customer4735@yahoo.com,India,71.0,Office Supplies,34.82,5,0.1,Debit Card,2.0
4737,2024-06-13,customer4736@yahoo.com,Japan,67.0,Office Supplies,49.54,5,0.25,Credit Card,5.0
4738,2023-11-14,customer4737@hotmail.com,United States,42.0,Books,114.22,1,0.1,Debit Card,3.0
4739,2023-04-30,customer4738@protonmail.com,Brazil,32.0,Toys,149.29,2,0.1,Gift Card,4.0
4740,2023-07-28,customer4739@yahoo.com,India,65.0,Electronics,74.47,4,0.1,Gift Card,5.0
4741,2023-04-04,customer4740@yahoo.com,India,65.0,Electronics,97.68,3,0.25,Debit Card,5.0
4742,2023-04-26,customer4741@outlook.com,Australia,39.0,Toys,45.27,2,0.0,Debit Card,4.0
4743,2023-05-18,customer4742@yahoo.com,Australia,23.0,Home & Kitchen,31.85,3,0.15,Debit Card,4.0
4744,2024-03-03,customer4743@hotmail.com,Mexico,46.0,Books,69.99,3,0.15,Gift Card,5.0
4745,2024-01-10,customer4744@gmail.com,Mexico,53.0,Grocery,67.45,3,0.0,Credit Card,4.0
4746,2023-09-01,customer4745@protonmail.com,Australia,57.0,Grocery,197.3,3,0.2,Credit Card,4.0
4747,2024-02-01,customer4746@yahoo.com,Brazil,69.0,Grocery,57.01,1,0.05,Credit Card,
4748,2024-05-02,customer4747@yahoo.com,United Kingdom,45.0,Home & Kitchen,55.51,4,0.05,PayPal,4.0
4749,2023-03-13,customer4748@yahoo.com,Japan,69.0,Clothing,86.58,1,0.0,Credit Card,4.0
4750,2023-07-25,customer4749@hotmail.com,India,67.0,Sports & Outdoors,44.53,3,0.05,Bank Transfer,4.0
4751,2023-05-27,customer4750@gmail.com,Mexico,20.0,Toys,38.14,3,0.1,Bank Transfer,
4752,2023-01-01,customer4751@hotmail.com,Mexico,48.0,Office Supplies,79.34,1,0.25,Gift Card,5.0
4753,2023-03-26,customer4752@hotmail.com,Canada,26.0,Home & Kitchen,22.95,2,0.0,Debit Card,4.0
4754,2024-07-14,customer4753@hotmail.com,Australia,19.0,Electronics,83.78,2,0.1,Gift Card,3.0
4755,2024-10-01,customer4754@outlook.com,Australia,20.0,Clothing,48.05,2,0.2,Credit Card,5.0
4756,2023-04-28,customer4755@hotmail.com,France,63.0,Books,95.0,2,0.1,Credit Card,5.0
4757,2024-07-14,customer4756@outlook.com,United States,67.0,Clothing,127.76,2,0.0,Debit Card,
4758,2023-07-04,customer4757@gmail.com,Brazil,46.0,Clothing,38.16,3,0.15,PayPal,5.0
4759,2023-04-13,customer4758@gmail.com,Brazil,74.0,Home & Kitchen,54.75,1,0.1,Credit Card,2.0
4760,2023-06-21,customer4759@yahoo.com,United States,56.0,Clothing,110.16,1,0.0,Debit Card,5.0
4761,2024-11-02,customer4760@hotmail.com,Germany,20.0,Sports & Outdoors,74.43,3,0.2,Bank Transfer,5.0
4762,2023-09-07,customer4761@hotmail.com,India,36.0,Electronics,151.0,2,0.0,Credit Card,4.0
4763,2024-06-24,customer4762@outlook.com,United Kingdom,55.0,Grocery,76.05,3,0.25,Credit Card,5.0
4764,2023-12-21,customer4763@hotmail.com,India,57.0,Sports & Outdoors,124.25,1,0.15,Gift Card,4.0
4765,2023-11-15,customer4764@protonmail.com,United States,58.0,Electronics,28.61,2,0.15,PayPal,2.0
4766,2024-08-16,customer4765@hotmail.com,United Kingdom,59.0,Electronics,37.29,2,0.15,Credit Card,1.0
4767,2024-12-24,customer4766@outlook.com,India,53.0,Electronics,140.26,1,0.25,Debit Card,3.0
4768,2024-04-19,customer4767@gmail.com,United States,74.0,Electronics,36.78,3,0.05,Credit Card,5.0
4769,2024-09-12,customer4768@gmail.com,Australia,52.0,Sports & Outdoors,141.16,1,0.25,Credit Card,5.0
4770,2023-04-17,customer4769@gmail.com,United States,38.0,Office Supplies,40.6,5,0.0,Credit Card,2.0
4771,2024-10-19,customer4770@gmail.com,Canada,28.0,Electronics,24.61,1,0.25,Credit Card,4.0
4772,2023-05-15,customer4771@hotmail.com,Mexico,30.0,Home & Kitchen,56.66,1,0.25,PayPal,5.0
4773,2023-05-20,customer4772@hotmail.com,France,42.0,Grocery,28.65,3,0.0,Credit Card,4.0
4774,2024-09-10,customer4773@hotmail.com,Brazil,45.0,Books,90.31,1,0.15,Credit Card,5.0
4775,2023-12-19,customer4774@outlook.com,India,23.0,Clothing,11.67,4,0.05,Credit Card,3.0
4776,2023-07-02,customer4775@outlook.com,Germany,,Books,171.6,2,0.05,Credit Card,3.0
4777,2023-01-20,customer4776@yahoo.com,Japan,40.0,Electronics,67.31,1,0.1,Debit Card,4.0
4778,2023-06-09,customer4777@gmail.com,India,45.0,Home & Kitchen,93.11,4,0.0,PayPal,
4779,2024-08-24,customer4778@protonmail.com,France,57.0,Office Supplies,99.91,1,0.0,Bank Transfer,5.0
4780,2023-01-03,customer4779@hotmail.com,India,67.0,Sports & Outdoors,71.74,4,0.1,Credit Card,5.0
4781,2024-11-02,customer4780@protonmail.com,United States,50.0,Home & Kitchen,83.02,4,0.25,Credit Card,4.0
4782,2024-07-19,customer4781@hotmail.com,Mexico,72.0,Office Supplies,51.88,2,0.0,PayPal,4.0
4783,2023-05-30,customer4782@yahoo.com,Germany,58.0,Clothing,99.72,4,0.05,Credit Card,5.0
4784,2024-06-23,customer4783@outlook.com,Australia,73.0,Electronics,11.65,1,0.05,Debit Card,
4785,2024-01-14,customer4784@yahoo.com,United Kingdom,41.0,Office Supplies,154.51,5,0.15,PayPal,4.0
4786,2023-09-11,customer4785@gmail.com,India,25.0,Sports & Outdoors,50.75,5,0.25,Debit Card,4.0
4787,2024-01-04,customer4786@yahoo.com,United Kingdom,31.0,Beauty,106.8,1,0.1,Credit Card,5.0
4788,2023-01-06,customer4787@yahoo.com,United States,31.0,Electronics,117.26,3,0.15,Debit Card,3.0
4789,2024-10-04,customer4788@protonmail.com,Canada,37.0,Home & Kitchen,48.95,3,0.0,Debit Card,4.0
4790,2024-07-27,customer4789@gmail.com,Canada,34.0,Office Supplies,63.21,4,0.25,Credit Card,5.0
4791,2023-05-12,customer4790@gmail.com,Japan,46.0,Electronics,61.48,2,0.25,Credit Card,5.0
4792,2023-03-14,customer4791@hotmail.com,Japan,70.0,Automotive,57.27,2,0.05,Debit Card,3.0
4793,2023-11-06,customer4792@yahoo.com,Canada,24.0,Grocery,41.28,2,0.15,Credit Card,4.0
4794,2023-12-03,customer4793@gmail.com,Canada,62.0,Clothing,64.7,5,0.0,Credit Card,
4795,2024-07-17,customer4794@yahoo.com,United Kingdom,50.0,Automotive,55.69,3,0.1,Debit Card,3.0
4796,2024-09-05,customer4795@gmail.com,United States,24.0,Automotive,130.54,4,0.25,Debit Card,3.0
4797,2023-02-16,customer4796@outlook.com,Germany,63.0,Grocery,75.07,1,0.0,Credit Card,4.0
4798,2023-06-28,customer4797@protonmail.com,Canada,42.0,Clothing,43.78,1,0.2,Gift Card,4.0
4799,2024-03-04,customer4798@outlook.com,United Kingdom,55.0,Toys,135.03,5,0.25,Credit Card,5.0
4800,2023-10-05,customer4799@protonmail.com,France,70.0,Clothing,120.82,1,0.1,Gift Card,5.0
4801,2024-12-24,customer4800@protonmail.com,Germany,26.0,Electronics,56.79,4,0.2,Bank Transfer,5.0
4802,2024-04-27,customer4801@protonmail.com,France,29.0,Automotive,72.41,1,0.0,Credit Card,4.0
4803,2023-08-24,customer4802@hotmail.com,United Kingdom,28.0,Office Supplies,131.43,3,0.05,Credit Card,5.0
4804,2024-05-06,customer4803@outlook.com,Mexico,49.0,Electronics,104.25,5,0.15,Credit Card,5.0
4805,2023-11-11,customer4804@gmail.com,United States,73.0,Sports & Outdoors,21.26,3,0.05,Gift Card,4.0
4806,2023-12-04,customer4805@yahoo.com,France,57.0,Office Supplies,35.27,2,0.0,Bank Transfer,
4807,2024-06-05,customer4806@protonmail.com,Canada,51.0,Sports & Outdoors,46.55,1,0.2,Debit Card,4.0
4808,2023-11-13,customer4807@gmail.com,Australia,21.0,Electronics,49.95,2,0.25,Gift Card,5.0
4809,2024-05-23,customer4808@hotmail.com,France,37.0,Electronics,62.33,5,0.1,PayPal,4.0
4810,2023-11-03,customer4809@yahoo.com,India,42.0,Books,81.24,3,0.15,Debit Card,3.0
4811,2024-03-09,customer4810@protonmail.com,Brazil,45.0,Office Supplies,62.3,3,0.0,Gift Card,3.0
4812,2023-12-21,customer4811@gmail.com,India,70.0,Home & Kitchen,118.65,4,0.0,Debit Card,4.0
4813,2024-02-23,customer4812@outlook.com,France,38.0,Clothing,50.56,3,0.25,Debit Card,3.0
4814,2023-09-11,customer4813@protonmail.com,Germany,18.0,Grocery,118.68,3,0.0,PayPal,5.0
4815,2023-03-29,customer4814@outlook.com,Japan,42.0,Grocery,75.25,1,0.25,PayPal,1.0
4816,2023-07-07,customer4815@protonmail.com,Brazil,54.0,Office Supplies,72.58,3,0.0,Credit Card,3.0
4817,2023-09-17,customer4816@yahoo.com,Canada,39.0,Grocery,98.38,2,0.05,Debit Card,5.0
4818,2023-08-19,customer4817@outlook.com,India,67.0,Toys,89.92,2,0.2,Credit Card,5.0
4819,2023-11-04,customer4818@hotmail.com,France,63.0,Office Supplies,62.17,2,0.0,Credit Card,5.0
4820,2023-12-15,customer4819@yahoo.com,India,42.0,Sports & Outdoors,40.89,1,0.0,Credit Card,5.0
4821,2023-07-03,customer4820@protonmail.com,United States,69.0,Sports & Outdoors,132.27,3,0.15,Debit Card,4.0
4822,2023-10-06,customer4821@hotmail.com,Germany,32.0,Electronics,70.02,1,0.1,Credit Card,
4823,2023-07-26,customer4822@protonmail.com,Germany,70.0,Books,70.43,3,0.2,Credit Card,5.0
4824,2024-03-03,customer4823@hotmail.com,Brazil,59.0,Electronics,216.91,5,0.0,Credit Card,4.0
4825,2023-12-14,customer4824@protonmail.com,United Kingdom,27.0,Automotive,119.3,5,0.15,Gift Card,3.0
4826,2024-04-05,customer4825@outlook.com,Brazil,38.0,Electronics,59.02,5,0.1,PayPal,5.0
4827,2023-11-12,customer4826@outlook.com,India,55.0,Clothing,66.69,1,0.0,Credit Card,
4828,2024-12-28,customer4827@protonmail.com,United Kingdom,37.0,Office Supplies,38.19,5,0.15,PayPal,3.0
4829,2023-12-20,customer4828@outlook.com,Mexico,63.0,Grocery,30.15,5,0.25,Debit Card,5.0
4830,2024-03-25,customer4829@yahoo.com,Japan,32.0,Beauty,59.0,2,0.0,Debit Card,3.0
4831,2023-11-19,customer4830@protonmail.com,Australia,70.0,Beauty,86.47,2,0.2,PayPal,2.0
4832,2024-06-20,customer4831@yahoo.com,United States,72.0,Electronics,39.94,1,0.0,Debit Card,5.0
4833,2024-02-12,customer4832@gmail.com,Australia,23.0,Home & Kitchen,104.45,5,0.25,Credit Card,4.0
4834,2023-03-13,customer4833@gmail.com,United Kingdom,60.0,Grocery,34.06,3,0.0,PayPal,5.0
4835,2024-06-16,customer4834@hotmail.com,France,56.0,Automotive,59.53,2,0.15,Credit Card,2.0
4836,2024-07-09,customer4835@yahoo.com,United States,25.0,Clothing,99.19,1,0.25,Gift Card,4.0
4837,2023-10-21,customer4836@yahoo.com,Brazil,55.0,Home & Kitchen,178.26,3,0.1,Gift Card,5.0
4838,2024-01-07,customer4837@outlook.com,Canada,34.0,Home & Kitchen,142.64,5,0.05,Credit Card,2.0
4839,2023-01-08,customer4838@yahoo.com,Australia,64.0,Toys,125.54,2,0.05,PayPal,5.0
4840,2024-09-24,customer4839@protonmail.com,Canada,69.0,Home & Kitchen,71.55,4,0.0,Gift Card,
4841,2024-07-22,customer4840@protonmail.com,Germany,,Electronics,107.75,2,0.0,Gift Card,3.0
4842,2024-12-09,customer4841@gmail.com,Mexico,65.0,Clothing,56.5,5,0.1,Credit Card,
4843,2024-03-13,customer4842@gmail.com,Canada,73.0,Toys,95.49,4,0.2,Credit Card,3.0
4844,2023-06-18,customer4843@outlook.com,Canada,38.0,Sports & Outdoors,28.21,5,0.0,Debit Card,5.0
4845,2023-07-31,customer4844@protonmail.com,Mexico,73.0,Clothing,81.25,4,0.25,Debit Card,5.0
4846,2024-11-08,customer4845@yahoo.com,United States,,Clothing,28.11,3,0.2,Credit Card,4.0
4847,2023-02-01,customer4846@yahoo.com,Mexico,50.0,Home & Kitchen,121.04,1,0.15,Credit Card,5.0
4848,2024-05-05,customer4847@hotmail.com,Brazil,23.0,Sports & Outdoors,104.71,2,0.0,Debit Card,
4849,2023-02-19,customer4848@outlook.com,Germany,46.0,Home & Kitchen,150.34,2,0.15,Credit Card,5.0
4850,2024-06-23,customer4849@hotmail.com,Japan,26.0,Automotive,31.0,5,0.25,Debit Card,3.0
4851,2024-02-29,customer4850@protonmail.com,Australia,34.0,Home & Kitchen,215.71,3,0.0,Credit Card,1.0
4852,2023-12-11,customer4851@gmail.com,Japan,69.0,Grocery,66.42,3,0.15,Debit Card,4.0
4853,2024-05-26,customer4852@gmail.com,Canada,24.0,Clothing,120.08,5,0.05,Debit Card,4.0
4854,2023-09-16,customer4853@gmail.com,India,48.0,Sports & Outdoors,37.18,5,0.1,Credit Card,3.0
4855,2024-02-23,customer4854@outlook.com,France,73.0,Beauty,85.05,4,0.0,Credit Card,4.0
4856,2024-08-07,customer4855@hotmail.com,Japan,25.0,Electronics,61.89,2,0.0,Credit Card,5.0
4857,2023-12-01,customer4856@gmail.com,Brazil,28.0,Clothing,104.69,1,0.25,Credit Card,5.0
4858,2023-01-17,customer4857@hotmail.com,Japan,45.0,Electronics,18.56,3,0.0,Credit Card,4.0
4859,2024-12-26,customer4858@gmail.com,France,46.0,Books,35.01,5,0.2,Debit Card,4.0
4860,2024-01-30,customer4859@gmail.com,France,44.0,Automotive,127.4,3,0.0,Debit Card,5.0
4861,2023-11-10,customer4860@protonmail.com,Australia,30.0,Toys,34.47,5,0.25,Credit Card,4.0
4862,2023-02-23,customer4861@yahoo.com,Australia,74.0,Beauty,62.56,1,0.2,Bank Transfer,4.0
4863,2023-03-08,customer4862@outlook.com,India,24.0,Home & Kitchen,57.26,1,0.25,PayPal,4.0
4864,2023-07-05,customer4863@yahoo.com,Brazil,18.0,Books,79.89,3,0.25,Gift Card,5.0
4865,2024-11-04,customer4864@yahoo.com,Japan,31.0,Beauty,39.6,2,0.25,Debit Card,4.0
4866,2024-06-13,customer4865@outlook.com,Germany,60.0,Electronics,133.8,1,0.0,Debit Card,4.0
4867,2023-10-29,customer4866@yahoo.com,France,25.0,Electronics,80.87,5,0.25,PayPal,5.0
4868,2024-07-04,customer4867@gmail.com,United States,61.0,Home & Kitchen,141.97,2,0.25,Debit Card,5.0
4869,2023-10-14,customer4868@hotmail.com,United Kingdom,40.0,Home & Kitchen,104.13,2,0.1,PayPal,5.0
4870,2024-10-11,customer4869@outlook.com,France,62.0,Office Supplies,78.03,3,0.1,Debit Card,4.0
4871,2023-08-27,customer4870@outlook.com,Japan,30.0,Electronics,9.16,5,0.25,Credit Card,5.0
4872,2024-06-06,customer4871@gmail.com,Germany,62.0,Electronics,94.97,1,0.2,PayPal,5.0
4873,2023-11-15,customer4872@hotmail.com,United States,18.0,Electronics,94.39,2,0.2,Credit Card,
4874,2024-05-07,customer4873@hotmail.com,Canada,58.0,Home & Kitchen,140.45,4,0.25,Debit Card,5.0
4875,2023-05-17,customer4874@outlook.com,Canada,19.0,Clothing,74.19,4,0.2,Credit Card,4.0
4876,2024-11-20,customer4875@outlook.com,Brazil,42.0,Home & Kitchen,5.19,1,0.25,Debit Card,4.0
4877,2023-07-29,customer4876@yahoo.com,Mexico,58.0,Electronics,70.25,1,0.25,Debit Card,4.0
4878,2024-01-28,customer4877@hotmail.com,India,20.0,Electronics,98.15,4,0.1,Debit Card,5.0
4879,2024-05-16,customer4878@protonmail.com,France,70.0,Grocery,70.0,2,0.1,Credit Card,5.0
4880,2024-04-22,customer4879@hotmail.com,Canada,73.0,Books,51.26,1,0.1,Credit Card,
4881,2024-02-09,customer4880@gmail.com,Mexico,57.0,Beauty,108.59,5,0.0,Credit Card,4.0
4882,2024-09-25,customer4881@protonmail.com,France,31.0,Electronics,16.17,4,0.15,Debit Card,
4883,2024-12-08,customer4882@outlook.com,Brazil,58.0,Clothing,69.31,3,0.1,Credit Card,4.0
4884,2024-07-11,customer4883@protonmail.com,Germany,35.0,Office Supplies,53.61,3,0.0,Credit Card,5.0
4885,2023-05-15,customer4884@hotmail.com,Germany,55.0,Electronics,34.27,5,0.2,Credit Card,5.0
4886,2024-07-16,customer4885@hotmail.com,Australia,26.0,Clothing,79.19,4,0.05,PayPal,5.0
4887,2024-01-03,customer4886@yahoo.com,Brazil,53.0,Home & Kitchen,151.11,3,0.05,Credit Card,5.0
4888,2024-01-27,customer4887@hotmail.com,United States,36.0,Electronics,38.48,3,0.2,Credit Card,4.0
4889,2024-11-18,customer4888@yahoo.com,France,51.0,Toys,95.03,3,0.1,Debit Card,2.0
4890,2024-01-21,customer4889@yahoo.com,Mexico,36.0,Toys,87.02,2,0.0,Debit Card,4.0
4891,2024-09-13,customer4890@hotmail.com,Japan,33.0,Clothing,30.47,3,0.0,Credit Card,5.0
4892,2024-04-18,customer4891@protonmail.com,United States,38.0,Books,86.51,4,0.05,PayPal,2.0
4893,2023-03-05,customer4892@outlook.com,Japan,67.0,Clothing,55.34,4,0.15,Credit Card,3.0
4894,2024-05-26,customer4893@protonmail.com,India,41.0,Books,44.89,2,0.0,Debit Card,5.0
4895,2023-12-28,customer4894@outlook.com,India,,Grocery,44.26,5,0.05,Credit Card,4.0
4896,2024-02-03,customer4895@yahoo.com,Canada,56.0,Beauty,224.97,2,0.1,Debit Card,
4897,2023-08-09,customer4896@gmail.com,Canada,52.0,Home & Kitchen,21.03,4,0.1,Debit Card,4.0
4898,2023-05-16,customer4897@yahoo.com,Brazil,73.0,Home & Kitchen,124.22,3,0.0,Bank Transfer,5.0
4899,2024-06-27,customer4898@gmail.com,India,20.0,Beauty,59.71,5,0.1,Credit Card,5.0
4900,2023-07-01,customer4899@hotmail.com,United Kingdom,47.0,Home & Kitchen,36.46,4,0.25,Credit Card,5.0
4901,2023-03-10,customer4900@gmail.com,Canada,73.0,Automotive,52.78,4,0.15,Credit Card,4.0
4902,2023-12-26,customer4901@yahoo.com,Brazil,74.0,Grocery,129.61,4,0.2,Debit Card,
4903,2024-06-03,customer4902@protonmail.com,Brazil,43.0,Home & Kitchen,132.92,1,0.15,Credit Card,5.0
4904,2023-05-29,customer4903@protonmail.com,Mexico,21.0,Grocery,35.7,5,0.0,Gift Card,
4905,2023-09-22,customer4904@protonmail.com,Brazil,38.0,Home & Kitchen,85.08,4,0.05,Credit Card,4.0
4906,2023-11-06,customer4905@protonmail.com,Mexico,39.0,Electronics,81.85,1,0.0,Gift Card,5.0
4907,2024-11-05,customer4906@outlook.com,India,38.0,Office Supplies,58.14,2,0.1,Debit Card,5.0
4908,2023-04-18,customer4907@gmail.com,India,19.0,Beauty,90.13,1,0.0,Debit Card,
4909,2024-11-01,customer4908@yahoo.com,Brazil,70.0,Books,102.81,1,0.0,PayPal,5.0
4910,2023-04-17,customer4909@outlook.com,France,52.0,Grocery,34.41,3,0.0,Credit Card,
4911,2024-02-27,customer4910@gmail.com,Canada,39.0,Electronics,19.66,4,0.0,Debit Card,5.0
4912,2024-09-07,customer4911@protonmail.com,France,73.0,Beauty,30.4,4,0.05,Credit Card,5.0
4913,2024-10-22,customer4912@outlook.com,United Kingdom,66.0,Office Supplies,51.76,5,0.2,Credit Card,2.0
4914,2024-01-31,customer4913@outlook.com,Mexico,30.0,Grocery,58.43,1,0.0,PayPal,4.0
4915,2023-12-26,customer4914@gmail.com,Germany,28.0,Clothing,108.63,4,0.2,Credit Card,2.0
4916,2024-07-23,customer4915@gmail.com,India,58.0,Clothing,63.98,2,0.1,Debit Card,3.0
4917,2024-10-25,customer4916@hotmail.com,Germany,67.0,Automotive,51.82,1,0.15,Credit Card,
4918,2023-01-09,customer4917@hotmail.com,France,61.0,Home & Kitchen,19.0,5,0.0,Bank Transfer,
4919,2023-07-11,customer4918@hotmail.com,Japan,64.0,Office Supplies,127.18,1,0.05,Gift Card,1.0
4920,2023-07-28,customer4919@yahoo.com,Germany,23.0,Clothing,35.65,2,0.0,Credit Card,5.0
4921,2024-08-31,customer4920@outlook.com,Japan,27.0,Electronics,133.27,3,0.05,PayPal,4.0
4922,2023-01-13,customer4921@outlook.com,United States,42.0,Home & Kitchen,48.56,2,0.25,Credit Card,
4923,2023-04-02,customer4922@yahoo.com,Australia,51.0,Books,31.77,1,0.0,Debit Card,5.0
4924,2023-01-03,customer4923@protonmail.com,Germany,25.0,Electronics,67.52,2,0.2,PayPal,4.0
4925,2024-11-26,customer4924@outlook.com,Canada,21.0,Clothing,39.22,4,0.25,Credit Card,4.0
4926,2023-01-24,customer4925@protonmail.com,France,38.0,Automotive,55.92,1,0.0,PayPal,4.0
4927,2023-07-13,customer4926@outlook.com,Canada,58.0,Electronics,66.26,1,0.05,Credit Card,4.0
4928,2024-01-16,customer4927@hotmail.com,India,,Sports & Outdoors,102.04,2,0.1,Gift Card,
4929,2023-09-12,customer4928@protonmail.com,Mexico,64.0,Clothing,173.72,5,0.0,Debit Card,4.0
4930,2023-03-08,customer4929@gmail.com,Germany,34.0,Sports & Outdoors,45.07,1,0.0,Credit Card,4.0
4931,2023-10-29,customer4930@outlook.com,Germany,34.0,Books,71.15,4,0.05,Credit Card,4.0
4932,2024-08-05,customer4931@yahoo.com,Germany,71.0,Automotive,26.96,2,0.2,Debit Card,1.0
4933,2023-07-30,customer4932@gmail.com,India,26.0,Clothing,92.57,3,0.05,PayPal,
4934,2024-01-12,customer4933@yahoo.com,United States,62.0,Books,74.4,2,0.2,PayPal,3.0
4935,2023-12-09,customer4934@gmail.com,Canada,18.0,Electronics,18.71,5,0.0,Debit Card,5.0
4936,2023-06-29,customer4935@hotmail.com,United States,33.0,Books,76.95,3,0.15,Debit Card,5.0
4937,2023-01-02,customer4936@hotmail.com,Japan,28.0,Electronics,38.21,1,0.2,Debit Card,3.0
4938,2024-09-04,customer4937@hotmail.com,India,42.0,Toys,55.39,2,0.15,Credit Card,
4939,2024-12-26,customer4938@protonmail.com,Japan,24.0,Clothing,150.47,2,0.05,Credit Card,4.0
4940,2024-01-08,customer4939@hotmail.com,Canada,53.0,Grocery,21.09,5,0.2,Credit Card,4.0
4941,2024-08-29,customer4940@yahoo.com,Germany,43.0,Clothing,97.27,1,0.0,PayPal,
4942,2023-09-14,customer4941@hotmail.com,Mexico,52.0,Sports & Outdoors,34.47,2,0.0,Debit Card,4.0
4943,2024-11-19,customer4942@hotmail.com,India,59.0,Electronics,30.31,1,0.0,Credit Card,5.0
4944,2024-02-19,customer4943@yahoo.com,United States,50.0,Beauty,43.7,1,0.15,Gift Card,4.0
4945,2024-08-07,customer4944@protonmail.com,Canada,47.0,Office Supplies,28.42,5,0.0,Credit Card,1.0
4946,2024-05-06,customer4945@outlook.com,India,39.0,Clothing,197.31,4,0.0,Credit Card,
4947,2024-11-05,customer4946@outlook.com,Japan,55.0,Electronics,19.71,5,0.0,Debit Card,2.0
4948,2024-02-12,customer4947@protonmail.com,Canada,71.0,Sports & Outdoors,26.55,5,0.0,Gift Card,5.0
4949,2024-09-10,customer4948@outlook.com,United Kingdom,26.0,Electronics,15.53,5,0.05,PayPal,4.0
4950,2024-11-11,customer4949@protonmail.com,Japan,23.0,Books,37.5,3,0.15,Debit Card,
4951,2024-07-08,customer4950@yahoo.com,Brazil,63.0,Electronics,68.26,3,0.0,PayPal,4.0
4952,2023-09-16,customer4951@hotmail.com,Brazil,54.0,Clothing,72.95,2,0.0,Debit Card,4.0
4953,2023-03-08,customer4952@protonmail.com,United States,51.0,Automotive,78.48,1,0.25,PayPal,5.0
4954,2023-10-27,customer4953@protonmail.com,United Kingdom,20.0,Electronics,81.61,5,0.0,PayPal,5.0
4955,2024-05-20,customer4954@gmail.com,Australia,42.0,Books,113.57,2,0.2,Credit Card,5.0
4956,2024-09-18,customer4955@hotmail.com,Australia,49.0,Home & Kitchen,152.21,4,0.0,Debit Card,4.0
4957,2024-07-15,customer4956@yahoo.com,Mexico,60.0,Home & Kitchen,92.07,5,0.2,Credit Card,5.0
4958,2024-04-10,customer4957@hotmail.com,Brazil,,Sports & Outdoors,66.59,2,0.25,PayPal,2.0
4959,2024-01-27,customer4958@hotmail.com,United Kingdom,52.0,Beauty,35.14,1,0.0,Credit Card,
4960,2024-12-06,customer4959@hotmail.com,Canada,22.0,Automotive,70.97,2,0.0,Debit Card,5.0
4961,2023-06-28,customer4960@protonmail.com,United States,64.0,Home & Kitchen,90.06,5,0.0,Bank Transfer,4.0
4962,2024-08-01,customer4961@yahoo.com,Australia,21.0,Electronics,54.11,1,0.05,Debit Card,5.0
4963,2024-02-07,customer4962@gmail.com,Canada,50.0,Clothing,101.43,2,0.0,Credit Card,5.0
4964,2024-01-10,customer4963@protonmail.com,Australia,72.0,Toys,80.71,1,0.0,Credit Card,4.0
4965,2023-10-19,customer4964@hotmail.com,Japan,37.0,Beauty,39.56,4,0.0,Bank Transfer,5.0
4966,2024-04-08,customer4965@outlook.com,Brazil,25.0,Beauty,43.97,1,0.25,PayPal,5.0
4967,2024-12-30,customer4966@outlook.com,Australia,55.0,Grocery,123.99,2,0.0,PayPal,
4968,2023-10-24,customer4967@gmail.com,Germany,38.0,Electronics,15.34,2,0.0,Credit Card,3.0
4969,2023-03-24,customer4968@protonmail.com,India,55.0,Office Supplies,17.8,1,0.0,Debit Card,
4970,2023-04-04,customer4969@gmail.com,Japan,44.0,Office Supplies,31.2,5,0.1,Debit Card,3.0
4971,2023-05-10,customer4970@hotmail.com,Japan,,Electronics,204.92,2,0.0,PayPal,2.0
4972,2023-10-25,customer4971@hotmail.com,Mexico,19.0,Clothing,82.47,5,0.05,Debit Card,4.0
4973,2023-01-04,customer4972@protonmail.com,Mexico,39.0,Beauty,43.59,3,0.25,Credit Card,4.0
4974,2023-07-25,customer4973@hotmail.com,Brazil,70.0,Books,83.23,1,0.15,Debit Card,4.0
4975,2024-05-22,customer4974@protonmail.com,Canada,74.0,Electronics,41.24,1,0.0,PayPal,5.0
4976,2024-05-09,customer4975@outlook.com,United States,18.0,Clothing,66.3,1,0.25,Credit Card,4.0
4977,2024-05-03,customer4976@outlook.com,Australia,29.0,Toys,46.95,2,0.0,Debit Card,3.0
4978,2024-05-03,customer4977@outlook.com,Canada,69.0,Automotive,81.47,3,0.0,Credit Card,
4979,2023-02-25,customer4978@protonmail.com,Mexico,65.0,Grocery,57.26,1,0.0,Gift Card,5.0
4980,2024-11-15,customer4979@hotmail.com,Germany,19.0,Office Supplies,44.15,2,0.0,Credit Card,4.0
4981,2023-08-06,customer4980@protonmail.com,United Kingdom,42.0,Books,66.18,1,0.05,Debit Card,5.0
4982,2023-02-28,customer4981@hotmail.com,France,41.0,Grocery,50.49,5,0.05,Debit Card,2.0
4983,2024-08-15,customer4982@outlook.com,Brazil,74.0,Electronics,50.46,2,0.0,PayPal,4.0
4984,2023-12-08,customer4983@yahoo.com,Germany,62.0,Books,23.35,5,0.05,Gift Card,5.0
4985,2023-09-10,customer4984@hotmail.com,Canada,61.0,Automotive,80.28,2,0.0,Credit Card,5.0
4986,2023-10-19,customer4985@yahoo.com,France,19.0,Grocery,243.27,3,0.25,Credit Card,5.0
4987,2024-03-01,customer4986@hotmail.com,France,57.0,Sports & Outdoors,68.04,3,0.1,PayPal,2.0
4988,2024-01-21,customer4987@gmail.com,Mexico,64.0,Electronics,52.5,1,0.0,Debit Card,2.0
4989,2023-01-11,customer4988@outlook.com,United States,41.0,Home & Kitchen,53.56,4,0.2,Debit Card,4.0
4990,2023-03-29,customer4989@hotmail.com,India,44.0,Sports & Outdoors,121.28,5,0.2,Debit Card,5.0
4991,2024-11-22,customer4990@yahoo.com,United Kingdom,32.0,Clothing,6.41,5,0.2,PayPal,2.0
4992,2023-12-25,customer4991@yahoo.com,Canada,,Clothing,69.27,3,0.0,PayPal,5.0
4993,2024-12-22,customer4992@gmail.com,Canada,37.0,Grocery,59.46,4,0.1,Debit Card,5.0
4994,2024-04-24,customer4993@protonmail.com,France,28.0,Electronics,57.15,3,0.0,Credit Card,5.0
4995,2024-06-22,customer4994@gmail.com,Japan,74.0,Clothing,64.96,1,0.15,Bank Transfer,3.0
4996,2023-08-18,customer4995@yahoo.com,Japan,31.0,Home & Kitchen,32.74,4,0.15,Debit Card,3.0
4997,2024-09-03,customer4996@protonmail.com,Brazil,28.0,Electronics,33.59,3,0.0,Credit Card,4.0
4998,2024-04-19,customer4997@outlook.com,Canada,63.0,Home & Kitchen,21.19,2,0.2,Bank Transfer,4.0
4999,2024-07-02,customer4998@outlook.com,Japan,26.0,Home & Kitchen,81.57,1,0.0,PayPal,5.0
5000,2023-07-13,customer4999@yahoo.com,United States,18.0,Books,9.45,2,0.0,Debit Card,5.0
