id,employeename,jobtitle,basepay,overtimepay,otherpay,benefits,year,status,total_compensation,is_executive,job_level
1,Employee_1,SPECIAL NURSE,91127.71,0.0,2479.79,27054.6,2022,PT,93607.5000390625,False,Medium
2,Employee_2,ANIMAL CARE ATTENDANT,54895.61,5505.3,4678.69,21211.19,2022,PT,65079.59994140625,False,Standard
3,Employee_3,HEAD LIBRARIAN,22814.01,0.0,3817.43,6813.61,2023,FT,26631.439931640623,True,Standard
4,Employee_4,SENIOR CLERK,45058.99,2729.4,1394.15,19027.54,2023,FT,49182.54002441406,False,Standard
5,Employee_5,SENIOR CLERK,127962.3,0.0,5097.18,46744.96,2022,FT,133059.48017578124,False,Medium
6,Employee_6,SOCIAL WORKER,61974.9,0.0,1122.11,21669.49,2020,FT,63097.009985351564,False,Standard
7,Employee_7,SPECIAL NURSE,54985.51,0.0,2741.47,20776.14,2021,FT,57726.97997070313,False,Standard
8,Employee_8,ASSISTANT MEDICAL EXAMINER,102853.21,0.0,1066.55,30412.05,2021,FT,103919.76004882813,False,Medium
9,Employee_9,FIREFIGHTER,95303.2,4901.4,3385.27,,2022,FT,103589.87001953124,False,Medium
10,Employee_10,SPECIAL NURSE,70488.97,7979.29,870.53,29366.32,2023,FT,79338.79002929687,False,Medium
11,Employee_11,ASSISTANT DEPUTY CHIEF 2,115437.49,12672.02,6942.65,35592.21,2020,FT,135052.15990234376,True,Medium
12,Employee_12,CHIEF INVESTMENT OFFICER,121244.36,11347.78,8052.09,55388.87,2021,FT,140644.22984375,True,Medium
13,Employee_13,SENIOR ENGINEER,96906.23,6939.9,4621.81,41628.15,2019,FT,108467.94005859374,False,Medium
14,Employee_14,SENIOR ENGINEER,132601.23,0.0,6623.89,54917.74,2022,PT,139225.12013671876,False,Medium
15,Employee_15,SENIOR ENGINEER,101984.15,0.0,2617.64,38833.65,2021,PT,104601.78989257812,False,Medium
16,Employee_16,ANIMAL CARE ATTENDANT,84520.58,10293.42,2264.13,28555.21,2021,FT,97078.1298828125,False,Medium
18,Employee_18,REGISTERED NURSE,46606.48,9639.07,2123.69,15644.38,2020,FT,58369.23994140625,False,Standard
19,Employee_19,RECREATION LEADER,85097.24,8172.26,1405.38,34378.82,2021,FT,94674.88000488281,False,Medium
20,Employee_20,SENIOR CLERK,83341.21,6848.98,2926.41,25425.11,2022,FT,93116.59991210938,False,Medium
21,Employee_21,CHIEF OF POLICE,35420.57,6560.61,5454.78,18026.78,2020,FT,47435.95978515625,True,Standard
22,Employee_22,GENERAL LABORER,27436.61,0.0,8462.59,10270.17,2019,FT,35899.19984375,False,Standard
23,Employee_23,POLICE OFFICER 3,49637.65,4778.69,5842.96,16514.77,2020,PT,60259.299960937504,False,Standard
24,Employee_24,ACCOUNTANT INTERN,80624.46,0.0,5256.57,22383.66,2019,FT,85881.02982421876,False,Medium
25,Employee_25,ANIMAL CARE ATTENDANT,72275.99,0.0,2678.36,,2020,FT,74954.35010742188,False,Standard
26,Employee_26,HEAD LIBRARIAN,110531.0,0.0,528.99,30866.97,2022,FT,111059.98999023438,True,Medium
27,Employee_27,ELECTRICAL TRANSIT SYSTEM MECHANIC,109018.87,0.0,2217.58,31107.29,2019,FT,111236.450078125,False,Medium
28,Employee_28,RECREATION LEADER,44618.21,1544.5,8316.76,15006.61,2022,PT,54479.469765625,False,Standard
29,Employee_29,ASSISTANT DEPUTY CHIEF 2,125012.4,0.0,944.04,37266.64,2020,FT,125956.43997802734,True,Medium
30,Employee_30,SENIOR CLERK,98915.32,0.0,635.13,38942.32,2023,PT,99550.45000488282,False,Medium
31,Employee_31,SENIOR CLERK,71856.9,3595.94,5321.91,26089.7,2022,FT,80774.75015625,False,Medium
32,Employee_32,FIREFIGHTER,70566.53,15445.82,5521.06,26465.21,2020,FT,91533.41005859376,False,Medium
33,Employee_33,SPECIAL NURSE,38001.01,11328.14,543.71,13742.9,2021,FT,49872.86002197266,False,Standard
34,Employee_34,ASSISTANT DEPUTY CHIEF 2,176756.62,788.87,1215.55,45197.09,2019,PT,178761.04004882812,True,High
35,Employee_35,SOCIAL WORKER,56367.71,3490.06,494.28,18392.22,2019,FT,60352.049998779294,False,Standard
36,Employee_36,SPECIAL NURSE,110628.0,0.0,2209.07,30072.12,2023,FT,112837.07006835938,False,Medium
37,Employee_37,SOCIAL WORKER,69350.51,13157.82,5311.06,22310.67,2023,FT,87819.39005859374,False,Medium
38,Employee_38,RECREATION LEADER,90561.07,0.0,412.08,24148.55,2019,FT,90973.14998657227,False,Medium
39,Employee_39,DEPUTY SHERIFF,68933.94,5057.76,5268.99,23602.11,2020,FT,79260.690234375,False,Medium
41,Employee_41,POLICE OFFICER 3,58319.41,3696.66,8978.58,18462.01,2020,FT,70994.650078125,False,Standard
42,Employee_42,SENIOR ENGINEER,94097.22,11827.55,2956.49,38304.55,2020,FT,108881.25999023438,False,Medium
43,Employee_43,ASSISTANT MEDICAL EXAMINER,76359.97,4022.23,1709.24,28164.04,2020,FT,82091.43999023437,False,Medium
44,Employee_44,GENERAL LABORER,54314.83,1630.02,3724.14,22811.37,2021,FT,59668.98989257812,False,Standard
45,Employee_45,SPECIAL NURSE,67499.11,612.96,988.56,19182.2,2019,FT,69100.6299975586,False,Standard
46,Employee_46,CHIEF INVESTMENT OFFICER,104036.44,677.41,3385.82,39903.93,2023,PT,108099.67006835938,True,Medium
47,Employee_47,SENIOR CLERK,150791.27,4412.58,1278.44,59420.99,2022,FT,156482.28994140623,False,High
48,Employee_48,SOCIAL WORKER,68205.38,0.0,1231.12,27529.67,2022,FT,69436.49999511719,False,Standard
49,Employee_49,ASSISTANT MEDICAL EXAMINER,100904.64,12990.52,2776.95,43318.3,2019,FT,116672.10995117188,False,Medium
50,Employee_50,ANIMAL CARE ATTENDANT,66087.55,0.0,1780.89,18227.1,2022,FT,67868.44001464844,False,Standard
52,Employee_52,FIREFIGHTER,43572.72,0.0,956.94,16576.11,2019,FT,44529.66000244141,False,Standard
53,Employee_53,GENERAL LABORER,61058.55,7409.87,2730.79,20067.41,2022,PT,71199.2100390625,False,Standard
54,Employee_54,SENIOR CLERK,96473.9,0.0,2290.99,27138.58,2020,FT,98764.88999023437,False,Medium
55,Employee_55,CHIEF OF POLICE,183096.14,0.0,766.79,71791.51,2022,FT,183862.92997802736,True,High
56,Employee_56,TRANSIT OPERATOR,74439.66,5085.76,1743.41,22215.22,2021,PT,81268.83003417969,False,Medium
57,Employee_57,ASSISTANT DEPUTY CHIEF 2,175813.93,0.0,352.19,64576.42,2023,FT,176166.1200024414,True,High
58,Employee_58,POLICE OFFICER 3,82814.58,8743.25,2032.45,29086.82,2019,PT,93590.27995117188,False,Medium
59,Employee_59,SENIOR ENGINEER,133312.43,9533.49,2174.26,52000.0,2020,FT,145020.1800097656,False,Medium
60,Employee_60,ASSISTANT MEDICAL EXAMINER,68819.16,0.0,700.75,18337.8,2020,FT,69519.91,False,Standard
62,Employee_62,SENIOR ENGINEER,78379.7,1797.11,2784.36,,2020,FT,82961.17010742187,False,Medium
65,Employee_65,ELECTRICAL TRANSIT SYSTEM MECHANIC,116620.49,0.0,1577.89,31488.45,2022,FT,118198.38001464844,False,Medium
66,Employee_66,CUSTODIAN,86388.95,5219.0,1162.3,25923.07,2021,FT,92770.25004882812,False,Medium
67,Employee_67,ACCOUNTANT INTERN,63317.59,4296.57,732.82,17892.3,2023,PT,68346.98000732422,False,Standard
68,Employee_68,GENERAL LABORER,94980.45,0.0,912.82,38071.79,2022,FT,95893.27000732422,False,Medium
69,Employee_69,SPECIAL NURSE,83753.84,0.0,4057.69,,2019,PT,87811.52994140625,False,Medium
70,Employee_70,SENIOR CLERK,142119.31,0.0,58.74,39828.0,2019,FT,142178.05000167846,False,Medium
71,Employee_71,ANIMAL CARE ATTENDANT,39043.34,0.0,296.16,14612.77,2021,FT,39339.500003662106,False,Standard
72,Employee_72,POLICE OFFICER 3,64692.8,0.0,385.28,22672.04,2021,FT,65078.0799987793,False,Standard
73,Employee_73,SENIOR CLERK,78974.44,7271.45,954.83,24707.8,2020,PT,87200.72001708984,False,Medium
74,Employee_74,REGISTERED NURSE,30526.35,2020.88,3253.25,12560.47,2022,PT,35800.479999999996,False,Standard
75,Employee_75,ASSISTANT MEDICAL EXAMINER,91206.54,4530.37,611.18,29850.06,2021,FT,96348.08999267577,False,Medium
76,Employee_76,SENIOR CLERK,83969.69,0.0,4620.01,33249.65,2022,FT,88589.699765625,False,Medium
77,Employee_77,CUSTODIAN,84792.62,6465.83,2590.94,32447.53,2019,FT,93849.38994140625,False,Medium
78,Employee_78,FIREFIGHTER,117195.44,0.0,6681.73,36324.78,2023,FT,123877.16998046875,False,Medium
79,Employee_79,ASSISTANT DEPUTY CHIEF 2,113283.23,0.0,4252.87,39925.66,2020,FT,117536.1001171875,True,Medium
80,Employee_80,ASSISTANT MEDICAL EXAMINER,61576.94,8580.03,3571.89,28014.7,2021,FT,73728.85989257813,False,Standard
81,Employee_81,ACCOUNTANT INTERN,72373.28,0.0,7647.95,24380.26,2021,FT,80021.2301953125,False,Medium
82,Employee_82,SENIOR CLERK,116668.43,1205.74,1708.56,,2023,FT,119582.73005859375,False,Medium
83,Employee_83,POLICE OFFICER 3,58665.74,1876.27,2189.23,19595.67,2020,FT,62731.239980468745,False,Standard
84,Employee_84,RECREATION LEADER,57380.77,10155.59,1965.61,23037.19,2020,FT,69501.96998535156,False,Standard
85,Employee_85,HEAD LIBRARIAN,136715.68,5067.34,6631.36,53437.34,2020,FT,148414.37986328124,True,Medium
87,Employee_87,REGISTERED NURSE,29105.43,0.0,55.17,9280.14,2019,FT,29160.599998168946,False,Standard
88,Employee_88,CUSTODIAN,45492.16,3424.99,3763.03,13922.42,2019,FT,52680.18002929688,False,Standard
89,Employee_89,ANIMAL CARE ATTENDANT,100024.72,6248.53,448.78,38286.62,2020,PT,106722.0299987793,False,Medium
90,Employee_90,RECREATION LEADER,78038.57,3119.7,3600.41,28917.2,2021,FT,84758.67991210938,False,Medium
91,Employee_91,SENIOR CLERK,71182.91,0.0,3241.52,22255.84,2020,PT,74424.43001953125,False,Standard
92,Employee_92,ANIMAL CARE ATTENDANT,66591.81,0.0,1431.79,17784.24,2020,FT,68023.6000390625,False,Standard
93,Employee_93,RECREATION LEADER,70264.73,0.0,3697.43,28761.69,2022,FT,73962.15993164062,False,Standard
94,Employee_94,ELECTRICAL TRANSIT SYSTEM MECHANIC,84714.67,4534.07,2463.37,27261.48,2020,FT,91712.11011718749,False,Medium
95,Employee_95,SOCIAL WORKER,42834.73,137.47,2488.89,13243.11,2023,FT,45461.08989257813,False,Standard
96,Employee_96,CUSTODIAN,53181.02,9128.04,611.7,16683.49,2022,FT,62920.76001220703,False,Standard
97,Employee_97,DEPUTY SHERIFF,75459.12,0.0,10586.79,28963.31,2019,FT,86045.9100390625,False,Medium
98,Employee_98,ASSISTANT MEDICAL EXAMINER,68003.31,6080.08,2467.48,22188.12,2020,FT,76550.86998046875,False,Medium
99,Employee_99,HEAD LIBRARIAN,122155.78,0.0,210.82,46062.21,2019,FT,122366.60000732422,True,Medium
100,Employee_100,REGISTERED NURSE,45409.85,0.0,2134.91,16755.49,2020,PT,47544.75991210937,False,Standard
101,Employee_101,RECREATION LEADER,77142.57,0.0,5916.22,20813.47,2020,FT,83058.79021484376,False,Medium
103,Employee_103,ANIMAL CARE ATTENDANT,79736.37,185.18,374.06,22866.2,2019,FT,80295.60999755858,False,Medium
104,Employee_104,TRANSIT OPERATOR,72782.23,0.0,3008.9,19122.49,2021,FT,75791.12990234375,False,Medium
105,Employee_105,ANIMAL CARE ATTENDANT,68082.33,7262.84,3949.16,27190.43,2022,FT,79294.32991210937,False,Medium
106,Employee_106,ANIMAL CARE ATTENDANT,53302.98,843.46,3901.86,16296.31,2020,FT,58048.30010742188,False,Standard
107,Employee_107,ANIMAL CARE ATTENDANT,68560.03,0.0,2059.25,27184.56,2023,PT,70619.28,False,Standard
108,Employee_108,HEAD LIBRARIAN,142791.18,0.0,2477.57,48811.33,2020,FT,145268.75006835937,True,Medium
109,Employee_109,SENIOR CLERK,87905.26,3628.7,2696.11,26514.25,2023,FT,94230.07010742187,False,Medium
110,Employee_110,ASSISTANT MEDICAL EXAMINER,52203.92,4066.37,3009.19,23526.19,2020,PT,59279.47994140625,False,Standard
111,Employee_111,DEPUTY SHERIFF,60155.06,4068.47,3274.66,22407.12,2021,FT,67498.18991210937,False,Standard
112,Employee_112,ANIMAL CARE ATTENDANT,74017.01,0.0,5283.36,21793.39,2022,FT,79300.36986328124,False,Medium
113,Employee_113,ASSISTANT DEPUTY CHIEF 2,112553.5,3641.52,2169.24,38774.51,2019,PT,118364.25999023438,True,Medium
114,Employee_114,SENIOR CLERK,103617.89,9260.99,450.41,44640.67,2023,FT,113329.29000366211,False,Medium
115,Employee_115,CHIEF OF POLICE,144822.38,0.0,1567.12,45912.36,2020,FT,146389.4999951172,True,Medium
116,Employee_116,ASSISTANT DEPUTY CHIEF 2,158003.39,8983.74,4261.34,53738.08,2021,PT,171248.46984375,True,High
117,Employee_117,TRANSIT OPERATOR,98471.19,3050.2,3359.58,33474.76,2022,FT,104880.970078125,False,Medium
118,Employee_118,REGISTERED NURSE,89917.17,0.0,3342.26,27233.2,2022,FT,93259.43000976562,False,Medium
119,Employee_119,DEPUTY SHERIFF,51315.22,1594.01,4754.83,15815.38,2019,FT,57664.060078125,False,Standard
120,Employee_120,REGISTERED NURSE,51929.31,3182.33,6560.37,20773.55,2023,PT,61672.0101171875,False,Standard
121,Employee_121,SENIOR CLERK,89029.94,0.0,1795.6,34888.82,2022,FT,90825.53997558594,False,Medium
122,Employee_122,ASSISTANT MEDICAL EXAMINER,60976.49,3421.71,2301.38,24035.82,2023,FT,66699.5798828125,False,Standard
123,Employee_123,HEAD LIBRARIAN,70850.2,7867.08,801.36,,2021,FT,79518.63998535156,True,Medium
124,Employee_124,SENIOR CLERK,79516.01,778.79,1217.51,,2022,FT,81512.31000976561,False,Medium
125,Employee_125,RECREATION LEADER,60509.74,2311.57,2916.59,16486.7,2021,FT,65737.90008789062,False,Standard
126,Employee_126,ASSISTANT DEPUTY CHIEF 2,101813.48,2596.72,1878.61,31481.8,2023,FT,106288.80998535156,True,Medium
127,Employee_127,SPECIAL NURSE,63684.21,0.0,1321.65,22778.48,2023,FT,65005.86002441406,False,Standard
128,Employee_128,ANIMAL CARE ATTENDANT,93569.02,875.61,1096.25,,2023,FT,95540.88,False,Medium
129,Employee_129,DIRECTOR OF PUBLIC WORKS,125774.09,1223.19,1563.87,48349.76,2021,FT,128561.14999511719,True,Medium
130,Employee_130,HEAD LIBRARIAN,179154.27,4932.79,1377.87,59646.94,2022,FT,185464.92999511719,True,High
131,Employee_131,ASSISTANT DEPUTY CHIEF 2,132138.29,6994.14,4368.94,50279.32,2020,FT,143501.36994140627,True,Medium
132,Employee_132,ASSISTANT DEPUTY CHIEF 2,115557.63,0.0,747.32,44495.92,2021,FT,116304.95000732422,True,Medium
133,Employee_133,SPECIAL NURSE,70082.66,6122.5,734.55,27115.21,2022,FT,76939.70998779297,False,Medium
134,Employee_134,ASSISTANT DEPUTY CHIEF 2,135233.71,0.0,2847.98,53106.07,2019,FT,138081.68998046874,True,Medium
136,Employee_136,CUSTODIAN,111534.23,2918.09,4512.43,39860.29,2019,FT,118964.75017578124,False,Medium
137,Employee_137,DIRECTOR OF PUBLIC WORKS,90259.1,1779.99,800.27,27349.08,2021,FT,92839.36001953126,True,Medium
138,Employee_138,TRANSIT OPERATOR,87180.92,2503.38,2192.16,27077.96,2021,FT,91876.45991210938,False,Medium
139,Employee_139,GENERAL LABORER,74155.01,3992.87,1070.64,30206.0,2021,FT,79218.52001464843,False,Medium
140,Employee_140,SENIOR CLERK,50151.46,0.0,2180.71,13506.02,2021,FT,52332.1699609375,False,Standard
142,Employee_142,FIREFIGHTER,95352.47,0.0,2163.26,29162.95,2021,FT,97515.73000976563,False,Medium
143,Employee_143,DEPUTY SHERIFF,52856.47,11556.3,2546.89,24161.1,2021,FT,66959.65989257813,False,Standard
144,Employee_144,ELECTRICAL TRANSIT SYSTEM MECHANIC,69821.32,16332.86,273.34,25885.43,2021,FT,86427.5199963379,False,Medium
145,Employee_145,CHIEF INVESTMENT OFFICER,63887.25,1365.63,2357.54,26570.57,2022,FT,67610.4200390625,True,Standard
146,Employee_146,RECREATION LEADER,44823.87,0.0,4896.02,12702.0,2021,FT,49719.89001953125,False,Standard
149,Employee_149,RECREATION LEADER,47823.94,9217.1,2085.41,17212.21,2023,FT,59126.449912109376,False,Standard
150,Employee_150,SPECIAL NURSE,74589.21,0.0,2884.28,22571.35,2019,FT,77473.49002929688,False,Medium
151,Employee_151,RECREATION LEADER,59551.75,0.0,1365.5,23441.74,2022,FT,60917.25,False,Standard
152,Employee_152,DEPUTY SHERIFF,60583.57,0.0,5965.49,24928.44,2020,FT,66549.060234375,False,Standard
153,Employee_153,ACCOUNTANT INTERN,84786.52,0.0,1410.36,22916.79,2019,FT,86196.87998535157,False,Medium
154,Employee_154,CUSTODIAN,46765.33,8664.13,1622.87,19228.17,2022,FT,57052.32999511719,False,Standard
156,Employee_156,HEAD LIBRARIAN,109622.4,0.0,3369.02,31894.17,2023,FT,112991.42001953124,True,Medium
157,Employee_157,REGISTERED NURSE,89388.2,114.24,1839.19,31267.21,2022,PT,91341.62994140625,False,Medium
158,Employee_158,ASSISTANT DEPUTY CHIEF 2,170573.77,0.0,1366.79,46179.78,2023,PT,171940.5600390625,True,High
159,Employee_159,CHIEF OF POLICE,102057.78,0.0,2703.86,33572.63,2022,FT,104761.64010742187,True,Medium
160,Employee_160,ANIMAL CARE ATTENDANT,88747.54,1989.77,1941.8,26726.18,2023,FT,92679.11004882812,False,Medium
161,Employee_161,CHIEF INVESTMENT OFFICER,97770.88,0.0,4230.5,38565.54,2019,FT,102001.38,True,Medium
163,Employee_163,ELECTRICAL TRANSIT SYSTEM MECHANIC,47324.58,10102.13,3376.97,17162.83,2019,FT,60803.679970703124,False,Standard
164,Employee_164,ELECTRICAL TRANSIT SYSTEM MECHANIC,96569.58,9946.4,4581.18,43213.45,2020,PT,111097.16017578125,False,Medium
165,Employee_165,ELECTRICAL TRANSIT SYSTEM MECHANIC,56870.28,0.0,948.97,,2019,FT,57819.249970703124,False,Standard
166,Employee_166,RECREATION LEADER,110264.93,0.0,10469.35,37883.33,2021,FT,120734.279609375,False,Medium
168,Employee_168,POLICE OFFICER 3,49679.67,2052.42,416.73,,2020,FT,52148.820010986325,False,Standard
169,Employee_169,GENERAL LABORER,59555.23,0.0,4704.08,18885.58,2023,PT,64259.310078125,False,Standard
170,Employee_170,TRANSIT OPERATOR,85623.62,0.0,4258.16,27871.28,2022,FT,89881.78015625,False,Medium
171,Employee_171,REGISTERED NURSE,91052.89,0.0,3462.17,25965.25,2022,FT,94515.059921875,False,Medium
172,Employee_172,SPECIAL NURSE,68585.69,5844.46,4025.96,27699.12,2023,FT,78456.10996093751,False,Medium
173,Employee_173,ANIMAL CARE ATTENDANT,70893.17,5047.67,4250.67,,2021,FT,80191.509921875,False,Medium
174,Employee_174,SENIOR ENGINEER,110717.18,0.0,6767.9,,2020,PT,117485.07990234374,False,Medium
175,Employee_175,ASSISTANT MEDICAL EXAMINER,72635.97,18675.87,1388.33,26524.42,2023,FT,92700.16995605468,False,Medium
176,Employee_176,SENIOR CLERK,57368.87,0.0,5737.68,17388.04,2021,FT,63106.55017578125,False,Standard
177,Employee_177,SENIOR ENGINEER,69862.68,326.37,4100.58,22568.71,2022,FT,74289.63007812499,False,Standard
178,Employee_178,POLICE OFFICER 3,74702.4,0.0,2769.71,21065.93,2020,FT,77472.1099609375,False,Medium
179,Employee_179,SOCIAL WORKER,94309.65,0.0,309.49,37083.38,2020,PT,94619.13999023437,False,Medium
180,Employee_180,CHIEF OF POLICE,184175.37,4875.23,3716.36,68936.74,2019,FT,192766.96010742188,True,High
182,Employee_182,POLICE OFFICER 3,75745.82,6632.9,3098.14,30960.28,2019,FT,85476.85989257813,False,Medium
183,Employee_183,CHIEF OF POLICE,152957.3,12712.53,1176.83,47788.7,2022,FT,166846.65995605467,True,High
184,Employee_184,ASSISTANT MEDICAL EXAMINER,56664.98,0.0,1829.09,15857.65,2019,FT,58494.069965820316,False,Standard
185,Employee_185,CHIEF OF POLICE,120483.69,0.0,1459.5,38340.77,2022,FT,121943.19,True,Medium
186,Employee_186,SENIOR CLERK,69572.6,1101.05,3485.93,27761.85,2023,FT,74159.57993164063,False,Standard
187,Employee_187,POLICE OFFICER 3,45025.15,1379.23,4967.89,15389.97,2022,PT,51372.270136718755,False,Standard
188,Employee_188,ELECTRICAL TRANSIT SYSTEM MECHANIC,76670.98,0.0,2451.43,19894.1,2021,FT,79122.40993164062,False,Medium
190,Employee_190,CUSTODIAN,83753.05,9665.93,2322.74,26808.59,2023,FT,95741.71999023439,False,Medium
191,Employee_191,ASSISTANT MEDICAL EXAMINER,80922.24,2413.81,9833.23,30878.65,2019,FT,93169.28046875,False,Medium
192,Employee_192,HEAD LIBRARIAN,112279.33,2282.12,6938.02,30646.06,2022,FT,121499.47001953125,True,Medium
193,Employee_193,DIRECTOR OF PUBLIC WORKS,137924.97,4710.23,6923.2,48805.02,2022,FT,149558.4001953125,True,Medium
194,Employee_194,GENERAL LABORER,69146.34,8690.44,2190.03,24731.59,2019,FT,80026.81002929687,False,Medium
197,Employee_197,GENERAL LABORER,77394.12,0.0,619.73,19925.07,2020,FT,78013.84998046875,False,Medium
198,Employee_198,REGISTERED NURSE,83368.35,0.0,1199.11,31157.05,2023,FT,84567.45998535157,False,Medium
199,Employee_199,GENERAL LABORER,56606.37,5020.27,3656.57,24068.88,2023,FT,65283.210068359374,False,Standard
200,Employee_200,CHIEF INVESTMENT OFFICER,127865.96,0.0,1445.41,45195.8,2020,FT,129311.3700341797,True,Medium
201,Employee_201,GENERAL LABORER,57527.95,4821.29,5566.07,26445.85,2023,FT,67915.30982421874,False,Standard
202,Employee_202,ACCOUNTANT INTERN,59469.87,8416.34,1832.02,25829.77,2023,FT,69718.23001953126,False,Standard
203,Employee_203,CHIEF OF POLICE,85502.54,0.0,805.07,24410.8,2022,PT,86307.61000732421,True,Medium
204,Employee_204,ASSISTANT MEDICAL EXAMINER,95315.5,2351.82,5373.05,31657.29,2019,FT,103040.3698046875,False,Medium
205,Employee_205,SENIOR CLERK,118707.81,8507.63,2635.39,39278.38,2020,FT,129850.82989257813,False,Medium
207,Employee_207,ANIMAL CARE ATTENDANT,109443.92,12686.28,284.97,48116.14,2023,FT,122415.1700012207,False,Medium
208,Employee_208,CHIEF INVESTMENT OFFICER,119187.15,14048.11,8431.83,48498.28,2023,FT,141667.090078125,True,Medium
210,Employee_210,ANIMAL CARE ATTENDANT,65449.41,15772.03,4464.9,33522.87,2020,FT,85686.33990234375,False,Medium
211,Employee_211,DEPUTY SHERIFF,75103.87,3742.35,254.55,,2023,FT,79100.77000305176,False,Medium
212,Employee_212,SENIOR ENGINEER,80657.77,0.0,3366.65,24359.69,2020,FT,84024.41990234375,False,Medium
213,Employee_213,ANIMAL CARE ATTENDANT,77446.51,1292.61,4352.25,32071.35,2020,PT,83091.37,False,Medium
214,Employee_214,SENIOR CLERK,112725.99,912.41,8829.62,36940.27,2023,FT,122468.02011718751,False,Medium
215,Employee_215,SENIOR ENGINEER,88038.17,65.05,6220.69,30884.64,2021,FT,94323.90994140625,False,Medium
216,Employee_216,DEPUTY SHERIFF,105534.4,0.0,2563.77,34795.01,2020,FT,108098.17001953124,False,Medium
217,Employee_217,SPECIAL NURSE,74782.99,0.0,674.25,29318.51,2019,FT,75457.24,False,Medium
218,Employee_218,REGISTERED NURSE,75409.71,150.21,6872.08,23892.87,2021,FT,82432.00007812501,False,Medium
219,Employee_219,SENIOR CLERK,67366.06,808.63,894.31,20720.42,2023,FT,69068.9999975586,False,Standard
221,Employee_221,REGISTERED NURSE,67319.46,2773.84,748.78,27131.98,2022,FT,70842.08002929688,False,Standard
222,Employee_222,SENIOR CLERK,75185.77,0.0,1756.86,20561.58,2020,PT,76942.62998535157,False,Medium
225,Employee_225,SENIOR ENGINEER,84149.59,1873.31,4191.97,33072.28,2022,PT,90214.87021484374,False,Medium
226,Employee_226,CUSTODIAN,40860.29,2206.15,835.73,13254.52,2022,FT,43902.16998046875,False,Standard
227,Employee_227,ANIMAL CARE ATTENDANT,56035.57,9930.03,1802.38,20577.42,2021,PT,67767.98000488282,False,Standard
228,Employee_228,DIRECTOR OF PUBLIC WORKS,117246.69,0.0,2811.32,38470.2,2020,FT,120058.01006835938,True,Medium
229,Employee_229,ASSISTANT DEPUTY CHIEF 2,145680.01,180.58,2628.71,,2022,FT,148489.2999609375,True,Medium
230,Employee_230,POLICE OFFICER 3,81095.93,4435.44,2217.88,29321.95,2023,FT,87749.2498828125,False,Medium
231,Employee_231,SENIOR CLERK,108591.98,1135.49,337.06,40329.62,2023,FT,110064.5299975586,False,Medium
232,Employee_232,RECREATION LEADER,57102.79,0.0,597.63,14893.92,2020,FT,57700.42000488281,False,Standard
233,Employee_233,TRANSIT OPERATOR,76808.81,7281.76,3165.46,32533.94,2022,PT,87256.02996093749,False,Medium
234,Employee_234,SENIOR ENGINEER,68222.45,0.0,6171.64,19246.32,2019,FT,74394.09013671875,False,Standard
235,Employee_235,CHIEF OF POLICE,103692.85,0.0,340.43,39755.91,2021,FT,104033.27999267579,True,Medium
236,Employee_236,SENIOR ENGINEER,67139.57,0.0,2266.71,17801.89,2021,FT,69406.2799609375,False,Standard
237,Employee_237,HEAD LIBRARIAN,69348.33,16499.27,4874.81,24420.19,2020,PT,90722.41005859376,True,Medium
238,Employee_238,SENIOR CLERK,118669.45,11956.77,328.34,36278.03,2023,FT,130954.55999633789,False,Medium
239,Employee_239,CUSTODIAN,83772.23,7082.54,1953.1,26307.1,2023,FT,92807.86997558593,False,Medium
240,Employee_240,HEAD LIBRARIAN,134299.96,2119.45,1886.01,42911.24,2019,PT,138305.42000976563,True,Medium
241,Employee_241,REGISTERED NURSE,70786.26,3209.12,1933.89,26447.86,2020,PT,75929.27001464843,False,Medium
242,Employee_242,DIRECTOR OF PUBLIC WORKS,145411.46,14266.61,2505.5,62260.73,2020,FT,162183.57,True,High
243,Employee_243,SPECIAL NURSE,34774.21,5465.67,2094.63,13914.31,2023,FT,42334.5098828125,False,Standard
244,Employee_244,HEAD LIBRARIAN,130892.63,606.77,3665.25,44587.23,2021,FT,135164.65,True,Medium
246,Employee_246,SPECIAL NURSE,82542.19,0.0,2029.91,31300.31,2023,FT,84572.10003417969,False,Medium
247,Employee_247,SENIOR ENGINEER,100880.61,2509.77,6145.2,29199.22,2022,PT,109535.5801953125,False,Medium
248,Employee_248,ELECTRICAL TRANSIT SYSTEM MECHANIC,50258.9,4218.66,8232.5,18509.84,2019,FT,62710.06,False,Standard
249,Employee_249,ANIMAL CARE ATTENDANT,40039.2,9074.05,5840.39,14537.83,2019,FT,54953.64013671875,False,Standard
250,Employee_250,TRANSIT OPERATOR,55758.92,0.0,1531.21,16163.1,2020,FT,57290.1299609375,False,Standard
251,Employee_251,POLICE OFFICER 3,81298.35,1713.07,3353.16,29190.34,2020,FT,86364.57991210939,False,Medium
252,Employee_252,CHIEF OF POLICE,150843.29,10058.11,550.56,43413.47,2022,FT,161451.95999755862,True,High
253,Employee_253,POLICE OFFICER 3,42641.15,4708.72,2851.7,13308.07,2019,PT,50201.56995117188,False,Standard
254,Employee_254,CUSTODIAN,50378.01,5375.1,316.65,20963.73,2020,FT,56069.759993896485,False,Standard
255,Employee_255,HEAD LIBRARIAN,83302.93,4395.85,3140.42,24321.73,2020,PT,90839.199921875,True,Medium
256,Employee_256,POLICE OFFICER 3,62853.9,14286.28,966.45,26650.61,2019,FT,78106.63001220704,False,Medium
257,Employee_257,ASSISTANT MEDICAL EXAMINER,42758.98,2619.18,4167.81,15002.6,2019,FT,49545.97005859375,False,Standard
258,Employee_258,REGISTERED NURSE,41558.96,2970.4,2864.0,18220.62,2019,FT,47393.36,False,Standard
259,Employee_259,POLICE OFFICER 3,53563.29,9129.76,3208.84,23469.81,2021,FT,65901.89008789063,False,Standard
260,Employee_260,DIRECTOR OF PUBLIC WORKS,121932.63,3958.09,2649.05,33280.81,2021,PT,128539.77004882813,True,Medium
261,Employee_261,ANIMAL CARE ATTENDANT,46388.11,2674.7,3213.58,20090.87,2021,FT,52276.390078125,False,Standard
263,Employee_263,CUSTODIAN,91171.06,3166.53,1175.96,28151.1,2022,FT,95513.5499609375,False,Medium
264,Employee_264,ACCOUNTANT INTERN,43964.41,0.0,2248.67,16216.97,2023,FT,46213.079921875,False,Standard
265,Employee_265,CHIEF INVESTMENT OFFICER,118567.95,7324.97,7229.78,47617.47,2021,FT,133122.69978515623,True,Medium
266,Employee_266,DIRECTOR OF PUBLIC WORKS,153841.73,492.09,2426.09,46320.61,2022,FT,156759.91008789063,True,High
268,Employee_268,GENERAL LABORER,58526.61,0.0,2308.65,16635.38,2022,FT,60835.25990234375,False,Standard
269,Employee_269,DIRECTOR OF PUBLIC WORKS,158558.86,0.0,1346.27,54210.48,2019,FT,159905.13001953124,True,High
270,Employee_270,DIRECTOR OF PUBLIC WORKS,108589.13,4871.0,693.93,44923.77,2023,PT,114154.05999267579,True,Medium
271,Employee_271,CUSTODIAN,92089.9,2841.04,2626.04,30485.94,2019,PT,97556.98003906249,False,Medium
272,Employee_272,TRANSIT OPERATOR,78579.31,3621.97,482.85,33026.6,2021,FT,82684.13000610351,False,Medium
273,Employee_273,POLICE OFFICER 3,63143.11,5783.95,1563.46,19487.96,2022,FT,70490.5199609375,False,Standard
274,Employee_274,CHIEF INVESTMENT OFFICER,143268.86,12464.58,371.54,57667.51,2021,FT,156104.9800085449,True,High
275,Employee_275,ELECTRICAL TRANSIT SYSTEM MECHANIC,76408.99,646.11,2324.04,30895.65,2020,PT,79379.1400390625,False,Medium
276,Employee_276,CHIEF OF POLICE,162751.78,10156.43,3752.58,62398.03,2023,FT,176660.790078125,True,High
277,Employee_277,SENIOR CLERK,76743.02,0.0,1364.26,20807.7,2019,FT,78107.28000976563,False,Medium
279,Employee_279,SPECIAL NURSE,68769.69,11278.74,3771.11,22031.96,2023,FT,83819.54010742188,False,Medium
280,Employee_280,SPECIAL NURSE,84082.96,0.0,2360.55,29413.46,2022,FT,86443.51004882813,False,Medium
282,Employee_282,CHIEF OF POLICE,162611.17,8566.9,4319.81,53739.77,2022,FT,175497.88005859376,True,High
283,Employee_283,ASSISTANT MEDICAL EXAMINER,79326.58,0.0,2195.28,22373.0,2023,FT,81521.86002929688,False,Medium
284,Employee_284,CHIEF OF POLICE,78590.7,3949.79,5136.22,25452.2,2019,PT,87676.71021484374,True,Medium
285,Employee_285,SENIOR CLERK,122414.83,30.25,1827.9,41708.53,2021,PT,124272.98002441406,False,Medium
287,Employee_287,POLICE OFFICER 3,90036.68,160.48,2534.99,26379.8,2019,FT,92732.14999023436,False,Medium
288,Employee_288,DIRECTOR OF PUBLIC WORKS,167517.48,0.0,781.42,61026.14,2020,FT,168298.89998291017,True,High
289,Employee_289,ASSISTANT DEPUTY CHIEF 2,129073.37,2104.99,329.45,34613.1,2019,FT,131507.81001220702,True,Medium
290,Employee_290,SENIOR CLERK,47800.87,4123.05,213.18,17906.8,2019,FT,52137.09999267579,False,Standard
292,Employee_292,DEPUTY SHERIFF,75101.64,4143.19,544.43,21469.4,2021,FT,79789.25999267578,False,Medium
293,Employee_293,CHIEF INVESTMENT OFFICER,104688.76,0.0,3570.07,37366.37,2020,FT,108258.83006835937,True,Medium
294,Employee_294,CUSTODIAN,51708.47,3819.86,5816.2,21529.32,2020,FT,61344.5301953125,False,Standard
295,Employee_295,ASSISTANT DEPUTY CHIEF 2,123741.12,9362.91,1266.93,42461.63,2019,FT,134370.96005371094,True,Medium
296,Employee_296,CHIEF OF POLICE,148161.07,0.0,195.81,54847.38,2022,FT,148356.8799975586,True,Medium
297,Employee_297,RECREATION LEADER,40944.85,3242.58,1385.27,14874.81,2020,FT,45572.70001953125,False,Standard
298,Employee_298,SENIOR CLERK,79329.18,4061.72,4312.2,25685.01,2023,FT,87703.1001953125,False,Medium
301,Employee_301,GENERAL LABORER,87395.22,14849.79,249.05,27093.61,2022,FT,102494.06000305177,False,Medium
302,Employee_302,RECREATION LEADER,60305.38,0.0,423.74,23800.48,2020,PT,60729.11999023437,False,Standard
303,Employee_303,TRANSIT OPERATOR,80915.88,2573.9,1310.68,31064.3,2022,FT,84800.46005371094,False,Medium
304,Employee_304,SOCIAL WORKER,91946.55,2973.81,139.04,25285.48,2020,FT,95059.39999328613,False,Medium
305,Employee_305,ASSISTANT DEPUTY CHIEF 2,152686.14,0.0,2026.44,50730.07,2019,FT,154712.57994140626,True,High
306,Employee_306,REGISTERED NURSE,88183.19,0.0,2705.94,23198.79,2020,PT,90889.12994140625,False,Medium
307,Employee_307,CUSTODIAN,46968.13,816.0,356.78,,2020,FT,48140.909998779294,False,Standard
308,Employee_308,ASSISTANT DEPUTY CHIEF 2,166091.75,0.0,1727.2,,2019,FT,167818.94995117188,True,High
309,Employee_309,CUSTODIAN,52946.14,3801.24,4665.36,18745.1,2019,PT,61412.73986328125,False,Standard
310,Employee_310,REGISTERED NURSE,75190.84,1092.13,2987.89,25865.59,2023,PT,79270.85989257813,False,Medium
311,Employee_311,HEAD LIBRARIAN,112747.39,11359.21,1981.19,,2021,PT,126087.78994140626,True,Medium
312,Employee_312,ASSISTANT MEDICAL EXAMINER,79702.45,0.0,852.35,26675.07,2021,FT,80554.79997558593,False,Medium
313,Employee_313,REGISTERED NURSE,76739.13,0.0,1158.05,28852.04,2023,PT,77897.18004882813,False,Medium
314,Employee_314,DEPUTY SHERIFF,53123.8,0.0,2783.03,,2020,FT,55906.83002929688,False,Standard
315,Employee_315,DEPUTY SHERIFF,43002.65,1028.51,364.25,14784.69,2021,FT,44395.41,False,Standard
316,Employee_316,HEAD LIBRARIAN,131170.46,14882.42,1650.41,44783.12,2023,PT,147703.2900341797,True,Medium
317,Employee_317,SENIOR ENGINEER,95831.7,5446.84,5972.85,38844.4,2022,FT,107251.39009765624,False,Medium
318,Employee_318,SENIOR ENGINEER,120883.8,0.0,4760.27,44642.07,2020,PT,125644.07001953125,False,Medium
319,Employee_319,ACCOUNTANT INTERN,69105.34,0.0,3796.92,25867.07,2020,FT,72902.259921875,False,Standard
320,Employee_320,ANIMAL CARE ATTENDANT,41896.71,0.0,2423.28,13591.63,2019,FT,44319.990029296874,False,Standard
321,Employee_321,CUSTODIAN,89322.59,571.3,3780.37,31839.12,2019,FT,93674.2601171875,False,Medium
322,Employee_322,REGISTERED NURSE,62592.59,0.0,1145.38,22159.32,2019,FT,63737.97000488281,False,Standard
323,Employee_323,DIRECTOR OF PUBLIC WORKS,130628.12,0.0,6501.72,48286.45,2022,PT,137129.84021484375,True,Medium
324,Employee_324,ACCOUNTANT INTERN,57050.81,2961.72,3849.01,21475.9,2022,PT,63861.540009765624,False,Standard
325,Employee_325,CHIEF INVESTMENT OFFICER,185194.86,4074.07,2898.4,73027.57,2021,FT,192167.32990234374,True,High
326,Employee_326,FIREFIGHTER,52468.7,0.0,1065.59,15381.46,2022,FT,53534.28996582031,False,Standard
327,Employee_327,FIREFIGHTER,63251.4,1901.48,3474.32,17731.28,2019,FT,68627.20006835938,False,Standard
328,Employee_328,TRANSIT OPERATOR,72148.97,0.0,1827.29,29174.43,2020,PT,73976.2600390625,False,Standard
329,Employee_329,REGISTERED NURSE,48156.35,0.0,5915.73,14010.62,2020,FT,54072.07998046875,False,Standard
330,Employee_330,ASSISTANT DEPUTY CHIEF 2,137898.7,0.0,3266.42,54411.16,2023,PT,141165.119921875,True,Medium
331,Employee_331,ASSISTANT DEPUTY CHIEF 2,184028.78,0.0,474.49,63071.1,2022,FT,184503.26999023437,True,High
332,Employee_332,GENERAL LABORER,60190.76,4309.33,4414.03,26725.66,2023,FT,68914.11978515625,False,Standard
333,Employee_333,CUSTODIAN,77902.86,2881.78,8724.57,29962.59,2020,FT,89509.2103125,False,Medium
334,Employee_334,RECREATION LEADER,20000.0,6572.82,1347.15,10418.37,2023,FT,27919.970024414062,False,Standard
335,Employee_335,SENIOR CLERK,89987.84,0.0,3651.24,33540.91,2019,FT,93639.07999023437,False,Medium
336,Employee_336,ANIMAL CARE ATTENDANT,63739.15,3524.78,704.51,22345.77,2020,FT,67968.44000976563,False,Standard
337,Employee_337,CHIEF INVESTMENT OFFICER,96534.09,2784.11,2256.06,30929.21,2021,PT,101574.26005859375,True,Medium
338,Employee_338,CUSTODIAN,91629.01,0.0,2521.7,23578.05,2019,FT,94150.70995117187,False,Medium
339,Employee_339,FIREFIGHTER,63475.13,8170.82,1998.41,21182.75,2023,PT,73644.36003417968,False,Standard
340,Employee_340,CHIEF INVESTMENT OFFICER,119610.81,0.0,2130.73,50651.94,2023,FT,121741.53998046875,True,Medium
341,Employee_341,HEAD LIBRARIAN,93684.21,22611.31,7396.99,36034.01,2021,FT,123692.510234375,True,Medium
342,Employee_342,CUSTODIAN,31663.68,0.0,3385.01,12714.89,2020,FT,35048.690009765625,False,Standard
343,Employee_343,HEAD LIBRARIAN,71040.41,3285.25,1157.35,24628.19,2019,FT,75483.00997558594,True,Medium
344,Employee_344,CHIEF OF POLICE,160599.37,8461.64,5864.35,51826.39,2022,FT,174925.36009765626,True,High
345,Employee_345,ACCOUNTANT INTERN,27800.99,13872.0,1274.69,17121.69,2021,FT,42947.679941406255,False,Standard
346,Employee_346,DEPUTY SHERIFF,54673.69,9849.81,1485.98,16967.48,2022,FT,66009.47998046875,False,Standard
348,Employee_348,ACCOUNTANT INTERN,104872.44,7380.39,797.82,36088.9,2019,FT,113050.65000732422,False,Medium
349,Employee_349,POLICE OFFICER 3,85372.08,19431.58,3477.56,28313.26,2019,FT,108281.22005859375,False,Medium
350,Employee_350,POLICE OFFICER 3,58856.59,7734.65,112.35,18818.05,2022,PT,66703.58999847411,False,Standard
351,Employee_351,ASSISTANT DEPUTY CHIEF 2,172962.49,0.0,968.07,61595.12,2019,FT,173930.5600073242,True,High
353,Employee_353,CUSTODIAN,90182.0,0.0,363.0,33515.57,2019,FT,90545.0,False,Medium
354,Employee_354,SENIOR CLERK,55669.19,0.0,561.23,19329.72,2022,FT,56230.41998046875,False,Standard
355,Employee_355,CHIEF INVESTMENT OFFICER,164637.28,1735.3,643.38,44280.71,2023,FT,167015.9600048828,True,High
356,Employee_356,CHIEF INVESTMENT OFFICER,111379.19,0.0,1855.5,,2021,FT,113234.69,True,Medium
357,Employee_357,POLICE OFFICER 3,49429.92,0.0,414.43,13796.98,2019,FT,49844.34999267578,False,Standard
358,Employee_358,SOCIAL WORKER,65657.13,721.31,1185.36,24974.3,2023,FT,67563.79998535156,False,Standard
359,Employee_359,SPECIAL NURSE,75546.88,12916.9,2257.3,29932.87,2019,FT,90721.08004882812,False,Medium
360,Employee_360,SENIOR ENGINEER,78136.54,0.0,5202.45,20870.12,2021,FT,83338.9901953125,False,Medium
361,Employee_361,RECREATION LEADER,81079.07,644.79,2385.4,,2023,FT,84109.25990234375,False,Medium
362,Employee_362,SOCIAL WORKER,58340.12,2871.37,170.54,19790.83,2022,FT,61382.02999328614,False,Standard
363,Employee_363,FIREFIGHTER,82407.45,7230.21,1630.56,31620.92,2019,FT,91268.22005859375,False,Medium
364,Employee_364,SOCIAL WORKER,78844.44,0.0,4151.9,21182.87,2023,FT,82996.33990234375,False,Medium
365,Employee_365,REGISTERED NURSE,68781.54,4671.76,1581.79,19157.5,2019,FT,75035.09003906249,False,Medium
366,Employee_366,CHIEF OF POLICE,110110.24,0.0,798.94,33539.51,2022,FT,110909.18000244141,True,Medium
367,Employee_367,SENIOR CLERK,94940.06,637.89,800.38,34048.61,2022,FT,96378.33000488281,False,Medium
368,Employee_368,CUSTODIAN,81005.07,13423.26,256.3,33138.08,2020,FT,94684.62998779297,False,Medium
370,Employee_370,ANIMAL CARE ATTENDANT,88788.41,2571.93,4977.37,27206.75,2019,FT,96337.7101171875,False,Medium
371,Employee_371,GENERAL LABORER,89519.8,0.0,5276.18,33412.63,2023,FT,94795.98017578125,False,Medium
372,Employee_372,HEAD LIBRARIAN,197655.37,9944.57,784.38,52943.56,2020,FT,208384.32000488281,True,High
373,Employee_373,ELECTRICAL TRANSIT SYSTEM MECHANIC,80319.17,16585.06,445.77,32467.93,2020,FT,97349.99998901367,False,Medium
374,Employee_374,GENERAL LABORER,79692.87,0.0,522.23,25156.64,2021,FT,80215.09998046875,False,Medium
375,Employee_375,SOCIAL WORKER,84080.3,0.0,4428.64,25301.43,2022,PT,88508.94013671875,False,Medium
376,Employee_376,SPECIAL NURSE,49820.68,0.0,2436.52,17142.7,2021,PT,52257.20001953125,False,Standard
379,Employee_379,GENERAL LABORER,82952.28,0.0,210.76,,2023,FT,83163.03999450683,False,Medium
380,Employee_380,DEPUTY SHERIFF,66516.51,4469.37,6091.66,23959.86,2020,FT,77077.54015624999,False,Medium
381,Employee_381,TRANSIT OPERATOR,72764.47,0.0,1994.77,24413.67,2023,FT,74759.24001953125,False,Standard
382,Employee_382,ACCOUNTANT INTERN,91749.09,14565.41,567.74,27228.8,2022,PT,106882.23999023438,False,Medium
383,Employee_383,ACCOUNTANT INTERN,87263.01,15690.56,1311.08,35617.6,2023,FT,104264.64995605468,False,Medium
384,Employee_384,DEPUTY SHERIFF,66765.58,0.0,5695.78,26270.67,2023,FT,72461.35978515625,False,Standard
385,Employee_385,TRANSIT OPERATOR,56600.1,805.73,724.57,,2022,FT,58130.40000732422,False,Standard
386,Employee_386,REGISTERED NURSE,92705.49,0.0,4848.67,27360.91,2020,FT,97554.159921875,False,Medium
387,Employee_387,SPECIAL NURSE,85477.82,9861.78,123.96,26854.31,2022,FT,95463.55999908448,False,Medium
388,Employee_388,RECREATION LEADER,37874.86,4230.65,296.99,12539.46,2022,PT,42402.49999023438,False,Standard
389,Employee_389,SOCIAL WORKER,63736.92,2484.56,3978.79,26929.85,2020,FT,70200.2700390625,False,Standard
390,Employee_390,POLICE OFFICER 3,73310.31,4616.14,621.92,24430.79,2022,PT,78548.36998291015,False,Medium
391,Employee_391,SENIOR ENGINEER,111249.57,981.98,4467.62,34457.66,2020,FT,116699.1701171875,False,Medium
392,Employee_392,POLICE OFFICER 3,88202.03,0.0,3054.88,32959.91,2021,FT,91256.9098828125,False,Medium
393,Employee_393,GENERAL LABORER,75678.12,19387.08,620.78,24466.76,2022,FT,95685.98002929687,False,Medium
394,Employee_394,DIRECTOR OF PUBLIC WORKS,138898.42,0.0,1785.67,46752.44,2019,FT,140684.09004394533,True,Medium
395,Employee_395,SENIOR ENGINEER,92667.56,1387.57,353.68,29977.49,2020,FT,94408.80999267579,False,Medium
396,Employee_396,SOCIAL WORKER,56522.97,0.0,3046.93,20475.89,2022,FT,59569.899931640626,False,Standard
397,Employee_397,TRANSIT OPERATOR,64774.71,5437.5,7663.39,28009.12,2021,FT,77875.60013671874,False,Medium
398,Employee_398,FIREFIGHTER,70379.82,0.0,887.89,25066.09,2023,PT,71267.71001464844,False,Standard
399,Employee_399,DEPUTY SHERIFF,69306.41,4988.13,3601.33,26910.11,2019,FT,77895.87007812501,False,Medium
400,Employee_400,CUSTODIAN,32288.54,2509.46,2073.32,12117.73,2022,PT,36871.320068359375,False,Standard
401,Employee_401,CHIEF INVESTMENT OFFICER,111690.6,6702.35,2072.17,32537.05,2023,PT,120465.11992187501,True,Medium
402,Employee_402,ANIMAL CARE ATTENDANT,71124.11,0.0,1504.38,27762.89,2023,FT,72628.49000488281,False,Standard
403,Employee_403,CUSTODIAN,64372.6,7014.19,572.25,26134.7,2019,PT,71959.04,False,Standard
404,Employee_404,CHIEF INVESTMENT OFFICER,117114.34,6276.03,3005.42,49072.93,2023,PT,126395.789921875,True,Medium
405,Employee_405,CHIEF OF POLICE,143567.69,4173.5,1133.77,53306.27,2020,PT,148874.96001953125,True,Medium
406,Employee_406,CHIEF OF POLICE,87157.54,0.0,714.4,25194.73,2020,PT,87871.94002441406,True,Medium
407,Employee_407,SENIOR CLERK,48670.9,4181.48,5042.52,18212.52,2020,FT,57894.900019531255,False,Standard
409,Employee_409,ACCOUNTANT INTERN,85282.29,1063.13,1315.7,22386.31,2022,FT,87661.11995117187,False,Medium
410,Employee_410,TRANSIT OPERATOR,103751.06,0.0,6020.17,34202.76,2021,FT,109771.229921875,False,Medium
411,Employee_411,POLICE OFFICER 3,85642.56,0.0,3508.24,26908.87,2019,PT,89150.79999023437,False,Medium
412,Employee_412,FIREFIGHTER,40634.72,0.0,5818.46,11640.64,2023,FT,46453.1799609375,False,Standard
413,Employee_413,DEPUTY SHERIFF,65352.66,0.0,640.56,24883.96,2020,FT,65993.2199975586,False,Standard
414,Employee_414,REGISTERED NURSE,75132.69,6127.73,2634.6,22784.31,2019,FT,83895.02009765625,False,Medium
415,Employee_415,TRANSIT OPERATOR,73551.82,2590.42,235.81,24833.77,2021,FT,76378.0499975586,False,Medium
416,Employee_416,ASSISTANT MEDICAL EXAMINER,80786.09,7848.6,769.0,,2021,PT,89403.69,False,Medium
417,Employee_417,CHIEF INVESTMENT OFFICER,92986.24,4053.59,5941.66,35082.93,2022,FT,102981.49015625,True,Medium
418,Employee_418,REGISTERED NURSE,71298.86,0.0,7568.65,21720.32,2023,FT,78867.50990234375,False,Medium
419,Employee_419,CUSTODIAN,78406.46,0.0,1336.32,27330.38,2019,FT,79742.77994628907,False,Medium
420,Employee_420,CHIEF OF POLICE,155724.15,16422.39,3006.42,63692.54,2020,PT,175152.95992187498,True,High
421,Employee_421,ACCOUNTANT INTERN,53885.64,522.28,2170.97,21398.97,2021,PT,56578.88997070312,False,Standard
422,Employee_422,ASSISTANT MEDICAL EXAMINER,63096.86,13336.1,7191.52,24903.21,2022,FT,83624.48001953126,False,Medium
423,Employee_423,ANIMAL CARE ATTENDANT,20000.0,0.0,4339.45,6208.71,2022,PT,24339.4501953125,False,Standard
424,Employee_424,DIRECTOR OF PUBLIC WORKS,97870.29,8842.58,3131.37,37478.0,2020,FT,109844.2401171875,True,Medium
425,Employee_425,ELECTRICAL TRANSIT SYSTEM MECHANIC,59511.7,0.0,181.38,16944.79,2022,PT,59693.08000488281,False,Standard
426,Employee_426,FIREFIGHTER,49608.31,10881.11,5067.89,24068.33,2023,FT,65557.31013671875,False,Standard
427,Employee_427,SOCIAL WORKER,73312.24,0.0,918.41,26127.87,2021,FT,74230.64997314454,False,Standard
428,Employee_428,ANIMAL CARE ATTENDANT,68881.09,10453.81,7544.15,31795.82,2023,FT,86879.04990234374,False,Medium
429,Employee_429,TRANSIT OPERATOR,24815.72,15078.64,31.85,15776.03,2022,FT,39926.21000038147,False,Standard
430,Employee_430,SENIOR ENGINEER,96603.21,2447.84,4372.3,34924.21,2020,FT,103423.3498046875,False,Medium
431,Employee_431,SPECIAL NURSE,51433.52,0.0,5596.02,21993.27,2020,FT,57029.54001953125,False,Standard
432,Employee_432,SENIOR ENGINEER,103627.91,859.32,1961.91,36861.63,2022,FT,106449.1400341797,False,Medium
433,Employee_433,RECREATION LEADER,44362.98,0.0,2361.37,12954.87,2020,FT,46724.3501171875,False,Standard
434,Employee_434,REGISTERED NURSE,70600.13,14268.54,3148.89,32557.36,2020,FT,88017.55989257814,False,Medium
435,Employee_435,SENIOR CLERK,83637.75,0.0,148.49,29664.92,2020,FT,83786.24000549316,False,Medium
436,Employee_436,REGISTERED NURSE,76062.04,0.0,4721.02,32045.91,2022,PT,80783.06001953124,False,Medium
437,Employee_437,ASSISTANT DEPUTY CHIEF 2,130489.1,13665.41,2182.04,41927.59,2020,FT,146336.5500390625,True,Medium
438,Employee_438,ACCOUNTANT INTERN,64896.72,0.0,3102.02,20397.5,2022,FT,67998.74001953125,False,Standard
440,Employee_440,ELECTRICAL TRANSIT SYSTEM MECHANIC,40455.84,1297.37,8576.01,13057.08,2023,FT,50329.219765625,False,Standard
441,Employee_441,CHIEF INVESTMENT OFFICER,104980.07,4757.69,708.44,38101.73,2023,FT,110446.20000244142,True,Medium
442,Employee_442,CUSTODIAN,69834.4,35.94,6816.23,25331.22,2019,FT,76686.56998046875,False,Medium
444,Employee_444,CHIEF OF POLICE,148507.63,6644.58,7082.6,44576.98,2020,FT,162234.81009765624,True,High
445,Employee_445,CHIEF OF POLICE,115948.05,8109.73,1674.93,46713.43,2023,FT,125732.71005371094,True,Medium
446,Employee_446,HEAD LIBRARIAN,76049.62,0.0,2553.96,19833.0,2022,FT,78603.5799609375,True,Medium
447,Employee_447,CUSTODIAN,64438.07,3654.67,818.94,24947.83,2020,PT,68911.68000244141,False,Standard
448,Employee_448,CHIEF INVESTMENT OFFICER,134130.95,0.0,2418.42,49144.13,2021,FT,136549.369921875,True,Medium
450,Employee_450,CUSTODIAN,107567.58,8366.28,3136.43,37081.78,2021,FT,119070.28993164063,False,Medium
451,Employee_451,CHIEF INVESTMENT OFFICER,101919.26,3026.54,5661.15,28121.61,2021,FT,110606.94990234374,True,Medium
452,Employee_452,ACCOUNTANT INTERN,68530.43,7071.38,10.66,27996.76,2019,FT,75612.46999984741,False,Medium
454,Employee_454,TRANSIT OPERATOR,69531.54,0.0,2048.32,20909.77,2020,FT,71579.86006835937,False,Standard
455,Employee_455,DIRECTOR OF PUBLIC WORKS,101978.98,5030.77,1884.04,42688.26,2023,FT,108893.7900390625,True,Medium
456,Employee_456,ASSISTANT DEPUTY CHIEF 2,70226.74,779.57,1442.42,21392.6,2023,PT,72448.73004394532,True,Standard
457,Employee_457,POLICE OFFICER 3,59783.31,6528.7,875.9,19368.32,2022,FT,67187.91002441406,False,Standard
458,Employee_458,HEAD LIBRARIAN,72788.93,0.0,5595.95,31040.85,2019,FT,78384.8801953125,True,Medium
459,Employee_459,RECREATION LEADER,35467.87,4396.43,911.49,10719.54,2023,FT,40775.78999023438,False,Standard
460,Employee_460,REGISTERED NURSE,54086.42,0.0,6278.23,16546.17,2020,FT,60364.64998046875,False,Standard
461,Employee_461,SENIOR ENGINEER,63775.62,0.0,2038.23,20780.57,2021,FT,65813.84998046875,False,Standard
462,Employee_462,REGISTERED NURSE,81675.73,15485.95,3945.29,37222.63,2023,FT,101106.9700390625,False,Medium
463,Employee_463,SENIOR ENGINEER,106628.39,2480.63,3673.13,43156.52,2023,FT,112782.1498828125,False,Medium
464,Employee_464,ELECTRICAL TRANSIT SYSTEM MECHANIC,51922.41,11008.02,472.82,23037.28,2019,PT,63403.250007324226,False,Standard
465,Employee_465,TRANSIT OPERATOR,64795.43,3602.53,3101.61,28344.31,2020,FT,71499.57010742188,False,Standard
466,Employee_466,CHIEF INVESTMENT OFFICER,59103.26,0.0,7785.0,16891.09,2022,FT,66888.26000000001,True,Standard
467,Employee_467,POLICE OFFICER 3,60113.2,0.0,2754.84,24415.65,2021,FT,62868.04008789062,False,Standard
468,Employee_468,DIRECTOR OF PUBLIC WORKS,132565.38,10502.38,4703.83,39521.8,2020,FT,147771.590078125,True,Medium
469,Employee_469,POLICE OFFICER 3,86498.76,1744.36,4079.82,35687.84,2021,FT,92322.94006835937,False,Medium
470,Employee_470,ACCOUNTANT INTERN,55739.06,0.0,2921.15,22894.85,2023,FT,58660.20990234375,False,Standard
472,Employee_472,ANIMAL CARE ATTENDANT,39686.16,2912.68,3641.95,17301.28,2022,FT,46240.78995117188,False,Standard
473,Employee_473,SENIOR CLERK,58561.68,0.0,4289.85,21654.95,2022,FT,62851.53009765625,False,Standard
474,Employee_474,SENIOR CLERK,109451.21,0.0,2056.49,29557.72,2023,FT,111507.69999023438,False,Medium
475,Employee_475,HEAD LIBRARIAN,155133.64,2505.79,2741.91,54596.25,2020,FT,160381.3399121094,True,High
476,Employee_476,ANIMAL CARE ATTENDANT,79868.64,2778.77,1447.77,33336.05,2020,FT,84095.18001953125,False,Medium
477,Employee_477,RECREATION LEADER,69193.15,0.0,825.42,20740.49,2021,PT,70018.56998291015,False,Standard
478,Employee_478,TRANSIT OPERATOR,26096.33,14548.67,5887.89,11641.19,2021,PT,46532.89013671875,False,Standard
479,Employee_479,HEAD LIBRARIAN,44326.59,4437.55,199.44,19414.98,2021,FT,48963.580002441406,True,Standard
480,Employee_480,REGISTERED NURSE,72588.19,2013.85,2184.31,23964.83,2022,FT,76786.35005859376,False,Medium
481,Employee_481,CUSTODIAN,62838.75,2111.37,4387.15,21816.27,2022,FT,69337.26990234375,False,Standard
482,Employee_482,RECREATION LEADER,47883.3,5584.57,2261.18,19889.24,2020,FT,55729.04993164063,False,Standard
483,Employee_483,DEPUTY SHERIFF,71310.65,0.0,3783.83,25581.52,2022,FT,75094.480078125,False,Medium
484,Employee_484,ANIMAL CARE ATTENDANT,72302.63,0.0,4724.8,22746.05,2020,PT,77027.4298046875,False,Medium
485,Employee_485,SENIOR CLERK,115554.81,3145.11,2476.17,32111.26,2021,FT,121176.089921875,False,Medium
486,Employee_486,FIREFIGHTER,72732.05,15344.38,3418.16,34228.53,2019,FT,91494.58991210938,False,Medium
487,Employee_487,GENERAL LABORER,94567.89,3427.91,672.72,31821.25,2020,FT,98668.51997070313,False,Medium
488,Employee_488,ASSISTANT DEPUTY CHIEF 2,126287.79,3784.13,2153.22,46393.99,2023,FT,132225.1399707031,True,Medium
490,Employee_490,DIRECTOR OF PUBLIC WORKS,155186.61,0.0,1183.43,39508.2,2022,PT,156370.04005371092,True,High
491,Employee_491,ACCOUNTANT INTERN,50431.18,5229.64,1817.21,21778.87,2019,PT,57478.0299609375,False,Standard
492,Employee_492,SOCIAL WORKER,126288.95,0.0,2921.16,46873.46,2022,PT,129210.10991210937,False,Medium
493,Employee_493,SENIOR ENGINEER,100756.69,12916.23,612.63,44802.59,2020,FT,114285.55000488281,False,Medium
494,Employee_494,DIRECTOR OF PUBLIC WORKS,131948.19,9788.08,2555.11,,2022,PT,144291.38010742186,True,Medium
495,Employee_495,CUSTODIAN,80501.92,2802.15,2465.44,25590.48,2023,PT,85769.50994140624,False,Medium
496,Employee_496,ELECTRICAL TRANSIT SYSTEM MECHANIC,107542.73,0.0,3160.4,38659.95,2021,FT,110703.12990234375,False,Medium
497,Employee_497,REGISTERED NURSE,85850.15,2426.11,3498.45,35688.33,2019,FT,91774.70995117187,False,Medium
498,Employee_498,GENERAL LABORER,37898.88,0.0,968.3,15504.13,2021,FT,38867.179987792966,False,Standard
499,Employee_499,ACCOUNTANT INTERN,98069.41,5182.62,2551.91,33064.86,2019,PT,105803.93991210937,False,Medium
500,Employee_500,ELECTRICAL TRANSIT SYSTEM MECHANIC,63182.07,0.0,2708.02,21802.01,2021,FT,65890.09001953126,False,Standard
501,Employee_501,REGISTERED NURSE,72143.1,13230.79,5286.67,24984.48,2019,PT,90660.55992187501,False,Medium
504,Employee_504,SOCIAL WORKER,56972.51,9403.88,3692.15,25911.16,2020,FT,70068.53990234375,False,Standard
505,Employee_505,DEPUTY SHERIFF,72003.39,0.0,1860.53,,2019,FT,73863.92002929687,False,Standard
506,Employee_506,SENIOR CLERK,83613.43,0.0,1052.68,36832.6,2023,FT,84666.11005371093,False,Medium
507,Employee_507,ASSISTANT DEPUTY CHIEF 2,195300.46,12516.78,1274.59,,2023,FT,209091.8299658203,True,High
508,Employee_508,DEPUTY SHERIFF,109645.21,7652.09,4233.8,39387.68,2023,FT,121531.0998046875,False,Medium
509,Employee_509,DEPUTY SHERIFF,70930.26,0.0,2215.35,24371.35,2019,PT,73145.61009765624,False,Standard
510,Employee_510,FIREFIGHTER,71279.55,11435.03,785.96,27595.01,2020,FT,83500.54002197266,False,Medium
511,Employee_511,CHIEF INVESTMENT OFFICER,112556.05,3454.62,3602.94,,2023,FT,119613.60994140625,True,Medium
513,Employee_513,RECREATION LEADER,63421.6,14329.46,785.17,20542.68,2019,FT,78536.22998291015,False,Medium
515,Employee_515,CHIEF INVESTMENT OFFICER,161229.34,3950.95,4843.14,56079.82,2020,FT,170023.43013671876,True,High
516,Employee_516,REGISTERED NURSE,59234.02,0.0,4166.21,22455.23,2023,FT,63400.2299609375,False,Standard
517,Employee_517,SOCIAL WORKER,69244.9,0.0,4546.13,24138.98,2019,FT,73791.0298828125,False,Standard
518,Employee_518,SPECIAL NURSE,38373.78,8802.51,1305.26,14705.72,2023,FT,48481.550009765626,False,Standard
519,Employee_519,SENIOR CLERK,109308.95,0.0,1386.22,28522.84,2022,FT,110695.16997070312,False,Medium
520,Employee_520,DIRECTOR OF PUBLIC WORKS,184989.48,2068.76,55.76,68835.9,2023,PT,187113.99999832155,True,High
522,Employee_522,POLICE OFFICER 3,99235.98,3869.75,416.31,,2020,FT,103522.03999755859,False,Medium
523,Employee_523,FIREFIGHTER,53077.96,13.97,700.8,17232.16,2023,FT,53792.72998779297,False,Standard
524,Employee_524,RECREATION LEADER,74726.49,4774.25,3799.7,24140.62,2019,FT,83300.43995117188,False,Medium
525,Employee_525,CUSTODIAN,51136.8,5592.54,5553.62,18152.74,2020,FT,62282.960117187504,False,Standard
526,Employee_526,CUSTODIAN,65444.69,1747.63,3194.78,18267.22,2020,FT,70387.10002929688,False,Standard
527,Employee_527,ACCOUNTANT INTERN,85444.23,0.0,7382.95,33059.46,2019,FT,92827.1801953125,False,Medium
528,Employee_528,POLICE OFFICER 3,72036.41,11732.99,116.55,24392.43,2019,FT,83885.95000305177,False,Medium
529,Employee_529,ACCOUNTANT INTERN,41747.18,9819.39,3513.92,16236.86,2019,FT,55080.489921875,False,Standard
530,Employee_530,ACCOUNTANT INTERN,43699.42,2342.51,4143.88,20025.39,2019,FT,50185.8098828125,False,Standard
531,Employee_531,DIRECTOR OF PUBLIC WORKS,72040.43,0.0,315.5,24904.02,2020,PT,72355.93,True,Standard
532,Employee_532,POLICE OFFICER 3,79829.05,0.0,1178.92,,2019,FT,81007.97004394532,False,Medium
533,Employee_533,POLICE OFFICER 3,111277.89,3414.48,3309.39,36341.12,2019,FT,118001.75989257812,False,Medium
534,Employee_534,DEPUTY SHERIFF,97249.16,8036.38,697.63,31109.1,2023,FT,105983.17000488282,False,Medium
535,Employee_535,DIRECTOR OF PUBLIC WORKS,54536.5,4876.79,2506.68,15534.33,2019,FT,61919.969931640626,True,Standard
536,Employee_536,POLICE OFFICER 3,98421.52,19561.29,697.09,44888.65,2019,PT,118679.90002685547,False,Medium
537,Employee_537,SENIOR CLERK,115346.41,12743.63,816.35,41375.48,2019,FT,128906.38997558595,False,Medium
538,Employee_538,REGISTERED NURSE,39094.0,0.0,2269.88,14807.59,2019,PT,41363.8798828125,False,Standard
539,Employee_539,ASSISTANT DEPUTY CHIEF 2,115084.74,5495.02,5719.17,49736.33,2021,FT,126298.92992187501,True,Medium
540,Employee_540,TRANSIT OPERATOR,91910.45,0.0,4030.72,24026.04,2023,FT,95941.16997070312,False,Medium
541,Employee_541,ASSISTANT MEDICAL EXAMINER,81008.67,0.0,2866.51,29461.66,2022,FT,83875.18000976562,False,Medium
542,Employee_542,SPECIAL NURSE,43818.1,0.0,3824.05,12758.38,2021,FT,47642.15004882812,False,Standard
543,Employee_543,FIREFIGHTER,82214.84,1235.35,2335.26,27339.37,2019,FT,85785.45000976563,False,Medium
544,Employee_544,POLICE OFFICER 3,27249.99,3713.7,1706.52,,2022,FT,32670.210019531252,False,Standard
545,Employee_545,RECREATION LEADER,65543.56,0.0,1931.9,,2019,FT,67475.46002441406,False,Standard
546,Employee_546,SPECIAL NURSE,92759.14,0.0,2613.66,38000.53,2022,FT,95372.79991210937,False,Medium
547,Employee_547,SENIOR CLERK,91478.25,2514.32,75.66,31712.79,2021,FT,94068.23000366212,False,Medium
548,Employee_548,DIRECTOR OF PUBLIC WORKS,102036.12,0.0,1452.95,32003.89,2023,FT,103489.06995117187,True,Medium
549,Employee_549,CHIEF OF POLICE,158016.47,29.66,5551.82,41378.26,2020,FT,163597.94982421875,True,High
551,Employee_551,ANIMAL CARE ATTENDANT,96200.79,14343.36,1089.66,36195.43,2021,FT,111633.81003417968,False,Medium
552,Employee_552,ELECTRICAL TRANSIT SYSTEM MECHANIC,87486.85,0.0,1814.88,25209.66,2021,FT,89301.73000488282,False,Medium
553,Employee_553,RECREATION LEADER,91627.5,638.2,1391.7,30304.46,2023,FT,93657.39995117187,False,Medium
554,Employee_554,CUSTODIAN,84658.17,3589.91,3168.35,23029.48,2022,FT,91416.43009765625,False,Medium
555,Employee_555,CHIEF INVESTMENT OFFICER,135559.03,0.0,966.6,54599.55,2021,FT,136525.62997558594,True,Medium
556,Employee_556,CHIEF OF POLICE,129222.32,0.0,6345.87,40645.67,2021,FT,135568.1901171875,True,Medium
558,Employee_558,SOCIAL WORKER,45752.63,0.0,2535.73,17756.44,2020,PT,48288.35998046875,False,Standard
559,Employee_559,ANIMAL CARE ATTENDANT,50893.77,1481.29,4390.45,20260.56,2019,FT,56765.5101953125,False,Standard
561,Employee_561,ASSISTANT DEPUTY CHIEF 2,134692.28,0.0,2280.1,53583.44,2019,FT,136972.38009765625,True,Medium
563,Employee_563,CHIEF OF POLICE,124495.3,7836.23,2540.15,41616.0,2021,FT,134871.67990234375,True,Medium
565,Employee_565,SOCIAL WORKER,91586.31,9207.88,1178.46,26181.85,2022,FT,101972.6499609375,False,Medium
566,Employee_566,FIREFIGHTER,65371.06,6707.38,2995.56,26842.09,2020,FT,75074.00005859375,False,Medium
568,Employee_568,DEPUTY SHERIFF,65129.44,11506.66,1316.18,30176.36,2019,FT,77952.28005371094,False,Medium
569,Employee_569,HEAD LIBRARIAN,144664.08,12693.6,602.78,56506.47,2022,FT,157960.46002929687,True,High
570,Employee_570,ASSISTANT DEPUTY CHIEF 2,148890.36,20800.52,1467.26,57308.0,2020,FT,171158.1400097656,True,High
571,Employee_571,ACCOUNTANT INTERN,46190.32,0.0,4563.84,15953.82,2022,FT,50754.15984375,False,Standard
572,Employee_572,ELECTRICAL TRANSIT SYSTEM MECHANIC,73230.49,4978.42,1678.96,31811.65,2023,FT,79887.8699609375,False,Medium
573,Employee_573,DEPUTY SHERIFF,102962.24,0.0,3735.67,38462.12,2022,FT,106697.909921875,False,Medium
574,Employee_574,SPECIAL NURSE,66375.38,0.0,34.04,24644.13,2020,FT,66409.42000091553,False,Standard
575,Employee_575,TRANSIT OPERATOR,78954.3,4646.12,2726.19,32269.56,2023,PT,86326.60994140625,False,Medium
576,Employee_576,GENERAL LABORER,80917.58,0.0,307.01,20572.66,2022,FT,81224.59000976563,False,Medium
577,Employee_577,ACCOUNTANT INTERN,49267.54,6387.91,298.95,14447.57,2022,PT,55954.40001220703,False,Standard
578,Employee_578,CHIEF OF POLICE,144385.49,88.55,6569.28,42255.09,2023,FT,151043.31978515623,True,High
579,Employee_579,SOCIAL WORKER,42123.3,121.57,2227.26,15488.87,2023,PT,44472.13000976563,False,Standard
580,Employee_580,REGISTERED NURSE,57487.52,0.0,3456.1,,2019,PT,60943.62009765625,False,Standard
582,Employee_582,RECREATION LEADER,77135.13,7565.13,4056.57,35143.25,2022,FT,88756.83006835938,False,Medium
583,Employee_583,REGISTERED NURSE,63910.44,0.0,1993.29,17396.34,2020,FT,65903.7300390625,False,Standard
585,Employee_585,ELECTRICAL TRANSIT SYSTEM MECHANIC,68798.16,1297.83,254.88,22662.24,2022,PT,70350.87000488282,False,Standard
586,Employee_586,ACCOUNTANT INTERN,70251.57,6486.54,2473.72,24779.45,2020,FT,79211.82997070313,False,Medium
587,Employee_587,ASSISTANT MEDICAL EXAMINER,83136.37,0.0,2677.83,21782.63,2021,FT,85814.200078125,False,Medium
588,Employee_588,REGISTERED NURSE,55452.65,0.0,1815.09,20568.85,2022,PT,57267.739965820314,False,Standard
589,Employee_589,RECREATION LEADER,70806.73,8516.81,618.27,,2022,FT,79941.81001953124,False,Medium
590,Employee_590,RECREATION LEADER,63754.64,0.0,434.45,19118.31,2023,FT,64189.09001220703,False,Standard
591,Employee_591,ANIMAL CARE ATTENDANT,38287.93,0.0,1457.76,13018.48,2019,PT,39745.690009765625,False,Standard
592,Employee_592,SOCIAL WORKER,51590.88,5258.08,7954.09,22095.66,2020,FT,64803.04984375,False,Standard
593,Employee_593,DEPUTY SHERIFF,101364.13,0.0,799.56,31174.92,2023,FT,102163.6899975586,False,Medium
594,Employee_594,CHIEF INVESTMENT OFFICER,139850.04,0.0,930.87,48194.56,2021,FT,140780.9099951172,True,Medium
595,Employee_595,CUSTODIAN,43528.23,6256.57,1399.42,,2020,FT,51184.220043945315,False,Standard
596,Employee_596,ANIMAL CARE ATTENDANT,39192.91,11626.43,3906.63,,2020,FT,54725.969882812504,False,Standard
597,Employee_597,DIRECTOR OF PUBLIC WORKS,115186.43,10074.73,1875.98,45486.74,2020,FT,127137.13998046874,True,Medium
598,Employee_598,ANIMAL CARE ATTENDANT,101223.73,0.0,688.68,27167.3,2021,FT,101912.40999267578,False,Medium
599,Employee_599,HEAD LIBRARIAN,99397.26,2165.26,911.61,,2020,PT,102474.12998535155,True,Medium
600,Employee_600,HEAD LIBRARIAN,144209.99,10916.1,374.53,46747.51,2022,PT,155500.6199987793,True,High
601,Employee_601,DIRECTOR OF PUBLIC WORKS,130965.65,13428.37,2887.67,57489.24,2021,PT,147281.689921875,True,Medium
602,Employee_602,ANIMAL CARE ATTENDANT,79425.01,4701.08,10053.13,32068.56,2022,FT,94179.2198828125,False,Medium
603,Employee_603,SENIOR ENGINEER,56271.27,12467.0,3652.59,18397.17,2019,FT,72390.86008789061,False,Standard
604,Employee_604,REGISTERED NURSE,88750.46,3028.67,1721.03,33674.49,2022,PT,93500.16002929688,False,Medium
605,Employee_605,RECREATION LEADER,63301.36,0.0,5.07,17835.71,2023,FT,63306.43000017166,False,Standard
606,Employee_606,ASSISTANT DEPUTY CHIEF 2,157071.33,0.0,2030.2,60711.57,2019,FT,159101.52995117186,True,High
607,Employee_607,CUSTODIAN,53716.6,2090.76,4201.07,23538.28,2020,FT,60008.42982421875,False,Standard
608,Employee_608,CHIEF OF POLICE,132373.78,5350.5,4038.06,50224.75,2022,FT,141762.34005859375,True,Medium
609,Employee_609,CHIEF INVESTMENT OFFICER,138672.11,0.0,601.7,45950.74,2022,FT,139273.81001220702,True,Medium
610,Employee_610,SOCIAL WORKER,66919.33,0.0,5640.0,24692.63,2022,FT,72559.33,False,Standard
611,Employee_611,RECREATION LEADER,78090.9,10324.25,2063.32,28439.94,2021,FT,90478.47006835937,False,Medium
612,Employee_612,SENIOR CLERK,84073.68,1399.27,4324.28,23575.13,2022,FT,89797.22978515625,False,Medium
613,Employee_613,ANIMAL CARE ATTENDANT,57018.8,3762.5,2888.59,24788.38,2022,FT,63669.89008789063,False,Standard
614,Employee_614,ELECTRICAL TRANSIT SYSTEM MECHANIC,102109.67,3817.44,1468.59,32151.91,2019,FT,107395.69996582031,False,Medium
615,Employee_615,ASSISTANT MEDICAL EXAMINER,90979.06,0.0,864.65,,2022,PT,91843.71002441406,False,Medium
616,Employee_616,HEAD LIBRARIAN,82174.06,0.0,1563.39,23337.52,2021,PT,83737.45001464844,True,Medium
618,Employee_618,DEPUTY SHERIFF,55146.42,0.0,475.59,21769.6,2021,FT,55622.00999633789,False,Standard
619,Employee_619,SPECIAL NURSE,46306.31,2513.42,3319.22,15767.59,2021,FT,52138.94997070312,False,Standard
620,Employee_620,REGISTERED NURSE,90676.19,0.0,1248.21,26566.23,2019,FT,91924.3999609375,False,Medium
621,Employee_621,SENIOR CLERK,46693.41,3243.55,4340.18,20126.26,2023,FT,54277.14017578126,False,Standard
622,Employee_622,CHIEF OF POLICE,159366.81,53.88,2938.82,50882.09,2020,PT,162359.51006835938,True,High
623,Employee_623,POLICE OFFICER 3,64945.55,0.0,1606.33,26299.19,2020,PT,66551.87995605469,False,Standard
624,Employee_624,ELECTRICAL TRANSIT SYSTEM MECHANIC,65769.07,7768.9,1327.96,28837.05,2021,FT,74865.9299609375,False,Standard
625,Employee_625,DIRECTOR OF PUBLIC WORKS,132931.54,2582.4,4794.32,51060.66,2023,FT,140308.25982421875,True,Medium
627,Employee_627,GENERAL LABORER,53473.14,0.0,1212.85,19430.98,2022,FT,54685.98997558594,False,Standard
628,Employee_628,GENERAL LABORER,84354.51,3955.38,1791.51,35868.3,2020,PT,90101.40000976562,False,Medium
629,Employee_629,CHIEF OF POLICE,130081.34,6441.92,8399.99,44345.63,2023,PT,144923.250234375,True,Medium
630,Employee_630,GENERAL LABORER,44878.9,6769.32,17.73,19748.55,2023,FT,51665.94999954224,False,Standard
632,Employee_632,CUSTODIAN,97625.58,0.0,2780.41,39730.51,2021,PT,100405.98991210938,False,Medium
633,Employee_633,SENIOR CLERK,134591.46,0.0,231.44,46923.59,2019,PT,134822.9000024414,False,Medium
634,Employee_634,GENERAL LABORER,84346.97,11020.4,2483.4,25879.09,2022,FT,97850.76990234375,False,Medium
635,Employee_635,POLICE OFFICER 3,46193.13,2066.02,656.5,15743.84,2023,FT,48915.649999999994,False,Standard
636,Employee_636,ASSISTANT MEDICAL EXAMINER,79812.14,1771.68,926.59,21243.07,2021,FT,82510.41002685546,False,Medium
637,Employee_637,FIREFIGHTER,87017.22,0.0,2983.82,27833.84,2021,FT,90001.04006835938,False,Medium
638,Employee_638,CUSTODIAN,84514.16,231.15,1926.69,33568.69,2021,FT,86671.99994140625,False,Medium
639,Employee_639,ANIMAL CARE ATTENDANT,85699.09,11512.63,4697.28,29026.77,2019,FT,101908.99978515625,False,Medium
640,Employee_640,ACCOUNTANT INTERN,77265.26,0.0,2172.28,31186.0,2022,FT,79437.54002929687,False,Medium
641,Employee_641,ASSISTANT MEDICAL EXAMINER,68551.75,2888.8,5271.52,20327.81,2022,PT,76712.07001953125,False,Medium
642,Employee_642,ACCOUNTANT INTERN,57832.65,1250.33,3740.98,21970.9,2023,FT,62823.95998046875,False,Standard
643,Employee_643,RECREATION LEADER,32041.29,0.0,1821.38,13370.77,2023,FT,33862.67000488281,False,Standard
644,Employee_644,CHIEF OF POLICE,138227.1,0.0,116.22,48160.5,2021,FT,138343.3200012207,True,Medium
645,Employee_645,ANIMAL CARE ATTENDANT,73721.06,0.0,541.21,28579.88,2023,FT,74262.27002197265,False,Standard
646,Employee_646,CUSTODIAN,81151.52,5618.0,2411.53,35552.43,2021,FT,89181.05002929688,False,Medium
647,Employee_647,SENIOR CLERK,56223.86,0.0,1198.76,19884.1,2022,FT,57422.620009765626,False,Standard
648,Employee_648,ASSISTANT DEPUTY CHIEF 2,149220.6,0.0,2438.0,55710.21,2022,FT,151658.6,True,High
649,Employee_649,CHIEF INVESTMENT OFFICER,199963.62,0.0,7146.26,52771.14,2023,FT,207109.879765625,True,High
650,Employee_650,RECREATION LEADER,71569.0,0.0,3584.96,23605.6,2022,FT,75153.9599609375,False,Medium
651,Employee_651,CHIEF OF POLICE,123780.05,0.0,594.56,36471.59,2019,FT,124374.6099975586,True,Medium
652,Employee_652,HEAD LIBRARIAN,114270.07,3149.69,2318.1,44737.39,2019,FT,119737.86009765626,True,Medium
653,Employee_653,FIREFIGHTER,110646.74,0.0,1380.34,39392.83,2021,FT,112027.07996582032,False,Medium
654,Employee_654,ANIMAL CARE ATTENDANT,49527.04,0.0,4435.29,18463.87,2021,PT,53962.3300390625,False,Standard
655,Employee_655,ASSISTANT DEPUTY CHIEF 2,133315.45,0.0,1338.15,52479.06,2022,FT,134653.60002441407,True,Medium
656,Employee_656,ASSISTANT DEPUTY CHIEF 2,97212.33,117.9,3625.95,26584.81,2021,FT,100956.17995117187,True,Medium
657,Employee_657,ANIMAL CARE ATTENDANT,59059.91,0.0,1456.62,23787.61,2021,FT,60516.52999511719,False,Standard
658,Employee_658,HEAD LIBRARIAN,103512.29,6299.01,4151.0,30213.08,2023,PT,113962.29999999999,True,Medium
659,Employee_659,SPECIAL NURSE,96946.46,14309.42,2791.77,34448.39,2020,FT,114047.65001953125,False,Medium
660,Employee_660,CUSTODIAN,106019.81,8717.94,6812.55,41879.07,2021,FT,121550.2998046875,False,Medium
661,Employee_661,POLICE OFFICER 3,78962.84,0.0,1337.45,24188.17,2021,PT,80300.28995117187,False,Medium
662,Employee_662,SENIOR ENGINEER,81208.54,336.36,4381.2,,2021,FT,85926.1001953125,False,Medium
664,Employee_664,FIREFIGHTER,61448.91,0.0,1652.52,23617.34,2023,FT,63101.43001953125,False,Standard
665,Employee_665,DIRECTOR OF PUBLIC WORKS,99581.38,0.0,1276.69,28796.83,2021,PT,100858.06994140625,True,Medium
666,Employee_666,ASSISTANT MEDICAL EXAMINER,34501.14,2048.15,2766.81,10902.81,2021,PT,39316.10005859375,False,Standard
668,Employee_668,SOCIAL WORKER,89364.91,0.0,5175.08,30595.77,2019,FT,94539.990078125,False,Medium
669,Employee_669,ACCOUNTANT INTERN,118356.11,2165.93,6223.85,34301.25,2021,PT,126745.89009765624,False,Medium
670,Employee_670,REGISTERED NURSE,42209.53,0.0,2995.46,13461.57,2020,FT,45204.9899609375,False,Standard
671,Employee_671,CHIEF INVESTMENT OFFICER,178494.15,5337.39,7141.02,71818.12,2019,FT,190972.56001953126,True,High
672,Employee_672,DIRECTOR OF PUBLIC WORKS,121384.61,0.0,2278.92,48513.06,2019,PT,123663.529921875,True,Medium
673,Employee_673,HEAD LIBRARIAN,129183.01,0.0,5232.32,50178.77,2021,FT,134415.32982421876,True,Medium
674,Employee_674,SPECIAL NURSE,37044.46,0.0,3286.16,10086.58,2019,PT,40330.619912109374,False,Standard
675,Employee_675,HEAD LIBRARIAN,149042.45,0.0,352.39,50077.69,2022,FT,149394.84001464845,True,Medium
676,Employee_676,SENIOR ENGINEER,111449.44,7741.85,2543.7,33477.0,2021,FT,121734.98995117188,False,Medium
677,Employee_677,DIRECTOR OF PUBLIC WORKS,117677.06,229.37,3509.52,37197.24,2020,FT,121415.95001953124,True,Medium
678,Employee_678,SPECIAL NURSE,82902.25,10999.58,1903.41,,2022,FT,95805.24003417969,False,Medium
679,Employee_679,CHIEF OF POLICE,98442.17,2490.2,3238.57,40776.79,2021,FT,104170.94006835937,True,Medium
680,Employee_680,ACCOUNTANT INTERN,58411.2,3633.71,4596.09,22995.2,2022,FT,66640.99984375,False,Standard
682,Employee_682,REGISTERED NURSE,32945.44,0.0,6831.66,13779.55,2019,PT,39777.10015625,False,Standard
683,Employee_683,CHIEF INVESTMENT OFFICER,157023.31,7496.48,7034.81,67383.19,2020,PT,171554.60005859376,True,High
684,Employee_684,CHIEF INVESTMENT OFFICER,168897.37,4489.18,1107.23,,2021,FT,174493.77998046874,True,High
685,Employee_685,POLICE OFFICER 3,55973.12,3805.65,469.84,22436.47,2023,FT,60248.609996337895,False,Standard
686,Employee_686,ANIMAL CARE ATTENDANT,76964.06,10625.1,1372.33,25134.7,2019,FT,88961.48995605469,False,Medium
687,Employee_687,ELECTRICAL TRANSIT SYSTEM MECHANIC,64689.19,459.34,990.66,18053.76,2019,FT,66139.18997314453,False,Standard
688,Employee_688,DIRECTOR OF PUBLIC WORKS,130161.31,0.0,311.76,50209.96,2023,FT,130473.07000976562,True,Medium
690,Employee_690,ANIMAL CARE ATTENDANT,52331.5,12513.44,46.38,23436.33,2019,FT,64891.32000106812,False,Standard
692,Employee_692,ANIMAL CARE ATTENDANT,68722.59,0.0,8091.09,26323.99,2022,FT,76813.67984375,False,Medium
693,Employee_693,ACCOUNTANT INTERN,110442.18,0.0,4461.71,39427.49,2019,FT,114903.8899609375,False,Medium
694,Employee_694,ACCOUNTANT INTERN,70926.2,7057.9,5367.79,,2020,FT,83351.89003906249,False,Medium
696,Employee_696,DEPUTY SHERIFF,94538.82,793.18,2314.0,34447.03,2022,FT,97646.0,False,Medium
697,Employee_697,SENIOR ENGINEER,107400.8,0.0,3279.45,34010.76,2020,PT,110680.24995117188,False,Medium
698,Employee_698,DIRECTOR OF PUBLIC WORKS,143713.68,0.0,21.33,39521.5,2021,FT,143735.0099999237,True,Medium
699,Employee_699,SPECIAL NURSE,93812.01,0.0,722.81,32647.83,2020,PT,94534.81999755859,False,Medium
700,Employee_700,SPECIAL NURSE,56944.07,1277.45,4563.66,20376.65,2022,FT,62785.18015625,False,Standard
701,Employee_701,CHIEF OF POLICE,121418.88,0.0,5270.88,33153.61,2019,FT,126689.7598828125,True,Medium
702,Employee_702,DIRECTOR OF PUBLIC WORKS,113170.71,4465.84,2202.23,47136.7,2020,PT,119838.77998046875,True,Medium
703,Employee_703,POLICE OFFICER 3,44185.07,2912.66,1585.47,14466.84,2020,PT,48683.19997070312,False,Standard
704,Employee_704,POLICE OFFICER 3,64728.2,0.0,1113.22,16481.5,2023,FT,65841.41997070312,False,Standard
705,Employee_705,REGISTERED NURSE,96727.59,0.0,2323.99,,2023,FT,99051.57999023437,False,Medium
706,Employee_706,ASSISTANT DEPUTY CHIEF 2,134544.17,0.0,2225.61,46030.91,2021,PT,136769.7801074219,True,Medium
707,Employee_707,TRANSIT OPERATOR,43078.77,0.0,2766.21,,2019,FT,45844.9799609375,False,Standard
709,Employee_709,SENIOR CLERK,134284.18,0.0,2725.13,42567.54,2021,FT,137009.3098828125,False,Medium
710,Employee_710,SENIOR CLERK,88651.71,0.0,3250.7,31868.0,2023,FT,91902.40995117188,False,Medium
711,Employee_711,ASSISTANT MEDICAL EXAMINER,57051.8,0.0,2770.59,17207.59,2020,FT,59822.39008789063,False,Standard
712,Employee_712,CHIEF OF POLICE,116136.3,0.0,1604.59,41824.49,2023,FT,117740.88996582032,True,Medium
713,Employee_713,SENIOR ENGINEER,52590.0,4117.9,1240.21,16517.66,2023,FT,57948.1099609375,False,Standard
714,Employee_714,ANIMAL CARE ATTENDANT,98461.9,717.72,3229.53,28814.78,2020,PT,102409.15002929687,False,Medium
715,Employee_715,ACCOUNTANT INTERN,62138.94,4576.34,6736.14,18490.93,2022,FT,73451.42013671875,False,Standard
716,Employee_716,ANIMAL CARE ATTENDANT,97348.03,1792.74,1184.22,29323.59,2020,FT,100324.98997070313,False,Medium
717,Employee_717,CHIEF OF POLICE,127859.46,0.0,3652.52,37745.32,2020,FT,131511.98001953127,True,Medium
718,Employee_718,CHIEF OF POLICE,177463.15,8916.44,4634.46,69653.94,2020,PT,191014.0499609375,True,High
719,Employee_719,FIREFIGHTER,75133.89,0.0,1410.12,25677.18,2022,PT,76544.00999511719,False,Medium
720,Employee_720,DIRECTOR OF PUBLIC WORKS,148009.91,1022.2,5445.22,42739.81,2020,FT,154477.33021484377,True,High
722,Employee_722,ACCOUNTANT INTERN,82465.82,6538.22,6141.15,27003.78,2021,FT,95145.18990234376,False,Medium
723,Employee_723,RECREATION LEADER,76958.69,0.0,3375.3,25210.84,2022,FT,80333.99004882813,False,Medium
724,Employee_724,REGISTERED NURSE,65342.99,1581.56,9080.41,29127.47,2023,PT,76004.96015625,False,Medium
725,Employee_725,ANIMAL CARE ATTENDANT,108308.69,0.0,154.15,38817.6,2019,FT,108462.83999389649,False,Medium
726,Employee_726,REGISTERED NURSE,51861.26,10429.79,8372.23,24567.15,2023,FT,70663.28046875,False,Standard
727,Employee_727,SENIOR ENGINEER,91112.0,0.0,4304.9,27882.97,2019,FT,95416.89990234375,False,Medium
728,Employee_728,SPECIAL NURSE,70297.72,0.0,6021.16,24751.49,2021,FT,76318.88015625,False,Medium
729,Employee_729,CHIEF OF POLICE,140487.87,18664.6,1039.89,58140.59,2020,FT,160192.36001464844,True,High
730,Employee_730,HEAD LIBRARIAN,92115.82,0.0,4533.42,32395.24,2022,FT,96649.239921875,True,Medium
731,Employee_731,SENIOR ENGINEER,99183.4,0.0,6280.92,36217.93,2022,PT,105464.319921875,False,Medium
732,Employee_732,ELECTRICAL TRANSIT SYSTEM MECHANIC,66623.15,0.0,1262.08,,2023,FT,67885.22995605468,False,Standard
733,Employee_733,ACCOUNTANT INTERN,38360.95,2411.37,1510.02,12779.76,2021,FT,42282.34001953125,False,Standard
735,Employee_735,FIREFIGHTER,47988.69,0.0,1465.0,16509.79,2020,PT,49453.69,False,Standard
736,Employee_736,ASSISTANT MEDICAL EXAMINER,35312.28,0.0,448.02,10202.02,2020,FT,35760.29998901367,False,Standard
737,Employee_737,SENIOR ENGINEER,94558.71,0.0,1346.7,24737.19,2020,FT,95905.40995117188,False,Medium
738,Employee_738,GENERAL LABORER,79757.67,0.0,10770.93,30997.14,2021,FT,90528.5996875,False,Medium
739,Employee_739,SENIOR ENGINEER,104694.15,7088.71,7153.41,35043.67,2022,FT,118936.27015625,False,Medium
740,Employee_740,SOCIAL WORKER,81343.41,0.0,2318.34,29643.18,2023,FT,83661.75008789063,False,Medium
741,Employee_741,RECREATION LEADER,31348.22,0.0,3667.21,12434.3,2020,FT,35015.4299609375,False,Standard
742,Employee_742,ANIMAL CARE ATTENDANT,42779.66,15956.46,4396.79,20096.41,2020,FT,63132.9100390625,False,Standard
743,Employee_743,HEAD LIBRARIAN,164205.64,145.44,986.31,54637.32,2023,FT,165337.3899975586,True,High
744,Employee_744,DEPUTY SHERIFF,49055.82,3175.88,2534.92,18838.73,2021,FT,54766.619921875,False,Standard
745,Employee_745,ANIMAL CARE ATTENDANT,82216.82,0.0,2827.95,27239.05,2020,FT,85044.76995117188,False,Medium
746,Employee_746,GENERAL LABORER,56261.25,7288.53,2039.83,25029.36,2023,PT,65589.60995605469,False,Standard
747,Employee_747,ASSISTANT DEPUTY CHIEF 2,128868.22,14636.74,1093.99,,2021,FT,144598.94999023437,True,Medium
748,Employee_748,CUSTODIAN,57334.92,7479.6,2516.89,26728.73,2023,PT,67331.40989257811,False,Standard
749,Employee_749,CUSTODIAN,81230.82,0.0,2298.21,21301.38,2023,FT,83529.0299609375,False,Medium
750,Employee_750,POLICE OFFICER 3,72735.48,4304.74,125.69,21700.17,2023,FT,77165.91000244141,False,Medium
751,Employee_751,CHIEF INVESTMENT OFFICER,109861.57,1606.21,383.13,39846.46,2021,FT,111850.91000488283,True,Medium
752,Employee_752,POLICE OFFICER 3,48996.56,2390.6,1730.66,13956.39,2022,FT,53117.820034179684,False,Standard
753,Employee_753,SPECIAL NURSE,75355.48,6331.71,4658.45,,2023,PT,86345.6401953125,False,Medium
754,Employee_754,ACCOUNTANT INTERN,45745.62,8916.05,1770.54,15411.44,2020,FT,56432.2100390625,False,Standard
755,Employee_755,ASSISTANT DEPUTY CHIEF 2,141389.32,2517.92,6868.19,,2019,FT,150775.42994140627,True,High
756,Employee_756,SENIOR CLERK,159288.61,12959.81,87.46,58049.62,2020,FT,172335.87999908446,False,High
757,Employee_757,SENIOR ENGINEER,126104.42,0.0,2579.33,33415.54,2022,FT,128683.750078125,False,Medium
758,Employee_758,ELECTRICAL TRANSIT SYSTEM MECHANIC,84366.96,0.0,937.11,,2021,FT,85304.06998535157,False,Medium
759,Employee_759,REGISTERED NURSE,68287.85,6633.84,3763.88,,2019,FT,78685.5698828125,False,Medium
760,Employee_760,SENIOR ENGINEER,40592.43,3391.68,344.76,17516.77,2021,FT,44328.870009765626,False,Standard
761,Employee_761,POLICE OFFICER 3,43554.27,7742.06,7782.19,15725.97,2019,FT,59078.519941406244,False,Standard
762,Employee_762,ASSISTANT DEPUTY CHIEF 2,172180.54,0.0,3071.84,,2021,PT,175252.38008789063,True,High
763,Employee_763,ACCOUNTANT INTERN,54204.88,2523.41,7146.44,20585.36,2021,FT,63874.72994140624,False,Standard
764,Employee_764,ACCOUNTANT INTERN,56014.96,0.0,2269.97,20387.59,2022,PT,58284.929970703124,False,Standard
765,Employee_765,GENERAL LABORER,66686.99,0.0,3657.27,27678.63,2021,FT,70344.26001953126,False,Standard
766,Employee_766,ANIMAL CARE ATTENDANT,48759.07,2049.04,6003.57,17111.24,2021,FT,56811.67982421875,False,Standard
767,Employee_767,DIRECTOR OF PUBLIC WORKS,77289.86,0.0,4572.98,29660.13,2022,FT,81862.83998046875,True,Medium
768,Employee_768,CHIEF OF POLICE,124182.93,711.85,190.08,39666.91,2022,FT,125084.86000183105,True,Medium
769,Employee_769,REGISTERED NURSE,52169.41,14410.14,3800.27,24570.6,2023,FT,70379.82001953125,False,Standard
772,Employee_772,CHIEF INVESTMENT OFFICER,144804.97,0.0,8355.29,,2020,FT,153160.2600390625,True,High
773,Employee_773,TRANSIT OPERATOR,65357.49,3993.92,3157.11,19233.8,2021,FT,72508.52010742188,False,Standard
774,Employee_774,SENIOR ENGINEER,86357.13,1058.82,700.32,34710.28,2019,PT,88116.27000732423,False,Medium
776,Employee_776,ACCOUNTANT INTERN,67159.21,8808.14,1330.14,22164.58,2019,FT,77297.49001464844,False,Medium
777,Employee_777,ELECTRICAL TRANSIT SYSTEM MECHANIC,64434.92,0.0,3865.83,22496.36,2021,FT,68300.750078125,False,Standard
778,Employee_778,REGISTERED NURSE,79409.01,11143.15,754.27,32608.71,2023,FT,91306.43001953124,False,Medium
779,Employee_779,DEPUTY SHERIFF,83363.96,1570.86,1211.22,26091.97,2023,FT,86146.03997070313,False,Medium
780,Employee_780,RECREATION LEADER,67058.53,0.0,1223.24,21576.92,2021,FT,68281.76999023437,False,Standard
781,Employee_781,SOCIAL WORKER,71612.16,0.0,4243.54,27137.93,2019,FT,75855.7000390625,False,Medium
782,Employee_782,HEAD LIBRARIAN,81546.29,1949.3,1343.7,24104.38,2020,FT,84839.28995117187,True,Medium
783,Employee_783,REGISTERED NURSE,52786.34,2877.81,92.62,18341.28,2019,FT,55756.770002746576,False,Standard
784,Employee_784,REGISTERED NURSE,85382.95,0.0,1024.0,24324.7,2022,FT,86406.95,False,Medium
785,Employee_785,CHIEF OF POLICE,142017.91,5497.63,3065.32,,2023,FT,150580.86006835938,True,High
786,Employee_786,DIRECTOR OF PUBLIC WORKS,134480.15,7470.89,2219.66,50970.05,2021,FT,144170.69991210938,True,Medium
787,Employee_787,TRANSIT OPERATOR,75617.09,0.0,102.93,26963.12,2019,FT,75720.02000030517,False,Medium
788,Employee_788,ASSISTANT MEDICAL EXAMINER,70924.07,13096.15,2376.96,34503.44,2019,FT,86397.1799609375,False,Medium
789,Employee_789,ASSISTANT DEPUTY CHIEF 2,151070.83,10731.47,1847.97,,2023,PT,163650.2699707031,True,High
790,Employee_790,TRANSIT OPERATOR,88702.18,0.0,1418.39,,2020,FT,90120.57001464843,False,Medium
791,Employee_791,REGISTERED NURSE,88224.56,4381.24,1134.49,36764.48,2019,FT,93740.28999023438,False,Medium
792,Employee_792,SENIOR CLERK,88379.77,0.0,3738.01,31936.04,2019,FT,92117.78000976563,False,Medium
793,Employee_793,SENIOR ENGINEER,127061.81,0.0,3716.41,51588.23,2020,PT,130778.21991210937,False,Medium
794,Employee_794,RECREATION LEADER,74569.21,0.0,1310.11,30288.46,2022,FT,75879.31998535157,False,Medium
795,Employee_795,SENIOR CLERK,107441.78,2718.48,4030.32,42278.34,2023,FT,114190.58006835937,False,Medium
796,Employee_796,CUSTODIAN,75641.76,14987.8,939.87,36617.96,2020,FT,91569.42999511719,False,Medium
797,Employee_797,CHIEF INVESTMENT OFFICER,134892.24,6361.79,846.96,48864.79,2022,FT,142100.99002197266,True,Medium
798,Employee_798,SENIOR CLERK,71870.45,0.0,1246.24,23730.63,2019,PT,73116.68999023437,False,Standard
799,Employee_799,CUSTODIAN,84027.02,3396.95,6492.7,36406.37,2019,FT,93916.6701953125,False,Medium
800,Employee_800,SENIOR CLERK,164977.65,2013.7,2489.75,63494.97,2019,PT,169481.1,False,High
801,Employee_801,TRANSIT OPERATOR,62504.1,0.0,1173.9,16971.26,2023,PT,63678.00002441406,False,Standard
802,Employee_802,CUSTODIAN,71419.89,0.0,6632.41,23057.3,2021,PT,78052.30015625,False,Medium
804,Employee_804,ACCOUNTANT INTERN,60239.6,0.0,8704.2,26080.7,2019,FT,68943.8001953125,False,Standard
805,Employee_805,SENIOR ENGINEER,131155.69,10048.3,466.15,40374.12,2019,FT,141670.13999389648,False,Medium
806,Employee_806,ANIMAL CARE ATTENDANT,56540.58,436.63,1035.19,17148.86,2023,FT,58012.39994140625,False,Standard
807,Employee_807,ASSISTANT DEPUTY CHIEF 2,108933.1,0.0,1500.91,36202.29,2019,FT,110434.0100341797,True,Medium
808,Employee_808,REGISTERED NURSE,38250.14,0.0,1252.75,11427.58,2019,PT,39502.89,False,Standard
809,Employee_809,ELECTRICAL TRANSIT SYSTEM MECHANIC,54847.77,12839.35,423.16,26848.01,2021,FT,68110.2800036621,False,Standard
810,Employee_810,CHIEF INVESTMENT OFFICER,64497.6,669.05,9805.92,24265.58,2022,FT,74972.569921875,True,Standard
811,Employee_811,TRANSIT OPERATOR,82636.09,12881.38,2955.88,27431.23,2020,PT,98473.3498828125,False,Medium
812,Employee_812,SOCIAL WORKER,125993.94,7150.43,3392.75,,2021,FT,136537.12,False,Medium
813,Employee_813,ASSISTANT MEDICAL EXAMINER,62666.42,5979.42,614.36,25606.37,2022,FT,69260.19998535156,False,Standard
814,Employee_814,DEPUTY SHERIFF,36664.84,0.0,266.99,,2021,PT,36931.82999023437,False,Standard
815,Employee_815,ANIMAL CARE ATTENDANT,87999.99,7964.04,5076.68,32302.1,2020,FT,101040.71017578125,False,Medium
816,Employee_816,RECREATION LEADER,55461.5,0.0,3027.53,17531.51,2019,FT,58489.030029296875,False,Standard
817,Employee_817,TRANSIT OPERATOR,95986.94,1784.72,1428.59,38202.28,2021,FT,99200.24996582032,False,Medium
818,Employee_818,REGISTERED NURSE,64359.42,8176.03,1258.07,26999.92,2023,FT,73793.51994628906,False,Standard
819,Employee_819,HEAD LIBRARIAN,86045.53,0.0,6053.14,32945.24,2022,FT,92098.67013671875,True,Medium
820,Employee_820,CHIEF INVESTMENT OFFICER,119593.53,790.01,876.45,38427.3,2023,FT,121259.99001220702,True,Medium
821,Employee_821,TRANSIT OPERATOR,85155.54,0.0,3248.45,35111.77,2019,FT,88403.98995117187,False,Medium
822,Employee_822,HEAD LIBRARIAN,98177.38,0.0,2083.19,35743.95,2019,FT,100260.56994140625,True,Medium
823,Employee_823,REGISTERED NURSE,60065.51,0.0,5888.78,20679.55,2021,FT,65954.28978515626,False,Standard
824,Employee_824,HEAD LIBRARIAN,99035.05,1276.84,2754.17,40616.56,2019,FT,103066.059921875,True,Medium
825,Employee_825,HEAD LIBRARIAN,66844.34,0.0,4207.89,27309.55,2021,FT,71052.23013671875,True,Standard
826,Employee_826,SPECIAL NURSE,77940.63,14410.44,1403.3,33844.84,2023,FT,93754.37004882813,False,Medium
827,Employee_827,ASSISTANT MEDICAL EXAMINER,34265.47,13279.67,4774.65,19099.31,2020,FT,52319.78990234375,False,Standard
828,Employee_828,SOCIAL WORKER,61117.57,0.0,457.85,19306.61,2021,FT,61575.420006103515,False,Standard
829,Employee_829,SOCIAL WORKER,85187.7,1673.14,2073.18,29001.61,2022,FT,88934.01993164062,False,Medium
830,Employee_830,TRANSIT OPERATOR,76060.97,0.0,1692.48,21672.38,2019,PT,77753.44998046875,False,Medium
831,Employee_831,DEPUTY SHERIFF,81806.41,12293.96,1007.31,32270.93,2023,FT,95107.67999755859,False,Medium
833,Employee_833,SENIOR CLERK,121413.4,204.66,258.77,36820.91,2023,FT,121876.82998901367,False,Medium
834,Employee_834,POLICE OFFICER 3,88493.98,15233.41,2389.79,41622.79,2022,FT,106117.1800390625,False,Medium
835,Employee_835,RECREATION LEADER,78922.82,0.0,270.74,21755.86,2019,FT,79193.55999023438,False,Medium
836,Employee_836,ANIMAL CARE ATTENDANT,88550.92,0.0,1009.78,33540.13,2022,PT,89560.70002929687,False,Medium
837,Employee_837,ANIMAL CARE ATTENDANT,85008.47,0.0,3657.39,25909.96,2019,PT,88665.85989257813,False,Medium
838,Employee_838,FIREFIGHTER,61210.73,0.0,888.05,15791.62,2021,FT,62098.77998779297,False,Standard
839,Employee_839,TRANSIT OPERATOR,43122.02,16426.5,5070.76,16547.02,2023,FT,64619.279765625,False,Standard
843,Employee_843,ACCOUNTANT INTERN,51273.57,10494.06,484.78,21808.07,2021,FT,62252.409998779294,False,Standard
844,Employee_844,TRANSIT OPERATOR,51871.38,620.77,6873.32,19163.26,2020,FT,59365.469824218744,False,Standard
845,Employee_845,TRANSIT OPERATOR,79198.01,0.0,8203.29,22821.96,2023,FT,87401.3000390625,False,Medium
846,Employee_846,TRANSIT OPERATOR,68576.66,0.0,2494.47,21478.45,2021,PT,71071.12997070313,False,Standard
847,Employee_847,POLICE OFFICER 3,32284.77,0.0,9772.06,11157.44,2022,FT,42056.829570312504,False,Standard
848,Employee_848,SPECIAL NURSE,77502.16,0.0,40.55,20117.48,2020,FT,77542.70999923706,False,Medium
849,Employee_849,RECREATION LEADER,32951.54,0.0,1753.24,9760.58,2022,FT,34704.779990234376,False,Standard
850,Employee_850,DIRECTOR OF PUBLIC WORKS,86861.28,0.0,128.87,30889.01,2020,FT,86990.14999511719,True,Medium
851,Employee_851,CHIEF INVESTMENT OFFICER,174660.53,0.0,1341.53,62375.17,2022,PT,176002.06002929687,True,High
852,Employee_852,ANIMAL CARE ATTENDANT,106497.58,1804.41,8936.2,44457.7,2019,FT,117238.1901953125,False,Medium
853,Employee_853,CHIEF INVESTMENT OFFICER,82236.37,0.0,1156.52,30310.22,2019,PT,83392.89001953125,True,Medium
854,Employee_854,DEPUTY SHERIFF,63412.17,0.0,578.97,21137.83,2020,FT,63991.13997070312,False,Standard
855,Employee_855,CUSTODIAN,70852.45,0.0,695.38,21241.96,2021,FT,71547.83000488281,False,Standard
856,Employee_856,RECREATION LEADER,105624.54,4727.83,5420.07,29044.03,2022,FT,115772.43982421875,False,Medium
857,Employee_857,DEPUTY SHERIFF,60142.62,263.07,4991.91,22697.59,2020,FT,65397.60015625,False,Standard
858,Employee_858,SPECIAL NURSE,60462.32,8466.45,543.57,20387.14,2019,FT,69472.34000732422,False,Standard
859,Employee_859,ASSISTANT MEDICAL EXAMINER,100974.51,0.0,3627.35,30074.61,2020,PT,104601.86009765624,False,Medium
860,Employee_860,ANIMAL CARE ATTENDANT,62504.22,0.0,1385.78,25314.74,2021,FT,63890.000029296876,False,Standard
861,Employee_861,CHIEF INVESTMENT OFFICER,151999.26,0.0,7163.73,43950.64,2021,FT,159162.98998046876,True,High
862,Employee_862,ACCOUNTANT INTERN,40457.14,0.0,4066.42,11347.51,2022,PT,44523.559921875,False,Standard
863,Employee_863,REGISTERED NURSE,66575.35,0.0,2196.38,26986.62,2020,FT,68771.7298828125,False,Standard
864,Employee_864,ANIMAL CARE ATTENDANT,36808.06,1909.08,7606.5,13707.21,2022,FT,46323.64,False,Standard
865,Employee_865,RECREATION LEADER,48891.32,0.0,7874.98,17541.53,2022,FT,56766.29998046875,False,Standard
866,Employee_866,ASSISTANT MEDICAL EXAMINER,86784.03,0.0,1892.18,23245.6,2022,FT,88676.21005371094,False,Medium
867,Employee_867,RECREATION LEADER,69001.89,13120.64,1947.28,26112.91,2021,FT,84069.81002929687,False,Medium
868,Employee_868,RECREATION LEADER,63617.89,1136.76,253.86,25732.53,2023,FT,65008.51000061035,False,Standard
869,Employee_869,SENIOR CLERK,71532.51,0.0,1146.19,25735.74,2020,FT,72678.69994140624,False,Standard
870,Employee_870,TRANSIT OPERATOR,65586.88,0.0,2458.97,,2022,FT,68045.84997070313,False,Standard
871,Employee_871,SENIOR CLERK,98828.94,7669.48,2471.16,32268.15,2019,FT,108969.57991210937,False,Medium
872,Employee_872,FIREFIGHTER,89658.32,0.0,3167.98,28303.35,2019,FT,92826.29998046876,False,Medium
873,Employee_873,REGISTERED NURSE,20000.0,1285.36,5253.01,9067.74,2023,FT,26538.369765625,False,Standard
874,Employee_874,REGISTERED NURSE,53364.78,10551.44,2684.21,19192.08,2021,FT,66600.4299609375,False,Standard
875,Employee_875,ASSISTANT MEDICAL EXAMINER,73181.92,0.0,7849.89,22104.84,2022,FT,81031.81013671875,False,Medium
876,Employee_876,CHIEF OF POLICE,122440.93,8667.61,191.13,,2022,FT,131299.6700048828,True,Medium
877,Employee_877,ASSISTANT DEPUTY CHIEF 2,140521.54,0.0,7212.05,56200.88,2022,PT,147733.5898046875,True,Medium
878,Employee_878,SENIOR ENGINEER,97956.05,0.0,904.84,38084.26,2020,FT,98860.89002685547,False,Medium
879,Employee_879,ASSISTANT DEPUTY CHIEF 2,115024.76,0.0,2698.56,44289.02,2019,FT,117723.32005859374,True,Medium
880,Employee_880,HEAD LIBRARIAN,89194.4,4299.86,5851.34,32743.31,2019,FT,99345.59984375,True,Medium
881,Employee_881,SPECIAL NURSE,65089.97,0.0,6205.6,,2023,FT,71295.57009765625,False,Standard
882,Employee_882,RECREATION LEADER,92974.85,0.0,718.15,36442.21,2020,FT,93693.00002441407,False,Medium
883,Employee_883,SENIOR CLERK,71967.79,4265.13,1005.04,19580.16,2021,FT,77237.95997802734,False,Medium
884,Employee_884,POLICE OFFICER 3,68743.87,0.0,717.39,21659.04,2021,FT,69461.26001464843,False,Standard
885,Employee_885,RECREATION LEADER,73666.84,3669.83,1638.42,22161.9,2019,FT,78975.09004394531,False,Medium
886,Employee_886,SENIOR ENGINEER,131569.12,4804.03,2323.49,55411.43,2021,FT,138696.63999023437,False,Medium
887,Employee_887,SPECIAL NURSE,63993.83,301.86,945.85,25407.33,2019,FT,65241.53997558594,False,Standard
888,Employee_888,FIREFIGHTER,89176.13,3227.45,3456.67,35499.72,2019,FT,95860.249921875,False,Medium
889,Employee_889,TRANSIT OPERATOR,94639.59,2033.31,257.36,28534.52,2019,FT,96930.25998535156,False,Medium
890,Employee_890,DEPUTY SHERIFF,68724.91,0.0,4110.56,28610.89,2023,FT,72835.47005859375,False,Standard
892,Employee_892,ASSISTANT MEDICAL EXAMINER,63418.93,5638.56,1017.68,19495.33,2023,FT,70075.16999267579,False,Standard
893,Employee_893,CHIEF OF POLICE,116790.37,11032.68,792.33,44054.76,2021,FT,128615.38001708983,True,Medium
894,Employee_894,CHIEF INVESTMENT OFFICER,156752.63,7875.51,169.85,60802.38,2020,PT,164797.99000610353,True,High
895,Employee_895,SENIOR ENGINEER,97006.26,11346.08,6226.84,43831.65,2022,FT,114579.17984375,False,Medium
896,Employee_896,DIRECTOR OF PUBLIC WORKS,126999.85,1604.25,1419.33,38366.83,2023,FT,130023.4299560547,True,Medium
897,Employee_897,CHIEF OF POLICE,85491.95,0.0,4162.47,27669.21,2021,FT,89654.42021484375,True,Medium
898,Employee_898,SPECIAL NURSE,50650.2,2580.37,2141.17,17620.62,2019,FT,55371.739921875,False,Standard
899,Employee_899,SPECIAL NURSE,112868.94,5233.94,2734.43,30698.24,2020,FT,120837.30993164063,False,Medium
900,Employee_900,DIRECTOR OF PUBLIC WORKS,112953.93,9522.49,197.07,46566.29,2023,PT,122673.49000732422,True,Medium
901,Employee_901,TRANSIT OPERATOR,54504.56,0.0,944.67,16673.15,2021,PT,55449.229982910154,False,Standard
902,Employee_902,TRANSIT OPERATOR,98621.98,6397.78,1982.84,29949.15,2023,FT,107002.5999658203,False,Medium
903,Employee_903,FIREFIGHTER,75636.17,4086.34,438.0,24960.34,2021,FT,80160.51,False,Medium
904,Employee_904,SOCIAL WORKER,81563.1,6085.06,2994.3,32321.7,2019,PT,90642.46004882813,False,Medium
905,Employee_905,SENIOR CLERK,87410.78,881.37,3372.32,34890.92,2023,PT,91664.47006835937,False,Medium
906,Employee_906,ASSISTANT MEDICAL EXAMINER,63626.54,12298.81,8518.12,23838.94,2022,PT,84443.4701171875,False,Medium
907,Employee_907,ELECTRICAL TRANSIT SYSTEM MECHANIC,66608.27,0.0,2834.57,19158.72,2022,FT,69442.84006835938,False,Standard
908,Employee_908,POLICE OFFICER 3,42345.24,0.0,3736.73,18044.2,2023,FT,46081.96998046875,False,Standard
909,Employee_909,GENERAL LABORER,68241.45,742.33,5489.06,24772.2,2019,PT,74472.84005859375,False,Standard
911,Employee_911,ANIMAL CARE ATTENDANT,107009.26,3641.99,8035.78,33220.25,2020,FT,118687.02978515625,False,Medium
912,Employee_912,POLICE OFFICER 3,71719.98,0.0,6412.77,31197.4,2023,PT,78132.75001953125,False,Medium
913,Employee_913,GENERAL LABORER,23316.46,0.0,484.2,8517.72,2019,FT,23800.66001220703,False,Standard
914,Employee_914,CHIEF INVESTMENT OFFICER,122616.52,0.0,4165.71,35839.16,2021,PT,126782.2299609375,True,Medium
915,Employee_915,DIRECTOR OF PUBLIC WORKS,212143.14,11971.79,218.13,59154.14,2022,FT,224333.06000488283,True,High
916,Employee_916,SENIOR CLERK,113525.52,14377.21,2008.07,,2019,PT,129910.79994628907,False,Medium
917,Employee_917,ASSISTANT DEPUTY CHIEF 2,96808.0,11634.53,4027.95,32297.18,2019,FT,112470.47995117187,True,Medium
918,Employee_918,ANIMAL CARE ATTENDANT,81822.13,11381.55,5339.0,26277.67,2023,FT,98542.68000000001,False,Medium
919,Employee_919,DEPUTY SHERIFF,55159.73,15324.05,4685.62,21381.76,2019,FT,75169.4001171875,False,Medium
920,Employee_920,HEAD LIBRARIAN,64385.77,0.0,2224.97,17819.5,2022,PT,66610.73997070311,True,Standard
921,Employee_921,SOCIAL WORKER,63032.61,3755.81,9450.27,23379.34,2023,FT,76238.68953125,False,Medium
922,Employee_922,DIRECTOR OF PUBLIC WORKS,122111.9,1482.5,904.94,40204.48,2022,FT,124499.3400024414,True,Medium
924,Employee_924,POLICE OFFICER 3,47016.81,2042.23,2244.1,19206.95,2021,PT,51303.14009765625,False,Standard
925,Employee_925,DEPUTY SHERIFF,70206.71,0.0,6422.02,,2022,FT,76628.73001953126,False,Medium
926,Employee_926,ACCOUNTANT INTERN,61836.54,0.0,1770.04,24365.4,2021,PT,63606.5800390625,False,Standard
927,Employee_927,ASSISTANT DEPUTY CHIEF 2,140213.21,6869.68,2477.17,57762.85,2021,FT,149560.05992187498,True,Medium
928,Employee_928,CUSTODIAN,45706.63,3934.82,372.43,19703.97,2019,FT,50013.87999267578,False,Standard
929,Employee_929,ELECTRICAL TRANSIT SYSTEM MECHANIC,84282.27,0.0,641.89,23536.52,2022,FT,84924.16001464844,False,Medium
930,Employee_930,DIRECTOR OF PUBLIC WORKS,78752.19,13278.6,361.29,26503.84,2022,PT,92392.08000854493,True,Medium
931,Employee_931,ASSISTANT DEPUTY CHIEF 2,185138.43,0.0,3413.45,64781.68,2022,FT,188551.87995117187,True,High
932,Employee_932,ASSISTANT MEDICAL EXAMINER,35684.83,2265.01,1707.86,10752.54,2019,FT,39657.699985351566,False,Standard
933,Employee_933,DEPUTY SHERIFF,48148.91,6887.04,3305.02,15334.53,2022,FT,58340.970019531254,False,Standard
934,Employee_934,HEAD LIBRARIAN,117521.12,0.0,3018.32,31467.37,2022,FT,120539.44006835937,True,Medium
935,Employee_935,SENIOR CLERK,134270.06,4881.25,722.36,47686.07,2019,PT,139873.66998535156,False,Medium
936,Employee_936,ACCOUNTANT INTERN,76300.86,4654.8,2376.19,30891.26,2023,FT,83331.84994140625,False,Medium
937,Employee_937,POLICE OFFICER 3,81257.16,10522.52,2637.4,27270.75,2021,PT,94417.07990234376,False,Medium
938,Employee_938,POLICE OFFICER 3,70350.74,0.0,11079.95,31760.42,2021,FT,81430.6901953125,False,Medium
939,Employee_939,SENIOR CLERK,64313.64,0.0,6434.52,26091.24,2022,PT,70748.16001953125,False,Standard
940,Employee_940,CHIEF OF POLICE,108355.02,2793.18,6020.55,30653.58,2021,PT,117168.7498046875,True,Medium
941,Employee_941,ASSISTANT MEDICAL EXAMINER,45761.81,3182.8,23.82,15233.86,2021,FT,48968.429999694825,False,Standard
942,Employee_942,ELECTRICAL TRANSIT SYSTEM MECHANIC,44425.8,3273.9,2028.53,,2020,FT,49728.23002929688,False,Standard
943,Employee_943,ACCOUNTANT INTERN,78034.98,8558.54,446.09,,2023,PT,87039.60999633788,False,Medium
944,Employee_944,SENIOR CLERK,61797.37,1255.04,1936.25,,2023,FT,64988.66,False,Standard
945,Employee_945,REGISTERED NURSE,76391.08,0.0,233.68,27047.14,2019,FT,76624.75999267578,False,Medium
946,Employee_946,REGISTERED NURSE,43963.54,0.0,5978.55,19011.69,2022,FT,49942.0898046875,False,Standard
947,Employee_947,CHIEF INVESTMENT OFFICER,136669.79,4727.35,4522.24,42721.89,2019,PT,145919.380234375,True,Medium
948,Employee_948,REGISTERED NURSE,60226.35,0.0,910.14,23845.12,2020,FT,61136.490014648436,False,Standard
949,Employee_949,ACCOUNTANT INTERN,98132.31,0.0,1055.55,38526.2,2023,FT,99187.86004882812,False,Medium
950,Employee_950,DEPUTY SHERIFF,76474.38,8771.38,4247.37,32300.16,2019,FT,89493.13011718751,False,Medium
951,Employee_951,SPECIAL NURSE,94715.66,1729.97,287.09,30987.31,2020,FT,96732.7199963379,False,Medium
952,Employee_952,CUSTODIAN,54887.07,2651.61,2238.76,15366.83,2020,FT,59777.440009765625,False,Standard
953,Employee_953,DIRECTOR OF PUBLIC WORKS,120908.87,0.0,3205.54,31555.68,2022,PT,124114.4100390625,True,Medium
954,Employee_954,ELECTRICAL TRANSIT SYSTEM MECHANIC,50378.26,3244.24,3172.79,,2021,FT,56795.2900390625,False,Standard
956,Employee_956,DIRECTOR OF PUBLIC WORKS,110088.46,0.0,38.91,40715.73,2023,PT,110127.36999984742,True,Medium
957,Employee_957,ELECTRICAL TRANSIT SYSTEM MECHANIC,55482.84,9964.44,347.08,25809.14,2021,FT,65794.35998657226,False,Standard
958,Employee_958,HEAD LIBRARIAN,68534.91,2307.06,1400.95,19961.03,2022,FT,72242.91995117188,True,Standard
960,Employee_960,ELECTRICAL TRANSIT SYSTEM MECHANIC,23205.04,0.0,1655.75,7524.2,2020,FT,24860.79,False,Standard
961,Employee_961,POLICE OFFICER 3,48873.07,9648.29,4448.78,,2023,FT,62970.13978515625,False,Standard
962,Employee_962,ELECTRICAL TRANSIT SYSTEM MECHANIC,82549.88,0.0,2140.85,,2023,PT,84690.73009765625,False,Medium
964,Employee_964,FIREFIGHTER,42637.54,4553.59,4353.89,17336.38,2020,FT,51545.020136718755,False,Standard
965,Employee_965,ACCOUNTANT INTERN,105817.97,3221.6,3510.2,37628.33,2019,FT,112549.76995117188,False,Medium
966,Employee_966,DIRECTOR OF PUBLIC WORKS,97359.13,0.0,1188.26,28396.84,2023,FT,98547.39000976563,True,Medium
967,Employee_967,DIRECTOR OF PUBLIC WORKS,129915.56,0.0,6938.63,38019.27,2022,PT,136854.1898828125,True,Medium
968,Employee_968,CUSTODIAN,82846.34,0.0,3655.82,25478.9,2020,FT,86502.16006835937,False,Medium
969,Employee_969,ACCOUNTANT INTERN,83250.52,0.0,3611.37,24935.71,2021,PT,86861.8901171875,False,Medium
970,Employee_970,TRANSIT OPERATOR,39553.72,398.71,3975.02,14655.48,2022,FT,43927.45001953125,False,Standard
971,Employee_971,CUSTODIAN,65378.81,0.0,243.21,19439.24,2021,FT,65622.02000671386,False,Standard
972,Employee_972,ELECTRICAL TRANSIT SYSTEM MECHANIC,37635.45,1017.81,4073.92,15353.66,2023,FT,42727.179921874995,False,Standard
973,Employee_973,CHIEF OF POLICE,214067.44,8557.2,70.25,74645.31,2019,FT,222694.89,True,High
974,Employee_974,SENIOR CLERK,49533.24,2156.49,1840.9,17656.52,2020,PT,53530.63002441406,False,Standard
975,Employee_975,POLICE OFFICER 3,49043.2,4235.37,387.37,21074.3,2019,FT,53665.93999511719,False,Standard
976,Employee_976,FIREFIGHTER,49187.98,0.0,2009.47,15275.34,2022,PT,51197.44997070313,False,Standard
977,Employee_977,REGISTERED NURSE,40066.79,0.0,298.16,,2022,FT,40364.95000366211,False,Standard
979,Employee_979,GENERAL LABORER,118448.96,0.0,1526.82,43255.89,2021,PT,119975.77994628907,False,Medium
980,Employee_980,ASSISTANT DEPUTY CHIEF 2,108873.03,0.0,3471.98,36555.0,2019,FT,112345.00998046875,True,Medium
982,Employee_982,ASSISTANT MEDICAL EXAMINER,25261.49,0.0,2849.6,7034.14,2019,FT,28111.09009765625,False,Standard
983,Employee_983,ASSISTANT DEPUTY CHIEF 2,117212.09,0.0,4978.75,43505.02,2022,FT,122190.84,True,Medium
986,Employee_986,HEAD LIBRARIAN,111641.26,0.0,4293.69,36591.18,2020,FT,115934.94994140624,True,Medium
988,Employee_988,CUSTODIAN,76461.67,0.0,5495.61,27513.08,2019,FT,81957.27986328125,False,Medium
989,Employee_989,DEPUTY SHERIFF,63677.5,4535.65,1120.11,19817.82,2021,FT,69333.25998535156,False,Standard
990,Employee_990,ANIMAL CARE ATTENDANT,47967.56,2798.72,5103.29,18314.89,2021,FT,55869.5700390625,False,Standard
991,Employee_991,GENERAL LABORER,83316.66,10274.98,2368.77,,2022,FT,95960.41001953125,False,Medium
992,Employee_992,ASSISTANT DEPUTY CHIEF 2,126450.5,0.0,3522.9,,2022,FT,129973.39990234375,True,Medium
993,Employee_993,FIREFIGHTER,87767.15,1876.37,3210.89,29251.31,2019,FT,92854.40989257811,False,Medium
994,Employee_994,SENIOR CLERK,111541.96,4092.05,5722.19,38277.3,2020,FT,121356.19994140626,False,Medium
995,Employee_995,ASSISTANT DEPUTY CHIEF 2,74816.57,0.0,4164.24,31407.56,2021,FT,78980.810234375,True,Medium
996,Employee_996,HEAD LIBRARIAN,61973.33,0.0,671.16,24066.11,2020,FT,62644.48997314453,True,Standard
997,Employee_997,ASSISTANT DEPUTY CHIEF 2,98800.53,0.0,76.2,,2019,PT,98876.72999694824,True,Medium
998,Employee_998,GENERAL LABORER,48874.69,0.0,1850.74,21311.77,2023,FT,50725.42999023438,False,Standard
999,Employee_999,CHIEF INVESTMENT OFFICER,153189.06,0.0,280.3,41543.39,2022,PT,153469.35998779297,True,High
1000,Employee_1000,CHIEF OF POLICE,138647.15,0.0,1156.58,52847.02,2021,PT,139803.72995605468,True,Medium
1001,Employee_1001,ANIMAL CARE ATTENDANT,91983.68,5139.02,4384.16,28168.0,2020,FT,101506.86015625,False,Medium
1002,Employee_1002,SENIOR ENGINEER,101308.66,12646.46,2647.79,36594.72,2023,PT,116602.9100390625,False,Medium
1004,Employee_1004,SOCIAL WORKER,93994.6,0.0,30.5,24875.03,2021,FT,94025.1,False,Medium
1005,Employee_1005,REGISTERED NURSE,79394.55,713.42,7710.38,33016.9,2023,FT,87818.3498828125,False,Medium
1006,Employee_1006,ACCOUNTANT INTERN,71362.02,2844.84,3209.46,25099.15,2023,FT,77416.3199609375,False,Medium
1007,Employee_1007,RECREATION LEADER,99609.06,3454.21,1850.73,27975.18,2020,FT,104913.99998046875,False,Medium
1008,Employee_1008,CHIEF OF POLICE,130146.51,984.19,2501.82,52500.7,2022,FT,133632.52006835936,True,Medium
1009,Employee_1009,SENIOR ENGINEER,83087.14,0.0,2014.01,28286.32,2019,PT,85101.15000976562,False,Medium
1010,Employee_1010,CHIEF OF POLICE,95838.36,0.0,7676.55,39552.65,2019,PT,103514.9098046875,True,Medium
1011,Employee_1011,DEPUTY SHERIFF,84060.51,0.0,6672.91,34511.91,2020,PT,90733.42015625,False,Medium
1012,Employee_1012,ANIMAL CARE ATTENDANT,94741.01,0.0,2822.72,24605.1,2023,PT,97563.72997070312,False,Medium
1013,Employee_1013,DEPUTY SHERIFF,68988.25,11197.33,1446.01,23650.8,2022,FT,81631.59000976563,False,Medium
1014,Employee_1014,CUSTODIAN,96158.31,15732.92,871.5,33889.51,2021,FT,112762.73,False,Medium
1015,Employee_1015,CHIEF OF POLICE,55079.46,0.0,557.78,18373.06,2020,FT,55637.240029296874,True,Standard
1016,Employee_1016,RECREATION LEADER,68890.93,12295.12,5834.46,22693.2,2019,FT,87020.50996093749,False,Medium
1017,Employee_1017,ELECTRICAL TRANSIT SYSTEM MECHANIC,69198.1,0.0,6895.16,23462.98,2020,PT,76093.26015625,False,Medium
1018,Employee_1018,CHIEF OF POLICE,99828.2,14259.4,2587.68,43426.04,2019,FT,116675.27993164062,True,Medium
1019,Employee_1019,TRANSIT OPERATOR,117677.22,0.0,1090.76,32777.43,2019,FT,118767.98000976563,False,Medium
1020,Employee_1020,REGISTERED NURSE,68676.15,9706.99,6646.13,30201.67,2022,FT,85029.2698828125,False,Medium
1021,Employee_1021,SPECIAL NURSE,61845.38,0.0,935.72,20030.27,2019,FT,62781.09997070312,False,Standard
1022,Employee_1022,SPECIAL NURSE,70519.24,2768.61,2155.47,19660.96,2019,FT,75443.31997070313,False,Medium
1023,Employee_1023,SOCIAL WORKER,29943.73,3751.98,3388.9,10257.83,2021,FT,37084.60990234375,False,Standard
1024,Employee_1024,RECREATION LEADER,54802.64,1972.98,588.4,15554.52,2020,FT,57364.020024414065,False,Standard
1025,Employee_1025,RECREATION LEADER,89664.8,7727.51,92.26,33433.08,2021,FT,97484.57000213623,False,Medium
1026,Employee_1026,SPECIAL NURSE,57421.09,0.0,141.21,15144.56,2019,FT,57562.300006713864,False,Standard
1028,Employee_1028,DEPUTY SHERIFF,96190.51,0.0,7743.1,38559.25,2021,FT,103933.61009765624,False,Medium
1029,Employee_1029,ASSISTANT DEPUTY CHIEF 2,174249.16,14338.54,2344.38,50025.98,2022,FT,190932.0798828125,True,High
1030,Employee_1030,GENERAL LABORER,80339.81,0.0,1195.34,31246.68,2021,FT,81535.14996582031,False,Medium
1031,Employee_1031,CHIEF OF POLICE,109615.78,0.0,200.48,43253.78,2021,FT,109816.25999572754,True,Medium
1032,Employee_1032,POLICE OFFICER 3,65210.58,12746.72,2005.24,20512.01,2021,FT,79962.53999023438,False,Medium
1033,Employee_1033,SENIOR ENGINEER,70092.1,0.0,349.33,27651.74,2020,FT,70441.42998657227,False,Standard
1036,Employee_1036,SENIOR ENGINEER,74930.59,18384.26,784.06,25992.22,2019,FT,94098.90999755859,False,Medium
1037,Employee_1037,SOCIAL WORKER,49305.58,10522.66,1431.24,22826.41,2022,FT,61259.47999023438,False,Standard
1038,Employee_1038,TRANSIT OPERATOR,38725.9,5255.21,1443.64,17092.74,2022,FT,45424.75001464844,False,Standard
1039,Employee_1039,SENIOR CLERK,96704.47,0.0,1047.31,38783.14,2020,FT,97751.78005859375,False,Medium
1040,Employee_1040,RECREATION LEADER,74691.91,0.0,675.66,30062.62,2020,FT,75367.56997314453,False,Medium
1041,Employee_1041,ASSISTANT MEDICAL EXAMINER,104015.86,0.0,4286.59,28307.95,2020,PT,108302.44984375,False,Medium
1042,Employee_1042,RECREATION LEADER,56633.23,0.0,3312.21,20902.65,2022,FT,59945.4399609375,False,Standard
1043,Employee_1043,ELECTRICAL TRANSIT SYSTEM MECHANIC,75922.01,7202.36,6722.84,26141.67,2022,FT,89847.20984375,False,Medium
1044,Employee_1044,GENERAL LABORER,76254.25,0.0,2406.59,21146.92,2019,FT,78660.84008789062,False,Medium
1045,Employee_1045,ASSISTANT MEDICAL EXAMINER,64923.25,0.0,3830.05,18722.85,2021,FT,68753.30004882812,False,Standard
1046,Employee_1046,POLICE OFFICER 3,84886.67,0.0,4175.23,34775.61,2019,FT,89061.89998046875,False,Medium
1047,Employee_1047,DEPUTY SHERIFF,85504.58,5497.73,124.18,,2021,FT,91126.49000030517,False,Medium
1048,Employee_1048,DIRECTOR OF PUBLIC WORKS,130131.98,0.0,743.08,33709.38,2020,FT,130875.06001708984,True,Medium
1049,Employee_1049,ASSISTANT MEDICAL EXAMINER,64887.21,0.0,1096.81,26237.52,2020,FT,65984.02005859374,False,Standard
1050,Employee_1050,REGISTERED NURSE,62849.4,1317.94,1258.8,24284.34,2021,FT,65426.14004882813,False,Standard
1051,Employee_1051,CHIEF OF POLICE,76760.86,0.0,4097.61,23964.58,2020,PT,80858.46986328125,True,Medium
1052,Employee_1052,GENERAL LABORER,53881.64,2527.11,248.71,18166.08,2020,FT,56657.46000671387,False,Standard
1053,Employee_1053,CHIEF OF POLICE,103607.73,0.0,3823.79,38566.45,2022,FT,107431.5200390625,True,Medium
1054,Employee_1054,CHIEF INVESTMENT OFFICER,85537.02,2673.99,5103.76,32791.26,2023,PT,93314.76976562501,True,Medium
1055,Employee_1055,SPECIAL NURSE,78798.48,8441.71,843.3,28139.34,2019,FT,88083.48998779297,False,Medium
1056,Employee_1056,CHIEF INVESTMENT OFFICER,169078.6,22.2,5501.41,,2020,FT,174602.21015625002,True,High
1057,Employee_1057,SENIOR CLERK,67390.38,0.0,1487.09,,2023,FT,68877.46996582032,False,Standard
1058,Employee_1058,ANIMAL CARE ATTENDANT,75668.83,833.15,487.43,25028.87,2021,FT,76989.40999267578,False,Medium
1059,Employee_1059,ELECTRICAL TRANSIT SYSTEM MECHANIC,49317.78,6020.24,29.47,16667.66,2020,FT,55367.48999931335,False,Standard
1060,Employee_1060,CUSTODIAN,63901.56,2335.88,7084.07,21465.44,2021,PT,73321.50982421875,False,Standard
1061,Employee_1061,ANIMAL CARE ATTENDANT,56193.41,4205.26,1035.41,17843.12,2019,FT,61434.08003417969,False,Standard
1062,Employee_1062,ASSISTANT MEDICAL EXAMINER,82037.91,8177.24,5171.72,33131.87,2019,FT,95386.87021484376,False,Medium
1063,Employee_1063,POLICE OFFICER 3,56424.24,10494.53,252.19,21117.79,2022,FT,67170.96000244141,False,Standard
1064,Employee_1064,ASSISTANT MEDICAL EXAMINER,90233.21,0.0,606.37,28511.85,2021,FT,90839.5799951172,False,Medium
1065,Employee_1065,SENIOR ENGINEER,84611.26,0.0,4995.44,24541.31,2022,FT,89606.69994140624,False,Medium
1066,Employee_1066,ELECTRICAL TRANSIT SYSTEM MECHANIC,57007.93,0.0,2892.51,23617.52,2020,FT,59900.440009765625,False,Standard
1067,Employee_1067,ACCOUNTANT INTERN,44933.89,0.0,5570.15,14322.39,2023,FT,50504.03990234375,False,Standard
1068,Employee_1068,HEAD LIBRARIAN,112596.14,4764.35,3851.88,37686.91,2021,PT,121212.3698828125,True,Medium
1069,Employee_1069,GENERAL LABORER,87904.37,0.0,1892.32,25011.14,2022,PT,89796.68994628906,False,Medium
1071,Employee_1071,ASSISTANT MEDICAL EXAMINER,114776.63,2753.07,1912.48,37674.37,2019,PT,119442.17998046876,False,Medium
1074,Employee_1074,ASSISTANT DEPUTY CHIEF 2,114551.01,0.0,1522.37,42241.65,2023,FT,116073.37999511718,True,Medium
1075,Employee_1075,SENIOR CLERK,103212.11,0.0,3717.83,,2020,FT,106929.940078125,False,Medium
1076,Employee_1076,POLICE OFFICER 3,53239.62,1996.67,3775.57,18900.82,2019,FT,59011.860068359376,False,Standard
1077,Employee_1077,ASSISTANT MEDICAL EXAMINER,93325.77,2946.08,4625.71,39752.15,2023,FT,100897.5599609375,False,Medium
1078,Employee_1078,POLICE OFFICER 3,77232.01,4727.86,2660.67,33295.59,2022,FT,84620.539921875,False,Medium
1079,Employee_1079,ELECTRICAL TRANSIT SYSTEM MECHANIC,75129.18,359.51,2173.71,27625.73,2020,FT,77662.39996093749,False,Medium
1080,Employee_1080,RECREATION LEADER,83739.07,1593.74,1194.65,31497.92,2022,PT,86527.46002441407,False,Medium
1081,Employee_1081,ACCOUNTANT INTERN,104456.6,1640.21,1738.34,41501.86,2023,PT,107835.14996582032,False,Medium
1082,Employee_1082,CHIEF INVESTMENT OFFICER,132154.39,0.0,1364.66,54631.02,2020,FT,133519.0500341797,True,Medium
1083,Employee_1083,CHIEF INVESTMENT OFFICER,121930.55,30.53,18.66,32000.31,2022,FT,121979.73999984741,True,Medium
1084,Employee_1084,ASSISTANT DEPUTY CHIEF 2,180313.91,0.0,7053.37,74872.12,2022,FT,187367.2801171875,True,High
1085,Employee_1085,FIREFIGHTER,89351.01,0.0,5485.49,33709.95,2021,FT,94836.500234375,False,Medium
1086,Employee_1086,RECREATION LEADER,63580.4,0.0,2989.97,22561.48,2022,FT,66570.36997070312,False,Standard
1087,Employee_1087,ANIMAL CARE ATTENDANT,70103.73,4567.07,2452.87,24060.66,2020,FT,77123.67011718749,False,Medium
1088,Employee_1088,CHIEF INVESTMENT OFFICER,133033.71,4744.09,3419.39,42423.89,2023,FT,141197.1898925781,True,Medium
1089,Employee_1089,HEAD LIBRARIAN,115854.39,0.0,658.09,43183.2,2023,FT,116512.48002685547,True,Medium
1090,Employee_1090,REGISTERED NURSE,42868.0,0.0,743.08,15183.86,2023,FT,43611.080017089844,False,Standard
1091,Employee_1091,CHIEF OF POLICE,70470.55,8604.03,305.24,22234.75,2022,FT,79379.81999023438,True,Medium
1092,Employee_1092,SENIOR CLERK,67927.86,0.0,3610.79,,2019,FT,71538.6500390625,False,Standard
1094,Employee_1094,ELECTRICAL TRANSIT SYSTEM MECHANIC,57123.52,0.0,1290.5,18957.17,2021,FT,58414.02,False,Standard
1096,Employee_1096,SPECIAL NURSE,66621.42,2426.3,1463.36,24351.19,2021,FT,70511.07998535156,False,Standard
1097,Employee_1097,RECREATION LEADER,73927.89,0.0,1557.54,20516.13,2021,FT,75485.4300390625,False,Medium
1099,Employee_1099,TRANSIT OPERATOR,60767.16,0.0,2.76,17550.73,2022,PT,60769.91999999047,False,Standard
1100,Employee_1100,SENIOR CLERK,106268.7,0.0,595.54,36446.53,2020,FT,106864.23997802734,False,Medium
1101,Employee_1101,CHIEF OF POLICE,147418.29,0.0,2917.15,58593.6,2019,PT,150335.43990234376,True,High
1102,Employee_1102,SENIOR CLERK,72161.08,1242.31,2624.13,27892.1,2023,FT,76027.5198828125,False,Medium
1103,Employee_1103,ACCOUNTANT INTERN,73233.25,0.0,2663.3,27463.67,2019,PT,75896.55004882812,False,Medium
1104,Employee_1104,POLICE OFFICER 3,113976.96,0.0,267.13,34220.09,2019,FT,114244.09000488282,False,Medium
1105,Employee_1105,CUSTODIAN,69648.04,0.0,4566.42,19797.16,2019,PT,74214.459921875,False,Standard
1107,Employee_1107,DEPUTY SHERIFF,66524.75,3757.61,3243.65,23905.37,2019,PT,73526.00990234375,False,Standard
1108,Employee_1108,ACCOUNTANT INTERN,71843.54,4763.45,2820.88,21054.47,2023,PT,79427.86988281249,False,Medium
1109,Employee_1109,ACCOUNTANT INTERN,66976.63,10901.34,1689.81,26276.89,2021,FT,79567.78005859375,False,Medium
1110,Employee_1110,TRANSIT OPERATOR,69372.91,0.0,1531.8,24909.64,2020,FT,70904.71004882813,False,Standard
1111,Employee_1111,HEAD LIBRARIAN,61696.6,16109.59,1889.41,,2019,FT,79695.60003417969,True,Medium
1112,Employee_1112,FIREFIGHTER,50747.39,0.0,4945.84,14000.57,2021,PT,55693.22984375,False,Standard
1113,Employee_1113,FIREFIGHTER,67013.3,4846.57,2622.5,25565.41,2019,FT,74482.37,False,Standard
1114,Employee_1114,CUSTODIAN,66694.64,7428.7,5567.1,20401.89,2023,FT,79690.44009765625,False,Medium
1115,Employee_1115,FIREFIGHTER,58676.21,0.0,3107.16,19456.76,2020,PT,61783.369912109374,False,Standard
1116,Employee_1116,CHIEF OF POLICE,119627.51,5643.3,938.55,47166.49,2021,FT,126209.35998779297,True,Medium
1117,Employee_1117,CHIEF INVESTMENT OFFICER,128196.53,9984.31,726.23,55538.82,2019,PT,138907.06998046875,True,Medium
1118,Employee_1118,DIRECTOR OF PUBLIC WORKS,149240.06,7114.42,1252.76,48156.17,2019,PT,157607.24000976564,True,High
1119,Employee_1119,SENIOR ENGINEER,88420.49,0.0,2600.47,23030.04,2020,FT,91020.95997070313,False,Medium
1120,Employee_1120,CHIEF OF POLICE,140367.72,0.0,969.1,45784.01,2019,FT,141336.81997558594,True,Medium
1121,Employee_1121,TRANSIT OPERATOR,59167.99,0.0,6639.94,19179.15,2022,PT,65807.92994140624,False,Standard
1122,Employee_1122,SPECIAL NURSE,81441.91,9406.47,1445.71,35433.2,2023,FT,92294.0899609375,False,Medium
1124,Employee_1124,DEPUTY SHERIFF,87316.34,0.0,2165.51,27797.4,2020,FT,89481.85000976562,False,Medium
1125,Employee_1125,RECREATION LEADER,84269.21,553.94,917.9,31235.83,2022,FT,85741.05002441407,False,Medium
1126,Employee_1126,RECREATION LEADER,81774.71,0.0,2530.97,25391.26,2021,FT,84305.67997070313,False,Medium
1127,Employee_1127,RECREATION LEADER,68031.65,4160.76,881.64,23987.62,2019,PT,73074.05001464843,False,Standard
1128,Employee_1128,HEAD LIBRARIAN,112348.18,10366.54,543.11,47875.53,2019,FT,123257.82998535156,True,Medium
1129,Employee_1129,ASSISTANT DEPUTY CHIEF 2,164286.32,130.87,2980.73,46875.37,2021,PT,167397.91998046875,True,High
1131,Employee_1131,ELECTRICAL TRANSIT SYSTEM MECHANIC,57431.84,0.0,2434.91,22919.33,2019,FT,59866.74991210937,False,Standard
1132,Employee_1132,ASSISTANT MEDICAL EXAMINER,73628.63,0.0,5432.56,25242.8,2023,FT,79061.19005859375,False,Medium
1133,Employee_1133,ANIMAL CARE ATTENDANT,78305.59,6632.01,3864.81,26435.0,2022,FT,88802.41005859374,False,Medium
1134,Employee_1134,ANIMAL CARE ATTENDANT,53517.87,9615.66,5253.06,17479.26,2021,PT,68386.59005859375,False,Standard
1135,Employee_1135,DIRECTOR OF PUBLIC WORKS,116458.07,0.0,170.84,36486.53,2023,FT,116628.9099963379,True,Medium
1136,Employee_1136,SPECIAL NURSE,68120.02,3486.56,1379.22,,2023,PT,72985.79997070313,False,Standard
1137,Employee_1137,SENIOR ENGINEER,33402.72,6463.31,1391.68,12829.08,2023,PT,41257.710053710936,False,Standard
1138,Employee_1138,GENERAL LABORER,65608.12,5341.69,3638.83,21751.46,2020,FT,74588.640078125,False,Standard
1139,Employee_1139,SENIOR ENGINEER,86909.74,9766.94,4377.24,30858.79,2023,FT,101053.92023437501,False,Medium
1141,Employee_1141,SOCIAL WORKER,98318.29,0.0,4630.12,39500.48,2022,PT,102948.4101171875,False,Medium
1142,Employee_1142,GENERAL LABORER,45684.03,0.0,310.01,15980.69,2023,FT,45994.040009765624,False,Standard
1143,Employee_1143,ACCOUNTANT INTERN,53507.55,9672.13,4656.13,23533.9,2019,FT,67835.8098828125,False,Standard
1144,Employee_1144,RECREATION LEADER,20000.0,7536.1,5047.43,12138.38,2021,FT,32583.53017578125,False,Standard
1145,Employee_1145,CUSTODIAN,60381.67,1996.69,4032.49,18247.8,2019,FT,66410.84999023438,False,Standard
1147,Employee_1147,ASSISTANT DEPUTY CHIEF 2,107640.82,0.0,4139.97,28793.46,2021,FT,111780.79021484376,True,Medium
1148,Employee_1148,ANIMAL CARE ATTENDANT,92153.55,11364.71,682.01,31514.92,2023,PT,104200.27000976563,False,Medium
1149,Employee_1149,ASSISTANT MEDICAL EXAMINER,87212.35,10234.86,2595.09,39999.27,2023,FT,100042.30008789063,False,Medium
1150,Employee_1150,RECREATION LEADER,71557.13,0.0,2901.53,22292.69,2020,PT,74458.66002929688,False,Standard
1151,Employee_1151,GENERAL LABORER,62587.74,0.0,1988.55,24472.22,2020,FT,64576.29004882812,False,Standard
1152,Employee_1152,CHIEF OF POLICE,162942.83,9208.41,3423.75,46152.81,2021,PT,175574.99,True,High
1153,Employee_1153,SENIOR CLERK,90486.3,3475.77,1746.46,30526.89,2023,FT,95708.5299609375,False,Medium
1154,Employee_1154,ACCOUNTANT INTERN,53634.6,158.48,716.25,,2023,PT,54509.33,False,Standard
1155,Employee_1155,CUSTODIAN,35675.03,188.6,2119.28,10644.23,2020,FT,37982.91002929687,False,Standard
1156,Employee_1156,DIRECTOR OF PUBLIC WORKS,103995.31,9027.12,192.21,34629.63,2019,FT,113214.64000671386,True,Medium
1157,Employee_1157,REGISTERED NURSE,85092.87,0.0,2247.66,30367.58,2022,FT,87340.52991210937,False,Medium
1158,Employee_1158,RECREATION LEADER,115530.77,2277.09,2199.67,38827.98,2020,FT,120007.529921875,False,Medium
1159,Employee_1159,ELECTRICAL TRANSIT SYSTEM MECHANIC,71232.21,6109.18,460.54,29304.11,2019,FT,77801.93000854494,False,Medium
1160,Employee_1160,GENERAL LABORER,54692.89,8990.99,3703.92,25994.3,2019,FT,67387.799921875,False,Standard
1161,Employee_1161,DIRECTOR OF PUBLIC WORKS,78711.18,719.33,292.47,25693.43,2021,FT,79722.9800012207,True,Medium
1162,Employee_1162,CHIEF OF POLICE,145870.38,5982.33,8863.92,63846.12,2020,FT,160716.629921875,True,High
1163,Employee_1163,RECREATION LEADER,34707.68,11438.24,1671.56,12470.95,2021,FT,47817.48005859375,False,Standard
1164,Employee_1164,ASSISTANT DEPUTY CHIEF 2,145812.42,0.0,1513.88,42938.38,2020,PT,147326.30000488283,True,Medium
1165,Employee_1165,CHIEF OF POLICE,155437.62,3729.18,953.03,50038.52,2022,FT,160119.83002929686,True,High
1166,Employee_1166,REGISTERED NURSE,78725.59,0.0,5442.74,28398.83,2022,FT,84168.330234375,False,Medium
1167,Employee_1167,TRANSIT OPERATOR,65606.77,0.0,772.55,22030.6,2021,PT,66379.31998779297,False,Standard
1168,Employee_1168,ELECTRICAL TRANSIT SYSTEM MECHANIC,81298.81,11434.96,2091.29,31785.03,2019,FT,94825.06003906249,False,Medium
1169,Employee_1169,CHIEF INVESTMENT OFFICER,132153.78,3976.71,4561.14,54087.15,2021,FT,140691.63013671874,True,Medium
1171,Employee_1171,HEAD LIBRARIAN,160512.37,10189.14,3960.26,65066.41,2020,PT,174661.77000976563,True,High
1172,Employee_1172,HEAD LIBRARIAN,94449.62,2881.74,4806.7,34083.48,2020,FT,102138.0601953125,True,Medium
1173,Employee_1173,ELECTRICAL TRANSIT SYSTEM MECHANIC,85515.05,0.0,2823.39,28583.98,2021,FT,88338.43989257813,False,Medium
1174,Employee_1174,POLICE OFFICER 3,21627.71,6510.7,9187.72,11007.92,2020,PT,37326.1297265625,False,Standard
1175,Employee_1175,TRANSIT OPERATOR,95529.42,6068.9,3174.23,30971.85,2021,PT,104772.54998046874,False,Medium
1176,Employee_1176,GENERAL LABORER,99375.27,7494.12,453.85,33084.75,2020,FT,107323.24000610352,False,Medium
1177,Employee_1177,CUSTODIAN,70596.68,7367.68,1232.15,28869.23,2020,FT,79196.51002441405,False,Medium
1178,Employee_1178,FIREFIGHTER,81175.42,1891.83,8783.52,29530.93,2022,PT,91850.76953125,False,Medium
1179,Employee_1179,DEPUTY SHERIFF,81170.3,0.0,7394.01,24184.7,2021,PT,88564.309765625,False,Medium
1180,Employee_1180,TRANSIT OPERATOR,57144.33,11000.7,5866.07,26938.52,2021,FT,74011.09982421875,False,Standard
1181,Employee_1181,DIRECTOR OF PUBLIC WORKS,137602.16,0.0,382.37,48226.56,2022,FT,137984.5299951172,True,Medium
1182,Employee_1182,ACCOUNTANT INTERN,53827.39,0.0,32.54,21133.87,2020,FT,53859.93000091553,False,Standard
1183,Employee_1183,ASSISTANT MEDICAL EXAMINER,57824.86,0.0,485.68,19208.2,2019,FT,58310.53999267578,False,Standard
1184,Employee_1184,SENIOR CLERK,120300.52,0.0,350.28,42006.18,2023,FT,120650.7999987793,False,Medium
1185,Employee_1185,ELECTRICAL TRANSIT SYSTEM MECHANIC,89493.15,0.0,6478.11,30893.1,2019,FT,95971.25986328124,False,Medium
1186,Employee_1186,CUSTODIAN,55872.49,1839.17,1268.7,20767.99,2021,FT,58980.35995117187,False,Standard
1187,Employee_1187,REGISTERED NURSE,55328.47,0.0,1665.51,,2020,FT,56993.980009765626,False,Standard
1188,Employee_1188,DIRECTOR OF PUBLIC WORKS,97049.72,7643.75,4323.16,29508.45,2020,PT,109016.63015625,True,Medium
1189,Employee_1189,ASSISTANT DEPUTY CHIEF 2,152375.02,4995.73,2990.58,63824.21,2019,PT,160361.330078125,True,High
1190,Employee_1190,TRANSIT OPERATOR,50000.3,0.0,2157.94,18675.5,2023,PT,52158.23994140625,False,Standard
1193,Employee_1193,POLICE OFFICER 3,68235.09,7098.49,240.74,26958.44,2022,FT,75574.32000549317,False,Medium
1194,Employee_1194,ASSISTANT MEDICAL EXAMINER,90201.27,1650.81,86.06,24732.85,2019,FT,91938.1399975586,False,Medium
1195,Employee_1195,ASSISTANT DEPUTY CHIEF 2,115044.83,0.0,2676.75,35188.98,2021,PT,117721.58,True,Medium
1196,Employee_1196,HEAD LIBRARIAN,98584.33,625.07,2663.64,27373.79,2021,FT,101873.03989257813,True,Medium
1197,Employee_1197,ASSISTANT MEDICAL EXAMINER,50455.08,770.98,1340.54,14135.36,2021,FT,52566.600039062505,False,Standard
1199,Employee_1199,ANIMAL CARE ATTENDANT,54669.59,0.0,605.84,20086.21,2023,FT,55275.430026855465,False,Standard
1201,Employee_1201,SOCIAL WORKER,68573.68,0.0,1381.4,26219.24,2022,FT,69955.08002441406,False,Standard
1202,Employee_1202,CHIEF OF POLICE,88099.81,1891.58,549.01,34918.28,2022,FT,90540.40000976562,True,Medium
1203,Employee_1203,CHIEF INVESTMENT OFFICER,104072.29,19046.35,384.28,33998.49,2020,PT,123502.91999877928,True,Medium
1204,Employee_1204,SENIOR ENGINEER,126954.68,624.35,1275.81,45914.79,2019,PT,128854.84005859375,False,Medium
1205,Employee_1205,HEAD LIBRARIAN,111049.73,0.0,7611.92,37858.51,2020,FT,118661.649921875,True,Medium
1206,Employee_1206,SOCIAL WORKER,49816.99,23763.12,1810.06,29239.64,2023,FT,75390.17005859375,False,Medium
1207,Employee_1207,CHIEF OF POLICE,136991.82,0.0,1433.21,,2023,FT,138425.0299609375,True,Medium
1208,Employee_1208,SENIOR ENGINEER,87201.04,4279.88,4756.46,29528.62,2023,FT,96237.3799609375,False,Medium
1209,Employee_1209,DEPUTY SHERIFF,139080.93,0.0,584.21,,2020,FT,139665.14002197265,False,Medium
1210,Employee_1210,CHIEF INVESTMENT OFFICER,136264.46,1460.23,2851.28,54198.11,2022,FT,140575.97002929688,True,Medium
1211,Employee_1211,HEAD LIBRARIAN,93581.25,9454.37,183.02,29306.55,2019,FT,103218.64000427246,True,Medium
1212,Employee_1212,ANIMAL CARE ATTENDANT,98400.56,2734.23,5842.32,40026.26,2022,FT,106977.10982421874,False,Medium
1213,Employee_1213,SENIOR CLERK,43133.06,1361.22,227.72,12483.17,2021,FT,44722.0000012207,False,Standard
1214,Employee_1214,SOCIAL WORKER,71886.4,13654.99,6193.57,31787.04,2022,FT,91734.95982421875,False,Medium
1215,Employee_1215,SPECIAL NURSE,109888.57,7398.41,1147.78,37621.97,2022,FT,118434.76002929689,False,Medium
1216,Employee_1216,REGISTERED NURSE,67676.01,9837.94,1121.28,20892.7,2023,FT,78635.23002929687,False,Medium
1219,Employee_1219,ANIMAL CARE ATTENDANT,99090.36,0.0,8814.4,39384.99,2021,PT,107904.760390625,False,Medium
1220,Employee_1220,SENIOR CLERK,100777.81,11255.29,1192.58,40686.63,2019,FT,113225.6799560547,False,Medium
1221,Employee_1221,HEAD LIBRARIAN,79834.32,0.0,2771.13,,2019,PT,82605.4498828125,True,Medium
1222,Employee_1222,ASSISTANT DEPUTY CHIEF 2,101331.26,0.0,7715.45,35050.92,2021,FT,109046.7101953125,True,Medium
1223,Employee_1223,CHIEF INVESTMENT OFFICER,105850.79,0.0,2541.77,31083.2,2023,FT,108392.56001953124,True,Medium
1224,Employee_1224,HEAD LIBRARIAN,115835.94,5271.9,2913.25,44324.14,2021,PT,124021.09,True,Medium
1225,Employee_1225,ELECTRICAL TRANSIT SYSTEM MECHANIC,96763.92,5508.92,386.52,37880.82,2022,FT,102659.35998901367,False,Medium
1227,Employee_1227,REGISTERED NURSE,79120.24,0.0,2829.55,,2021,PT,81949.79004882813,False,Medium
1228,Employee_1228,CHIEF INVESTMENT OFFICER,78060.79,0.0,3791.15,24611.56,2022,FT,81851.93990234374,True,Medium
1229,Employee_1229,POLICE OFFICER 3,43441.35,0.0,3580.12,13550.65,2020,FT,47021.4701171875,False,Standard
1230,Employee_1230,CUSTODIAN,80665.04,0.0,8043.17,34107.28,2019,PT,88708.209921875,False,Medium
1231,Employee_1231,RECREATION LEADER,43090.58,6026.06,5136.45,14751.47,2019,FT,54253.0901953125,False,Standard
1232,Employee_1232,SENIOR ENGINEER,85135.26,4127.84,3092.15,23910.92,2023,FT,92355.24990234374,False,Medium
1233,Employee_1233,CHIEF INVESTMENT OFFICER,136949.42,0.0,6077.4,45066.38,2022,FT,143026.81990234376,True,Medium
1235,Employee_1235,HEAD LIBRARIAN,74272.13,5002.92,619.79,28293.16,2020,FT,79894.83997802735,True,Medium
1237,Employee_1237,TRANSIT OPERATOR,80073.01,14744.34,291.9,28906.56,2023,FT,95109.24999389648,False,Medium
1238,Employee_1238,REGISTERED NURSE,91230.38,3148.65,1879.78,28047.61,2019,FT,96258.81002929687,False,Medium
1239,Employee_1239,CUSTODIAN,82141.07,0.0,2525.06,25969.74,2022,FT,84666.13005859376,False,Medium
1240,Employee_1240,TRANSIT OPERATOR,71473.13,1944.87,4405.59,28587.6,2020,PT,77823.58984375,False,Medium
1241,Employee_1241,CHIEF OF POLICE,99136.99,1069.53,1341.32,28651.21,2020,FT,101547.83994628907,True,Medium
1242,Employee_1242,ANIMAL CARE ATTENDANT,48581.86,0.0,2085.75,19869.92,2020,FT,50667.61,False,Standard
1243,Employee_1243,CHIEF INVESTMENT OFFICER,107608.42,12316.27,3642.61,40391.98,2023,FT,123567.30010742188,True,Medium
1244,Employee_1244,CHIEF OF POLICE,140757.68,6666.36,6880.4,56702.52,2019,PT,154304.43990234373,True,High
1245,Employee_1245,SOCIAL WORKER,76732.47,0.0,2556.96,29661.33,2020,FT,79289.4299609375,False,Medium
1246,Employee_1246,CHIEF INVESTMENT OFFICER,50403.53,0.0,728.69,16455.49,2020,FT,51132.220002441405,True,Standard
1247,Employee_1247,SOCIAL WORKER,54286.46,4442.78,3454.24,22461.03,2020,FT,62183.47999023437,False,Standard
1248,Employee_1248,SENIOR CLERK,122317.2,2858.66,4061.03,39379.02,2019,FT,129236.89002929688,False,Medium
1249,Employee_1249,CUSTODIAN,71584.3,6028.64,607.26,29069.69,2023,PT,78220.20000976563,False,Medium
1250,Employee_1250,CHIEF INVESTMENT OFFICER,74987.68,1353.05,4600.51,30238.47,2020,FT,80941.239765625,True,Medium
1252,Employee_1252,ELECTRICAL TRANSIT SYSTEM MECHANIC,69421.17,5225.33,2632.22,21848.41,2020,PT,77278.71997070312,False,Medium
1253,Employee_1253,SPECIAL NURSE,77686.68,0.0,3661.68,32176.0,2023,FT,81348.35993164062,False,Medium
1254,Employee_1254,ANIMAL CARE ATTENDANT,77990.5,0.0,5877.87,32880.34,2020,PT,83868.3701171875,False,Medium
1255,Employee_1255,HEAD LIBRARIAN,93972.14,8260.82,5057.12,36797.61,2020,FT,107290.08011718749,True,Medium
1256,Employee_1256,SPECIAL NURSE,55448.53,0.0,4289.14,24322.3,2020,FT,59737.67013671875,False,Standard
1257,Employee_1257,FIREFIGHTER,112433.5,564.6,560.96,36954.33,2020,FT,113559.06002197266,False,Medium
1259,Employee_1259,ASSISTANT DEPUTY CHIEF 2,155589.74,2432.31,3570.42,51560.19,2022,FT,161592.469921875,True,High
1260,Employee_1260,ANIMAL CARE ATTENDANT,81525.78,10093.97,3239.98,,2019,PT,94859.72998046875,False,Medium
1261,Employee_1261,DEPUTY SHERIFF,49933.65,0.0,6093.68,18621.71,2020,FT,56027.33017578125,False,Standard
1262,Employee_1262,ACCOUNTANT INTERN,95550.6,0.0,1097.51,33820.54,2020,FT,96648.11000976563,False,Medium
1264,Employee_1264,RECREATION LEADER,75665.74,576.5,2443.93,22688.34,2022,FT,78686.16993164063,False,Medium
1265,Employee_1265,DEPUTY SHERIFF,37212.2,2871.14,2438.8,15230.48,2021,FT,42522.14004882812,False,Standard
1266,Employee_1266,TRANSIT OPERATOR,29182.82,0.0,905.02,11103.57,2023,PT,30087.84001953125,False,Standard
1267,Employee_1267,SPECIAL NURSE,76365.82,8997.71,1176.82,34432.68,2020,FT,86540.34994628906,False,Medium
1268,Employee_1268,GENERAL LABORER,53818.01,0.0,1948.83,16059.93,2023,PT,55766.83995605469,False,Standard
1270,Employee_1270,SPECIAL NURSE,80812.19,7225.18,3845.76,25342.79,2021,FT,91883.13000976562,False,Medium
1271,Employee_1271,GENERAL LABORER,112401.62,0.0,4089.5,31409.71,2022,FT,116491.12,False,Medium
1274,Employee_1274,ASSISTANT MEDICAL EXAMINER,70176.91,0.0,875.23,26224.53,2020,FT,71052.13998046875,False,Standard
1275,Employee_1275,ANIMAL CARE ATTENDANT,87754.13,0.0,2332.07,26339.83,2019,FT,90086.20006835938,False,Medium
1276,Employee_1276,ASSISTANT MEDICAL EXAMINER,92442.56,159.83,3431.16,27079.45,2022,FT,96033.54991210937,False,Medium
1277,Employee_1277,HEAD LIBRARIAN,94693.93,0.0,2379.14,32259.3,2019,FT,97073.06989257812,True,Medium
1278,Employee_1278,ANIMAL CARE ATTENDANT,70683.55,0.0,3490.79,19826.55,2022,FT,74174.3400390625,False,Standard
1279,Employee_1279,TRANSIT OPERATOR,76012.3,2769.26,1793.35,23512.76,2022,FT,80574.90997558594,False,Medium
1280,Employee_1280,SOCIAL WORKER,81077.53,0.0,7372.39,24318.03,2023,FT,88449.92013671875,False,Medium
1281,Employee_1281,SENIOR ENGINEER,87540.01,1507.04,4131.51,27767.87,2021,FT,93178.55976562499,False,Medium
1282,Employee_1282,SENIOR ENGINEER,87877.78,1715.22,1136.01,33100.19,2023,PT,90729.01000976562,False,Medium
1283,Employee_1283,ELECTRICAL TRANSIT SYSTEM MECHANIC,97596.65,0.0,806.36,26382.96,2019,FT,98403.00998535156,False,Medium
1284,Employee_1284,ANIMAL CARE ATTENDANT,94190.41,5382.82,5231.46,35820.18,2021,FT,104804.68996093751,False,Medium
1285,Employee_1285,ELECTRICAL TRANSIT SYSTEM MECHANIC,79548.21,1771.44,1305.31,27903.68,2019,FT,82624.96005859376,False,Medium
1286,Employee_1286,SPECIAL NURSE,104382.18,3489.43,8784.09,38580.33,2022,FT,116655.69984374999,False,Medium
1288,Employee_1288,FIREFIGHTER,102459.47,7904.44,7161.52,41084.43,2023,FT,117525.43001953125,False,Medium
1289,Employee_1289,REGISTERED NURSE,80850.31,0.0,1446.58,31089.43,2022,FT,82296.88995605469,False,Medium
1291,Employee_1291,FIREFIGHTER,46150.36,0.0,204.61,17249.6,2019,FT,46354.97000061035,False,Standard
1292,Employee_1292,SOCIAL WORKER,56213.09,722.71,2056.51,15292.07,2023,FT,58992.31000976562,False,Standard
1293,Employee_1293,SENIOR CLERK,101888.74,0.0,4414.25,34263.44,2021,PT,106302.99,False,Medium
1294,Employee_1294,TRANSIT OPERATOR,77944.68,3576.05,3986.23,27936.82,2019,PT,85506.95998046875,False,Medium
1295,Employee_1295,ACCOUNTANT INTERN,109002.78,7236.63,5302.29,33987.66,2023,FT,121541.7000390625,False,Medium
1296,Employee_1296,CHIEF OF POLICE,101938.51,1622.9,537.58,27424.98,2023,PT,104098.99001708983,True,Medium
1297,Employee_1297,DEPUTY SHERIFF,88098.37,0.0,2254.43,,2021,FT,90352.79993164062,False,Medium
1298,Employee_1298,ASSISTANT MEDICAL EXAMINER,93249.26,0.0,5745.17,25301.5,2022,FT,98994.429921875,False,Medium
1299,Employee_1299,ASSISTANT DEPUTY CHIEF 2,151367.32,10375.2,115.77,54390.69,2019,FT,161858.28999664309,True,High
1300,Employee_1300,TRANSIT OPERATOR,50780.07,2735.74,3717.62,15643.11,2019,PT,57233.4301171875,False,Standard
1301,Employee_1301,SENIOR ENGINEER,127601.73,66.62,1342.52,47902.47,2020,FT,129010.87001953124,False,Medium
1302,Employee_1302,ELECTRICAL TRANSIT SYSTEM MECHANIC,94586.5,0.0,2617.62,,2022,PT,97204.1201171875,False,Medium
1304,Employee_1304,SOCIAL WORKER,74086.95,0.0,364.85,20449.67,2019,PT,74451.80000610351,False,Standard
1305,Employee_1305,DIRECTOR OF PUBLIC WORKS,126687.67,0.0,1217.92,39835.14,2022,PT,127905.59004394531,True,Medium
1306,Employee_1306,ASSISTANT MEDICAL EXAMINER,68425.28,0.0,2434.8,27085.24,2022,FT,70860.08004882812,False,Standard
1307,Employee_1307,DEPUTY SHERIFF,82815.7,2262.01,1691.83,26896.2,2022,FT,86769.53995605468,False,Medium
1308,Employee_1308,FIREFIGHTER,70622.7,10592.61,6718.21,23412.34,2022,FT,87933.5199609375,False,Medium
1309,Employee_1309,ELECTRICAL TRANSIT SYSTEM MECHANIC,53029.5,1653.09,5029.87,23747.66,2023,FT,59712.4601171875,False,Standard
1310,Employee_1310,RECREATION LEADER,49028.17,0.0,2869.94,16864.36,2022,PT,51898.10994140625,False,Standard
1311,Employee_1311,ASSISTANT DEPUTY CHIEF 2,98926.69,0.0,289.44,29899.35,2021,PT,99216.13000244141,True,Medium
1312,Employee_1312,GENERAL LABORER,74442.64,2729.55,472.07,29818.74,2023,FT,77644.26000732422,False,Medium
1313,Employee_1313,ANIMAL CARE ATTENDANT,69460.88,6800.06,7921.43,32756.25,2020,FT,84182.37017578125,False,Medium
1314,Employee_1314,RECREATION LEADER,74306.88,0.0,1029.66,24448.26,2019,PT,75336.54003417969,False,Medium
1315,Employee_1315,SOCIAL WORKER,80016.26,0.0,2341.58,24378.53,2022,FT,82357.840078125,False,Medium
1316,Employee_1316,CUSTODIAN,57453.58,9438.75,3082.85,,2020,FT,69975.18009765625,False,Standard
1317,Employee_1317,ASSISTANT MEDICAL EXAMINER,99313.2,992.08,1066.03,28677.16,2023,FT,101371.31002929687,False,Medium
1318,Employee_1318,DIRECTOR OF PUBLIC WORKS,109897.83,1813.72,1006.61,36265.46,2021,FT,112718.15998535157,True,Medium
1319,Employee_1319,SENIOR CLERK,79730.9,0.0,354.69,22777.52,2023,PT,80085.5900024414,False,Medium
1320,Employee_1320,ELECTRICAL TRANSIT SYSTEM MECHANIC,79647.72,1794.87,360.48,28085.48,2019,FT,81803.07001098632,False,Medium
1321,Employee_1321,REGISTERED NURSE,33269.8,0.0,128.48,12156.42,2022,FT,33398.27999572754,False,Standard
1322,Employee_1322,DEPUTY SHERIFF,54189.31,4612.54,5983.16,25616.91,2021,FT,64785.01015625,False,Standard
1323,Employee_1323,ASSISTANT DEPUTY CHIEF 2,161318.62,0.0,1972.62,,2021,FT,163291.23999511718,True,High
1324,Employee_1324,SOCIAL WORKER,35251.56,0.0,428.6,9381.04,2020,FT,35680.16000610351,False,Standard
1325,Employee_1325,SOCIAL WORKER,92351.48,316.42,2320.87,26761.04,2023,FT,94988.7701171875,False,Medium
1326,Employee_1326,POLICE OFFICER 3,100222.73,0.0,4003.87,34369.12,2020,PT,104226.6001171875,False,Medium
1327,Employee_1327,ASSISTANT MEDICAL EXAMINER,62610.89,0.0,966.14,18350.79,2023,PT,63577.03001464844,False,Standard
1328,Employee_1328,SPECIAL NURSE,75836.26,4436.67,4705.94,21427.83,2021,FT,84978.86994140624,False,Medium
1329,Employee_1329,ASSISTANT MEDICAL EXAMINER,92381.74,11098.63,1813.44,38244.67,2019,FT,105293.80994140626,False,Medium
1330,Employee_1330,GENERAL LABORER,60664.22,10788.14,5513.91,23372.02,2023,PT,76966.27015625,False,Medium
1331,Employee_1331,SENIOR CLERK,113562.16,0.0,1973.14,30029.36,2019,FT,115535.30001464844,False,Medium
1332,Employee_1332,SENIOR ENGINEER,73550.13,0.0,1855.96,24606.93,2020,FT,75406.0899609375,False,Medium
1333,Employee_1333,ELECTRICAL TRANSIT SYSTEM MECHANIC,60447.95,6527.07,79.04,26592.39,2023,FT,67054.06000091552,False,Standard
1334,Employee_1334,ANIMAL CARE ATTENDANT,54013.27,760.36,1683.55,,2023,FT,56457.18004882812,False,Standard
1336,Employee_1336,CHIEF INVESTMENT OFFICER,167686.89,15174.95,288.33,59916.54,2021,FT,183150.1699865723,True,High
1338,Employee_1338,CUSTODIAN,44575.02,0.0,883.84,11734.59,2020,PT,45458.860026855466,False,Standard
1340,Employee_1340,ELECTRICAL TRANSIT SYSTEM MECHANIC,77891.99,4765.86,727.2,29867.77,2021,PT,83385.05001220704,False,Medium
1341,Employee_1341,ASSISTANT DEPUTY CHIEF 2,192388.19,0.0,845.5,68714.24,2019,PT,193233.69,True,High
1342,Employee_1342,REGISTERED NURSE,77874.5,2100.56,963.5,22057.83,2021,FT,80938.56,False,Medium
1343,Employee_1343,REGISTERED NURSE,62262.07,0.0,1613.32,24661.76,2021,PT,63875.38994628906,False,Standard
1344,Employee_1344,DIRECTOR OF PUBLIC WORKS,145050.25,0.0,5097.82,44795.28,2020,FT,150148.06982421875,True,High
1345,Employee_1345,POLICE OFFICER 3,65210.03,2480.43,5747.76,18929.53,2020,PT,73438.21976562499,False,Standard
1346,Employee_1346,CHIEF INVESTMENT OFFICER,112381.73,441.04,8016.39,31718.24,2021,FT,120839.16013671874,True,Medium
1347,Employee_1347,RECREATION LEADER,50830.82,0.0,2874.72,,2019,FT,53705.539970703125,False,Standard
1348,Employee_1348,ASSISTANT MEDICAL EXAMINER,98168.98,1686.06,567.65,25707.94,2019,FT,100422.69002441406,False,Medium
1349,Employee_1349,SENIOR ENGINEER,24980.59,1315.49,4095.46,,2022,FT,30391.5399609375,False,Standard
1350,Employee_1350,DIRECTOR OF PUBLIC WORKS,146127.21,11494.31,637.91,60118.57,2020,FT,158259.42997314452,True,High
1351,Employee_1351,SPECIAL NURSE,60725.1,4256.61,4582.36,17530.56,2022,FT,69564.06986328124,False,Standard
1352,Employee_1352,ELECTRICAL TRANSIT SYSTEM MECHANIC,61793.19,5369.58,2621.34,25924.94,2021,FT,69784.11008789063,False,Standard
1353,Employee_1353,CHIEF OF POLICE,186923.35,0.0,6737.61,,2021,FT,193660.95986328126,True,High
1354,Employee_1354,ACCOUNTANT INTERN,55717.38,1621.2,5128.15,15901.23,2021,FT,62466.729902343744,False,Standard
1355,Employee_1355,FIREFIGHTER,56398.62,0.0,5183.05,26841.59,2021,FT,61581.6698046875,False,Standard
1356,Employee_1356,CHIEF OF POLICE,121305.81,362.88,764.39,48956.59,2023,FT,122433.08001464844,True,Medium
1357,Employee_1357,GENERAL LABORER,78276.95,0.0,1707.62,29559.72,2023,FT,79984.56999511718,False,Medium
1358,Employee_1358,REGISTERED NURSE,61162.88,0.0,1084.24,20280.33,2020,FT,62247.11999023437,False,Standard
1359,Employee_1359,REGISTERED NURSE,38522.82,0.0,2517.68,15707.16,2022,FT,41040.499931640625,False,Standard
1361,Employee_1361,SPECIAL NURSE,95626.68,6331.75,4236.16,,2019,FT,106194.59015625,False,Medium
1362,Employee_1362,SPECIAL NURSE,71495.54,1144.07,964.92,20877.78,2022,FT,73604.52998291016,False,Standard
1363,Employee_1363,GENERAL LABORER,79021.75,5621.77,5913.78,29601.52,2021,FT,90557.29978515625,False,Medium
1364,Employee_1364,FIREFIGHTER,64771.58,0.0,108.9,19850.09,2023,PT,64880.48000152588,False,Standard
1365,Employee_1365,ASSISTANT DEPUTY CHIEF 2,102258.08,0.0,3514.4,,2021,FT,105772.47990234375,True,Medium
1366,Employee_1366,TRANSIT OPERATOR,103551.39,4293.63,5022.11,31229.06,2023,FT,112867.12986328125,False,Medium
1367,Employee_1367,CUSTODIAN,66236.16,4427.59,1835.68,27317.27,2019,FT,72499.43005371094,False,Standard
1368,Employee_1368,SENIOR CLERK,79472.38,4983.28,1412.67,30547.85,2019,FT,85868.33004394532,False,Medium
1369,Employee_1369,CHIEF INVESTMENT OFFICER,165461.13,0.0,2618.37,50373.13,2023,FT,168079.5001171875,True,High
1372,Employee_1372,GENERAL LABORER,70204.93,0.0,3742.55,19734.88,2019,FT,73947.48004882812,False,Standard
1373,Employee_1373,SENIOR CLERK,91007.02,0.0,3649.68,32545.03,2020,FT,94656.69993164063,False,Medium
1374,Employee_1374,ELECTRICAL TRANSIT SYSTEM MECHANIC,75192.23,5943.64,372.26,21707.46,2023,FT,81508.13000976562,False,Medium
1377,Employee_1377,CHIEF INVESTMENT OFFICER,40390.06,2320.43,6686.41,12540.43,2020,FT,49396.90015625,True,Standard
1378,Employee_1378,SENIOR ENGINEER,99483.77,1136.69,2207.69,38899.83,2020,FT,102828.14994140626,False,Medium
1379,Employee_1379,CHIEF OF POLICE,127363.68,0.0,960.68,39156.65,2019,FT,128324.35999267577,True,Medium
1380,Employee_1380,ASSISTANT DEPUTY CHIEF 2,127564.2,4113.17,1956.62,40283.28,2023,PT,133633.98999511718,True,Medium
1381,Employee_1381,CHIEF INVESTMENT OFFICER,134854.1,5060.62,190.5,37519.21,2023,FT,140105.22,True,Medium
1382,Employee_1382,DEPUTY SHERIFF,69426.43,1100.62,2040.29,25330.6,2019,FT,72567.34003906249,False,Standard
1383,Employee_1383,GENERAL LABORER,68947.76,3905.33,413.73,22259.85,2020,FT,73266.82001098632,False,Standard
1384,Employee_1384,SOCIAL WORKER,82260.88,3291.52,5432.74,33978.33,2021,FT,90985.14023437501,False,Medium
1385,Employee_1385,ELECTRICAL TRANSIT SYSTEM MECHANIC,59158.38,0.0,2680.7,21309.3,2020,PT,61839.07995117187,False,Standard
1386,Employee_1386,FIREFIGHTER,51046.27,1622.05,611.27,20352.1,2022,FT,53279.59001953125,False,Standard
1387,Employee_1387,ASSISTANT DEPUTY CHIEF 2,234856.13,2335.58,1599.25,,2020,FT,238790.96,True,High
1388,Employee_1388,CUSTODIAN,55682.85,0.0,5659.1,22505.85,2019,PT,61341.95009765625,False,Standard
1389,Employee_1389,SOCIAL WORKER,72002.86,0.0,4726.61,27199.13,2020,FT,76729.46986328125,False,Medium
1390,Employee_1390,ACCOUNTANT INTERN,40086.79,12783.56,1416.31,,2021,PT,54286.66005859375,False,Standard
1391,Employee_1391,CUSTODIAN,72329.37,0.0,41.96,25568.87,2019,PT,72371.32999908447,False,Standard
1392,Employee_1392,ASSISTANT DEPUTY CHIEF 2,92403.88,0.0,3424.37,,2023,FT,95828.2501171875,True,Medium
1393,Employee_1393,CHIEF INVESTMENT OFFICER,110070.97,12326.33,3060.1,31490.5,2019,FT,125457.40009765625,True,Medium
1394,Employee_1394,SENIOR ENGINEER,118171.68,8037.92,1151.14,,2019,FT,127360.74001464843,False,Medium
1395,Employee_1395,FIREFIGHTER,79440.19,1282.79,4247.38,24583.96,2021,PT,84970.3598828125,False,Medium
1397,Employee_1397,HEAD LIBRARIAN,51863.85,0.0,5911.48,18310.49,2020,FT,57775.32998046875,True,Standard
1398,Employee_1398,HEAD LIBRARIAN,160106.86,4387.41,3588.35,42601.11,2020,PT,168082.62009765624,True,High
1399,Employee_1399,TRANSIT OPERATOR,46162.37,0.0,1395.77,11997.39,2019,PT,47558.14001953125,False,Standard
1401,Employee_1401,RECREATION LEADER,90430.88,0.0,360.62,22968.79,2020,FT,90791.49999511719,False,Medium
1402,Employee_1402,DEPUTY SHERIFF,81546.65,3059.25,2479.63,23500.87,2019,FT,87085.5298828125,False,Medium
1403,Employee_1403,CUSTODIAN,52900.3,12016.29,1388.07,22137.54,2020,PT,66304.65994628906,False,Standard
1404,Employee_1404,CUSTODIAN,73031.8,0.0,1436.47,23088.21,2023,PT,74468.26997070313,False,Standard
1405,Employee_1405,POLICE OFFICER 3,60581.57,2137.7,2182.78,25773.4,2020,PT,64902.05002929687,False,Standard
1406,Employee_1406,POLICE OFFICER 3,70580.79,1090.01,3647.07,27965.84,2023,PT,75317.87006835936,False,Medium
1407,Employee_1407,GENERAL LABORER,65002.55,2197.88,2858.71,19057.23,2020,FT,70059.13996093751,False,Standard
1408,Employee_1408,SOCIAL WORKER,29227.79,0.0,2316.61,9858.21,2019,FT,31544.400107421876,False,Standard
1409,Employee_1409,TRANSIT OPERATOR,92435.68,8002.4,2812.2,32487.25,2020,FT,103250.27995117186,False,Medium
1410,Employee_1410,DEPUTY SHERIFF,68377.86,0.0,143.24,20852.17,2020,FT,68521.10000549316,False,Standard
1411,Employee_1411,SPECIAL NURSE,60303.99,4314.2,2551.98,21785.87,2019,FT,67170.16998046875,False,Standard
1412,Employee_1412,ASSISTANT DEPUTY CHIEF 2,105828.22,7337.43,9615.52,43032.49,2021,FT,122781.16953125,True,Medium
1413,Employee_1413,DEPUTY SHERIFF,77169.19,0.0,5523.7,28622.78,2020,FT,82692.8901953125,False,Medium
1414,Employee_1414,ANIMAL CARE ATTENDANT,52124.87,0.0,1134.77,16167.76,2022,FT,53259.64001953125,False,Standard
1415,Employee_1415,DIRECTOR OF PUBLIC WORKS,42324.03,1905.44,429.88,15887.87,2021,PT,44659.350004882814,True,Standard
1416,Employee_1416,ANIMAL CARE ATTENDANT,78142.6,7194.41,6581.32,26970.93,2021,FT,91918.32982421876,False,Medium
1417,Employee_1417,HEAD LIBRARIAN,120573.09,0.0,5206.08,47207.46,2021,FT,125779.170078125,True,Medium
1418,Employee_1418,SENIOR CLERK,85809.57,12224.78,4359.82,40410.45,2019,FT,102394.16982421876,False,Medium
1419,Employee_1419,SOCIAL WORKER,47041.94,3370.86,368.52,14940.4,2022,FT,50781.319989013675,False,Standard
1420,Employee_1420,CHIEF OF POLICE,129201.68,0.0,2295.12,48351.81,2019,FT,131496.8001171875,True,Medium
1421,Employee_1421,ACCOUNTANT INTERN,40709.35,4342.77,1465.8,17305.31,2022,FT,46517.92004882812,False,Standard
1423,Employee_1423,DIRECTOR OF PUBLIC WORKS,93476.27,0.0,1731.98,25055.2,2022,FT,95208.24998046875,True,Medium
1424,Employee_1424,ASSISTANT MEDICAL EXAMINER,86878.78,4884.94,4074.78,35261.6,2021,FT,95838.50002929688,False,Medium
1425,Employee_1425,DEPUTY SHERIFF,62747.78,0.0,2259.33,,2020,PT,65007.110078125,False,Standard
1426,Employee_1426,RECREATION LEADER,61042.67,4056.52,4900.28,19684.6,2023,FT,69999.46978515625,False,Standard
1427,Employee_1427,ASSISTANT MEDICAL EXAMINER,109093.85,8028.91,3108.73,41359.34,2020,FT,120231.48998046876,False,Medium
1428,Employee_1428,SOCIAL WORKER,77049.25,617.65,4486.39,25922.71,2021,FT,82153.29013671874,False,Medium
1429,Employee_1429,DEPUTY SHERIFF,76779.89,1561.72,4269.05,21737.83,2022,FT,82610.6598046875,False,Medium
1430,Employee_1430,ANIMAL CARE ATTENDANT,62605.99,1224.53,1703.04,26052.95,2023,PT,65533.5600390625,False,Standard
1431,Employee_1431,SENIOR CLERK,75494.34,11412.87,906.94,25176.25,2023,FT,87814.1500024414,False,Medium
1432,Employee_1432,POLICE OFFICER 3,26271.87,3754.5,5238.71,11519.15,2019,FT,35265.079960937495,False,Standard
1433,Employee_1433,POLICE OFFICER 3,89374.81,4474.6,7641.59,,2023,FT,101490.99984375,False,Medium
1434,Employee_1434,ASSISTANT DEPUTY CHIEF 2,142139.15,1356.18,1507.29,38753.89,2019,FT,145002.6200390625,True,Medium
1436,Employee_1436,REGISTERED NURSE,67255.47,0.0,3864.91,24696.08,2023,FT,71120.37991210938,False,Standard
1437,Employee_1437,ELECTRICAL TRANSIT SYSTEM MECHANIC,84722.89,7887.16,4590.69,31499.16,2022,PT,97200.73994140625,False,Medium
1438,Employee_1438,HEAD LIBRARIAN,58358.7,8121.2,349.43,22003.52,2023,FT,66829.32999267578,True,Standard
1439,Employee_1439,CUSTODIAN,58202.37,7637.38,10875.0,30165.72,2020,FT,76714.75,False,Medium
1440,Employee_1440,CHIEF INVESTMENT OFFICER,85093.1,4281.46,218.21,34639.67,2020,FT,89592.77000671388,True,Medium
1442,Employee_1442,CHIEF OF POLICE,157523.6,2770.08,4245.1,50235.8,2020,FT,164538.78009765624,True,High
1443,Employee_1443,ACCOUNTANT INTERN,25946.15,355.18,1084.79,8969.38,2022,PT,27386.1200390625,False,Standard
1444,Employee_1444,SENIOR CLERK,51642.2,2387.22,2696.43,22009.42,2021,FT,56725.84993164062,False,Standard
1445,Employee_1445,REGISTERED NURSE,67353.09,0.0,4314.14,26694.93,2022,FT,71667.23013671875,False,Standard
1446,Employee_1446,TRANSIT OPERATOR,60551.2,4079.18,1324.24,20312.2,2021,FT,65954.61999023438,False,Standard
1447,Employee_1447,ACCOUNTANT INTERN,43512.36,0.0,4513.95,18390.79,2020,FT,48026.3101953125,False,Standard
1448,Employee_1448,CHIEF INVESTMENT OFFICER,196011.44,3583.44,4447.87,62584.74,2019,FT,204042.7501171875,True,High
1449,Employee_1449,SENIOR ENGINEER,99126.04,758.32,3789.02,30135.67,2021,FT,103673.38001953125,False,Medium
1450,Employee_1450,REGISTERED NURSE,79496.33,4473.55,1950.58,29340.45,2023,PT,85920.45995605469,False,Medium
1451,Employee_1451,CUSTODIAN,56159.7,1397.0,1524.82,17924.46,2023,FT,59081.51994628906,False,Standard
1452,Employee_1452,TRANSIT OPERATOR,84445.48,10543.44,1769.64,33223.13,2020,FT,96758.56001464844,False,Medium
1453,Employee_1453,SPECIAL NURSE,62391.34,0.0,2528.19,20219.36,2021,FT,64919.52994140625,False,Standard
1454,Employee_1454,DEPUTY SHERIFF,64333.14,8177.99,3628.15,28123.21,2022,FT,76139.27990234375,False,Medium
1455,Employee_1455,DIRECTOR OF PUBLIC WORKS,139774.07,0.0,2507.71,55937.6,2022,FT,142281.7799609375,True,Medium
1456,Employee_1456,SPECIAL NURSE,37420.05,4412.43,1709.6,12650.99,2019,FT,43542.07997558594,False,Standard
1457,Employee_1457,CHIEF INVESTMENT OFFICER,183493.0,3456.05,1889.88,61656.2,2021,FT,188838.9300048828,True,High
1458,Employee_1458,SENIOR CLERK,95742.12,3413.74,1000.98,35922.74,2019,FT,100156.83998046875,False,Medium
1459,Employee_1459,DEPUTY SHERIFF,95618.88,3351.27,1064.46,27387.26,2019,FT,100034.60996093751,False,Medium
1461,Employee_1461,ANIMAL CARE ATTENDANT,51536.7,6291.78,2660.36,20411.7,2019,PT,60488.84010742187,False,Standard
1462,Employee_1462,CUSTODIAN,46762.0,0.0,5108.14,,2020,FT,51870.14013671875,False,Standard
1463,Employee_1463,TRANSIT OPERATOR,75005.95,0.0,1646.55,29145.92,2021,PT,76652.50004882812,False,Medium
1464,Employee_1464,SPECIAL NURSE,71319.67,7434.49,3621.75,25866.46,2022,FT,82375.91,False,Medium
1465,Employee_1465,RECREATION LEADER,60711.76,9445.57,4017.03,20508.68,2021,FT,74174.36002929688,False,Standard
1466,Employee_1466,REGISTERED NURSE,49718.62,585.01,25.44,,2019,FT,50329.07000053406,False,Standard
1467,Employee_1467,HEAD LIBRARIAN,67002.11,0.0,993.2,25010.44,2022,FT,67995.31001220703,True,Standard
1468,Employee_1468,ELECTRICAL TRANSIT SYSTEM MECHANIC,69030.32,0.0,1158.91,27398.89,2023,FT,70189.2300341797,False,Standard
1469,Employee_1469,ANIMAL CARE ATTENDANT,60688.26,13282.76,2218.3,23370.12,2023,FT,76189.32004882813,False,Medium
1470,Employee_1470,SPECIAL NURSE,56287.86,0.0,5195.54,16097.84,2022,FT,61483.4000390625,False,Standard
1471,Employee_1471,SOCIAL WORKER,100941.79,1466.62,4798.21,28422.99,2021,FT,107206.61996093749,False,Medium
1472,Employee_1472,ASSISTANT MEDICAL EXAMINER,68353.49,0.0,6758.57,26151.9,2023,FT,75112.05982421876,False,Medium
1473,Employee_1473,SENIOR CLERK,124021.12,0.0,7183.88,40097.92,2021,FT,131204.9998828125,False,Medium
1474,Employee_1474,FIREFIGHTER,59334.96,7345.96,4137.62,22231.34,2019,FT,70818.5401171875,False,Standard
1475,Employee_1475,CHIEF INVESTMENT OFFICER,134811.95,0.0,1580.86,41145.52,2023,PT,136392.80998535157,True,Medium
1476,Employee_1476,CUSTODIAN,68890.48,12613.24,3424.57,27162.68,2020,PT,84928.29006835938,False,Medium
1477,Employee_1477,CHIEF OF POLICE,64885.6,5445.52,3895.79,,2023,FT,74226.9100390625,True,Standard
1478,Employee_1478,ELECTRICAL TRANSIT SYSTEM MECHANIC,98566.77,8858.71,79.25,35602.44,2020,PT,107504.73000000001,False,Medium
1479,Employee_1479,FIREFIGHTER,67296.93,1469.97,532.46,19032.11,2023,FT,69299.36002197265,False,Standard
1480,Employee_1480,ELECTRICAL TRANSIT SYSTEM MECHANIC,84928.36,1175.66,1350.21,28308.35,2021,FT,87454.2299609375,False,Medium
1481,Employee_1481,POLICE OFFICER 3,54959.43,9541.92,3147.71,,2021,FT,67649.0599609375,False,Standard
1482,Employee_1482,TRANSIT OPERATOR,66703.11,6501.29,2455.96,25108.69,2020,FT,75660.3599609375,False,Medium
1483,Employee_1483,CUSTODIAN,52662.95,0.0,1776.59,14513.61,2023,FT,54439.53996582031,False,Standard
1484,Employee_1484,REGISTERED NURSE,94719.97,0.0,2003.89,26408.43,2019,FT,96723.86001464844,False,Medium
1485,Employee_1485,ELECTRICAL TRANSIT SYSTEM MECHANIC,76228.19,514.01,5596.24,27133.53,2021,PT,82338.440234375,False,Medium
1488,Employee_1488,TRANSIT OPERATOR,93126.83,0.0,4444.63,29848.35,2020,FT,97571.4598828125,False,Medium
1489,Employee_1489,REGISTERED NURSE,85306.85,3104.6,4858.03,26405.54,2022,FT,93269.47978515626,False,Medium
1490,Employee_1490,CHIEF OF POLICE,74817.82,7295.14,207.79,28685.42,2020,PT,82320.74999328614,True,Medium
1491,Employee_1491,DEPUTY SHERIFF,56086.42,5202.4,1442.31,19389.32,2019,FT,62731.13005859375,False,Standard
1492,Employee_1492,CHIEF OF POLICE,89860.03,0.0,3145.98,25450.34,2019,FT,93006.00998046875,True,Medium
1493,Employee_1493,TRANSIT OPERATOR,84550.67,4677.84,2317.3,33992.91,2022,FT,91545.81004882812,False,Medium
1494,Employee_1494,CUSTODIAN,73413.04,6955.55,883.64,25575.26,2020,FT,81252.23001464843,False,Medium
1495,Employee_1495,ELECTRICAL TRANSIT SYSTEM MECHANIC,42189.75,2014.8,1283.45,17615.71,2020,FT,45487.99995117188,False,Standard
1496,Employee_1496,SENIOR CLERK,86092.65,0.0,1626.23,24474.46,2022,FT,87718.87998046874,False,Medium
1497,Employee_1497,ASSISTANT DEPUTY CHIEF 2,72211.96,10289.59,2557.12,32445.85,2020,FT,85058.6701171875,True,Medium
1498,Employee_1498,ANIMAL CARE ATTENDANT,68936.87,316.61,1260.66,26258.51,2020,PT,70514.14003417968,False,Standard
1499,Employee_1499,SENIOR CLERK,47960.31,12107.11,8665.98,18254.72,2020,FT,68733.40046875,False,Standard
1500,Employee_1500,RECREATION LEADER,80576.55,12666.85,3113.33,31773.84,2020,FT,96356.73007812501,False,Medium
1501,Employee_1501,ASSISTANT DEPUTY CHIEF 2,139606.65,8516.71,2484.44,52419.41,2022,FT,150607.79994140624,True,High
1503,Employee_1503,FIREFIGHTER,86957.47,9117.76,1091.67,29979.82,2023,FT,97166.90004394531,False,Medium
1504,Employee_1504,CUSTODIAN,61541.71,10473.01,2285.76,29094.31,2022,FT,74300.48000976563,False,Standard
1505,Employee_1505,DIRECTOR OF PUBLIC WORKS,146814.38,0.0,4308.78,53667.33,2019,FT,151123.15978515625,True,High
1507,Employee_1507,ACCOUNTANT INTERN,50750.55,11041.37,6153.39,,2020,FT,67945.31013671876,False,Standard
1508,Employee_1508,CHIEF OF POLICE,137993.13,0.0,4533.06,53536.61,2021,FT,142526.19005859375,True,Medium
1509,Employee_1509,SOCIAL WORKER,26835.01,1455.07,526.7,10340.75,2020,FT,28816.78001220703,False,Standard
1510,Employee_1510,ASSISTANT MEDICAL EXAMINER,69256.78,0.0,6425.17,26254.97,2023,PT,75681.949921875,False,Medium
1511,Employee_1511,GENERAL LABORER,49594.73,0.0,4736.08,20810.29,2020,FT,54330.810078125,False,Standard
1512,Employee_1512,FIREFIGHTER,72026.14,0.0,3621.54,25872.37,2021,FT,75647.6800390625,False,Medium
1513,Employee_1513,SENIOR ENGINEER,62978.85,10534.82,5699.65,20697.91,2019,FT,79213.31990234375,False,Medium
1514,Employee_1514,CUSTODIAN,78484.96,5266.66,3749.67,29521.58,2023,FT,87501.28992187501,False,Medium
1515,Employee_1515,DEPUTY SHERIFF,70386.55,11484.56,4386.83,22895.04,2023,FT,86257.940078125,False,Medium
1516,Employee_1516,ACCOUNTANT INTERN,98007.32,10801.61,5193.11,44733.85,2022,FT,114002.03986328126,False,Medium
1517,Employee_1517,CHIEF OF POLICE,126242.44,0.0,23.9,43814.46,2020,FT,126266.33999961853,True,Medium
1518,Employee_1518,SPECIAL NURSE,54627.14,10020.45,9887.71,24846.11,2019,PT,74535.2999609375,False,Standard
1519,Employee_1519,CHIEF OF POLICE,117112.11,2634.63,2589.05,34214.04,2022,FT,122335.79004882813,True,Medium
1520,Employee_1520,SENIOR CLERK,56049.85,8580.0,4578.31,22656.33,2021,PT,69208.16005859376,False,Standard
1521,Employee_1521,SOCIAL WORKER,78122.75,0.0,3143.82,24492.09,2023,FT,81266.57006835938,False,Medium
1523,Employee_1523,FIREFIGHTER,119383.92,0.0,5494.99,42541.43,2021,FT,124878.910234375,False,Medium
1524,Employee_1524,POLICE OFFICER 3,57563.28,0.0,3643.83,19885.95,2023,FT,61207.110078125,False,Standard
1525,Employee_1525,DIRECTOR OF PUBLIC WORKS,109894.98,0.0,206.23,31699.37,2023,FT,110101.20999572753,True,Medium
1526,Employee_1526,TRANSIT OPERATOR,58484.83,0.0,6507.36,21373.43,2021,FT,64992.18986328125,False,Standard
1527,Employee_1527,CUSTODIAN,74242.27,0.0,4818.35,25240.46,2019,PT,79060.62009765625,False,Medium
1528,Employee_1528,REGISTERED NURSE,77633.81,6105.48,483.76,31810.19,2019,FT,84223.05000976562,False,Medium
1529,Employee_1529,TRANSIT OPERATOR,68932.5,0.0,1543.86,27073.54,2021,PT,70476.35998535156,False,Standard
1530,Employee_1530,ACCOUNTANT INTERN,91726.52,10295.61,3550.75,38416.64,2021,FT,105572.88,False,Medium
1531,Employee_1531,SPECIAL NURSE,57660.41,794.86,907.21,17686.81,2019,FT,59362.48002197266,False,Standard
1532,Employee_1532,TRANSIT OPERATOR,89723.48,4720.97,996.8,24405.61,2019,PT,95441.24998779297,False,Medium
1533,Employee_1533,ACCOUNTANT INTERN,80769.96,6671.28,2110.18,34817.63,2022,FT,89551.41993164063,False,Medium
1534,Employee_1534,POLICE OFFICER 3,69759.4,1598.6,1197.4,28935.23,2022,PT,72555.40002441406,False,Standard
1535,Employee_1535,RECREATION LEADER,63701.27,0.0,4698.3,18403.12,2019,FT,68399.56980468749,False,Standard
1536,Employee_1536,TRANSIT OPERATOR,118533.36,4893.75,2717.4,44509.13,2021,FT,126144.50990234375,False,Medium
1537,Employee_1537,POLICE OFFICER 3,53659.83,8733.07,3966.7,20821.78,2019,PT,66359.59995117187,False,Standard
1538,Employee_1538,REGISTERED NURSE,75958.66,5164.62,979.12,22354.68,2022,FT,82102.39999511719,False,Medium
1539,Employee_1539,ASSISTANT MEDICAL EXAMINER,54995.62,6258.43,3314.75,25809.13,2023,FT,64568.8,False,Standard
1540,Employee_1540,HEAD LIBRARIAN,158568.62,205.65,2945.33,63068.11,2023,FT,161719.600078125,True,High
1541,Employee_1541,SENIOR CLERK,114057.48,215.37,3279.07,46714.11,2021,FT,117551.92006835937,False,Medium
1542,Employee_1542,DEPUTY SHERIFF,56433.0,11346.38,1333.08,,2022,FT,69112.45995605469,False,Standard
1543,Employee_1543,SPECIAL NURSE,80251.9,7813.06,1224.8,28911.01,2023,FT,89289.76004882812,False,Medium
1544,Employee_1544,ASSISTANT DEPUTY CHIEF 2,135277.05,2137.79,1947.71,53566.24,2022,FT,139362.5499609375,True,Medium
1545,Employee_1545,FIREFIGHTER,59667.5,5085.18,32.45,22757.32,2021,FT,64785.13000076294,False,Standard
1546,Employee_1546,DIRECTOR OF PUBLIC WORKS,144777.58,10242.66,3129.37,49847.22,2022,FT,158149.6101171875,True,High
1547,Employee_1547,ASSISTANT MEDICAL EXAMINER,77786.11,556.36,1843.74,26261.32,2021,FT,80186.20999023438,False,Medium
1548,Employee_1548,RECREATION LEADER,74313.97,9766.17,4468.02,22649.76,2023,FT,88548.16001953125,False,Medium
1549,Employee_1549,CHIEF OF POLICE,124490.89,0.0,4895.28,44214.82,2021,PT,129386.16978515625,True,Medium
1550,Employee_1550,TRANSIT OPERATOR,78621.09,0.0,1243.34,,2023,PT,79864.42996582031,False,Medium
1551,Employee_1551,DEPUTY SHERIFF,74587.75,14098.29,3556.75,23099.35,2019,FT,92242.79000000001,False,Medium
1552,Employee_1552,RECREATION LEADER,71181.87,0.0,269.93,,2019,FT,71451.79999267578,False,Standard
1553,Employee_1553,ASSISTANT DEPUTY CHIEF 2,102923.43,6029.63,1706.93,36263.11,2019,FT,110659.99005371094,True,Medium
1554,Employee_1554,HEAD LIBRARIAN,155812.99,6791.74,329.46,54443.59,2021,FT,162934.18999145506,True,High
1555,Employee_1555,SENIOR CLERK,63689.08,9774.13,1163.87,22500.28,2022,FT,74627.0799951172,False,Standard
1557,Employee_1557,SOCIAL WORKER,63595.19,3006.07,9290.91,27438.06,2019,PT,75892.17015625001,False,Medium
1558,Employee_1558,ANIMAL CARE ATTENDANT,105190.95,3992.7,535.44,31427.8,2023,FT,109719.0900024414,False,Medium
1559,Employee_1559,CHIEF INVESTMENT OFFICER,93474.63,0.0,1991.58,33096.86,2022,FT,95466.20995605469,True,Medium
1560,Employee_1560,RECREATION LEADER,55294.73,3569.45,1936.11,20299.52,2022,FT,60800.28998535156,False,Standard
1562,Employee_1562,DEPUTY SHERIFF,76469.3,2511.08,4624.23,28303.79,2021,FT,83604.60998046875,False,Medium
1563,Employee_1563,DEPUTY SHERIFF,42538.99,13052.11,4417.2,21258.29,2019,PT,60008.3001953125,False,Standard
1564,Employee_1564,ACCOUNTANT INTERN,60429.43,2376.63,6079.39,,2019,FT,68885.45013671875,False,Standard
1565,Employee_1565,ASSISTANT DEPUTY CHIEF 2,48514.83,5319.26,717.98,18200.14,2023,PT,54552.069980468754,True,Standard
1566,Employee_1566,SENIOR CLERK,97250.96,919.02,1092.75,31308.62,2020,FT,99262.73000000001,False,Medium
1567,Employee_1567,CHIEF INVESTMENT OFFICER,107992.27,6743.31,7129.64,38327.24,2022,FT,121865.22013671875,True,Medium
1568,Employee_1568,DIRECTOR OF PUBLIC WORKS,68406.07,9616.68,3898.18,26513.29,2022,FT,81920.92993164062,True,Medium
1569,Employee_1569,ACCOUNTANT INTERN,91712.19,9033.19,4657.67,33498.32,2020,FT,105403.049921875,False,Medium
1570,Employee_1570,CHIEF INVESTMENT OFFICER,78923.99,0.0,3364.46,25991.11,2020,FT,82288.4499609375,True,Medium
1571,Employee_1571,SPECIAL NURSE,85938.87,3672.31,254.91,25302.29,2022,FT,89866.0900036621,False,Medium
1572,Employee_1572,GENERAL LABORER,55979.18,0.0,4694.52,21765.21,2019,FT,60673.70001953125,False,Standard
1573,Employee_1573,SENIOR ENGINEER,132640.86,358.82,3224.57,36772.77,2021,FT,136224.25006835937,False,Medium
1574,Employee_1574,RECREATION LEADER,84991.01,7027.77,3221.63,36792.0,2023,PT,95240.4098828125,False,Medium
1575,Employee_1575,POLICE OFFICER 3,49839.04,0.0,2806.49,18095.69,2022,FT,52645.529990234376,False,Standard
1576,Employee_1576,CUSTODIAN,51658.35,492.55,2631.88,14097.53,2022,FT,54782.7798828125,False,Standard
1577,Employee_1577,ASSISTANT DEPUTY CHIEF 2,147798.91,0.0,3090.39,52637.7,2019,FT,150889.29989257813,True,High
1578,Employee_1578,ANIMAL CARE ATTENDANT,64752.44,0.0,3726.59,20833.18,2019,FT,68479.03008789063,False,Standard
1579,Employee_1579,REGISTERED NURSE,66613.15,0.0,6487.9,28470.28,2020,FT,73101.04990234374,False,Standard
1581,Employee_1581,CUSTODIAN,55026.22,4949.78,2068.7,23383.98,2019,FT,62044.699951171875,False,Standard
1582,Employee_1582,FIREFIGHTER,71825.88,9762.73,5443.9,29171.32,2023,FT,87032.50990234375,False,Medium
1583,Employee_1583,CHIEF OF POLICE,160366.6,3201.21,8728.22,66829.61,2019,PT,172296.0297265625,True,High
1584,Employee_1584,ELECTRICAL TRANSIT SYSTEM MECHANIC,86182.35,8746.79,4745.21,34633.97,2022,FT,99674.34996093751,False,Medium
1585,Employee_1585,HEAD LIBRARIAN,100211.62,2966.68,2618.62,40337.12,2021,FT,105796.92011718749,True,Medium
1586,Employee_1586,CUSTODIAN,64221.88,6606.36,3297.59,20311.07,2022,FT,74125.83008789062,False,Standard
1587,Employee_1587,RECREATION LEADER,35223.69,5017.65,2768.13,16585.61,2020,PT,43009.469882812504,False,Standard
1590,Employee_1590,TRANSIT OPERATOR,67242.36,6587.1,247.16,29606.35,2020,FT,74076.62000366212,False,Standard
1591,Employee_1591,SENIOR ENGINEER,92948.1,0.0,5464.72,34742.93,2022,FT,98412.82021484376,False,Medium
1592,Employee_1592,GENERAL LABORER,90785.07,850.4,1622.43,36022.02,2019,PT,93257.90005371094,False,Medium
1593,Employee_1593,ELECTRICAL TRANSIT SYSTEM MECHANIC,46253.54,0.0,2441.26,12214.5,2019,FT,48694.800009765626,False,Standard
1594,Employee_1594,TRANSIT OPERATOR,65276.39,0.0,1435.05,22204.95,2022,FT,66711.44004882812,False,Standard
1596,Employee_1596,POLICE OFFICER 3,55916.8,0.0,3732.73,,2019,FT,59649.52998046875,False,Standard
1597,Employee_1597,HEAD LIBRARIAN,147944.31,14312.44,2273.9,59952.32,2023,FT,164530.64990234375,True,High
1598,Employee_1598,SENIOR ENGINEER,114623.26,2097.82,1066.08,,2019,PT,117787.15995605469,False,Medium
1599,Employee_1599,RECREATION LEADER,75802.67,0.0,6413.02,23942.36,2023,FT,82215.69001953125,False,Medium
1601,Employee_1601,CUSTODIAN,40022.09,13314.2,6758.17,,2023,FT,60094.45992187499,False,Standard
1602,Employee_1602,SENIOR ENGINEER,90799.12,6528.47,2710.89,37374.93,2023,FT,100038.47989257812,False,Medium
1603,Employee_1603,RECREATION LEADER,77326.74,6718.37,1892.8,32650.71,2020,PT,85937.91004882813,False,Medium
1604,Employee_1604,CUSTODIAN,51708.9,22700.23,4110.68,25347.89,2022,PT,78519.81017578125,False,Medium
1606,Employee_1606,SOCIAL WORKER,47868.35,0.0,2390.18,15595.63,2021,FT,50258.52993164062,False,Standard
1607,Employee_1607,POLICE OFFICER 3,83811.15,0.0,1472.97,,2020,FT,85284.11997070312,False,Medium
1608,Employee_1608,DIRECTOR OF PUBLIC WORKS,154966.38,0.0,2383.1,59939.88,2021,FT,157349.48009765625,True,High
1609,Employee_1609,FIREFIGHTER,75446.67,1624.79,2382.37,23496.96,2023,FT,79453.83011718749,False,Medium
1612,Employee_1612,POLICE OFFICER 3,81294.2,4359.7,3091.35,30928.33,2020,FT,88745.25009765624,False,Medium
1614,Employee_1614,ASSISTANT MEDICAL EXAMINER,20000.0,5793.09,546.31,7234.13,2021,FT,26339.399997558594,False,Standard
1615,Employee_1615,SPECIAL NURSE,94856.61,2647.17,990.33,28387.12,2021,PT,98494.11001708984,False,Medium
1616,Employee_1616,POLICE OFFICER 3,72733.13,8545.83,295.25,21667.43,2021,FT,81574.21,False,Medium
1617,Employee_1617,ANIMAL CARE ATTENDANT,53618.51,0.0,490.54,14827.37,2020,PT,54109.050008544924,False,Standard
1618,Employee_1618,CHIEF OF POLICE,161818.4,5654.14,216.29,52156.63,2021,PT,167688.82999328614,True,High
1619,Employee_1619,REGISTERED NURSE,56449.2,0.0,1410.65,21198.78,2022,FT,57859.85002441406,False,Standard
1620,Employee_1620,CHIEF INVESTMENT OFFICER,101215.72,4803.61,3757.61,36362.81,2023,PT,109776.94010742188,True,Medium
1621,Employee_1621,DEPUTY SHERIFF,77167.05,8021.33,2961.34,22741.87,2022,FT,88149.72008789063,False,Medium
1622,Employee_1622,TRANSIT OPERATOR,105620.77,0.0,1170.57,36710.91,2023,PT,106791.33994628907,False,Medium
1623,Employee_1623,ACCOUNTANT INTERN,102471.74,0.0,5882.48,40014.74,2023,FT,108354.21998046876,False,Medium
1624,Employee_1624,TRANSIT OPERATOR,77194.23,0.0,4833.24,26175.58,2019,FT,82027.470234375,False,Medium
1625,Employee_1625,ASSISTANT DEPUTY CHIEF 2,142645.88,13182.39,703.56,44885.8,2020,PT,156531.8299975586,True,High
1626,Employee_1626,CHIEF INVESTMENT OFFICER,154493.96,1132.59,5672.33,58808.06,2020,PT,161298.880078125,True,High
1628,Employee_1628,DIRECTOR OF PUBLIC WORKS,140901.04,0.0,1530.63,53032.82,2019,FT,142431.67000488282,True,Medium
1629,Employee_1629,ELECTRICAL TRANSIT SYSTEM MECHANIC,55318.53,342.65,3074.24,21769.63,2022,FT,58735.419990234375,False,Standard
1630,Employee_1630,REGISTERED NURSE,76369.56,846.93,1922.69,30325.97,2020,FT,79139.17994140624,False,Medium
1631,Employee_1631,DIRECTOR OF PUBLIC WORKS,111266.1,0.0,3635.24,30267.54,2019,PT,114901.33999023438,True,Medium
1633,Employee_1633,SPECIAL NURSE,72362.07,4748.78,987.72,29748.75,2020,PT,78098.56997070313,False,Medium
1634,Employee_1634,SOCIAL WORKER,20000.0,91.03,4077.48,7765.09,2019,FT,24168.50998046875,False,Standard
1635,Employee_1635,ELECTRICAL TRANSIT SYSTEM MECHANIC,73577.83,5597.34,3581.55,25559.48,2019,PT,82756.72004882812,False,Medium
1636,Employee_1636,ASSISTANT DEPUTY CHIEF 2,149117.51,11595.66,879.03,54294.02,2022,FT,161592.2000292969,True,High
1638,Employee_1638,HEAD LIBRARIAN,101922.42,11597.21,3445.03,40534.97,2021,FT,116964.66002929688,True,Medium
1639,Employee_1639,POLICE OFFICER 3,102843.23,0.0,957.01,40665.04,2022,FT,103800.24000976562,False,Medium
1640,Employee_1640,DEPUTY SHERIFF,76227.46,0.0,5068.96,28564.15,2023,FT,81296.4199609375,False,Medium
1641,Employee_1641,SENIOR ENGINEER,102379.51,6718.48,2614.52,35712.29,2023,PT,111712.51001953124,False,Medium
1642,Employee_1642,SPECIAL NURSE,90889.84,3915.19,2490.93,38347.47,2019,FT,97295.95993164062,False,Medium
1643,Employee_1643,SENIOR CLERK,100427.42,2843.87,1585.67,37043.6,2023,FT,104856.9600439453,False,Medium
1644,Employee_1644,DIRECTOR OF PUBLIC WORKS,88467.4,0.0,7050.67,24695.63,2019,PT,95518.069921875,True,Medium
1646,Employee_1646,CUSTODIAN,60457.58,0.0,1031.98,15922.99,2021,FT,61489.55998046875,False,Standard
1647,Employee_1647,GENERAL LABORER,85218.91,3882.04,1712.01,26888.31,2022,FT,90812.96000976562,False,Medium
1648,Employee_1648,HEAD LIBRARIAN,94407.11,10513.22,4180.19,37350.84,2019,FT,109100.51994140625,True,Medium
1649,Employee_1649,CHIEF INVESTMENT OFFICER,154842.42,9639.44,253.55,46511.79,2020,FT,164735.41000305177,True,High
1650,Employee_1650,RECREATION LEADER,72974.56,8002.27,589.89,20858.92,2020,FT,81566.72001464844,False,Medium
1651,Employee_1651,POLICE OFFICER 3,95761.32,0.0,449.19,32970.67,2020,FT,96210.51000244141,False,Medium
1652,Employee_1652,TRANSIT OPERATOR,64095.67,10699.8,2188.17,22546.86,2023,FT,76983.639921875,False,Medium
1653,Employee_1653,SPECIAL NURSE,79352.3,0.0,1752.28,,2020,FT,81104.58002929688,False,Medium
1654,Employee_1654,DIRECTOR OF PUBLIC WORKS,136200.09,0.0,4729.74,40752.94,2020,FT,140929.830234375,True,Medium
1655,Employee_1655,POLICE OFFICER 3,100032.04,1835.2,3373.11,37146.09,2019,FT,105240.35010742187,False,Medium
1656,Employee_1656,FIREFIGHTER,35867.25,3110.44,4340.67,,2019,FT,43318.359921875,False,Standard
1657,Employee_1657,RECREATION LEADER,60831.83,0.0,4562.41,17197.69,2019,FT,65394.24015625,False,Standard
1658,Employee_1658,SOCIAL WORKER,86970.32,0.0,6675.58,34456.8,2021,FT,93645.900078125,False,Medium
1659,Employee_1659,RECREATION LEADER,100917.93,10876.64,1507.33,30978.35,2021,FT,113301.89995605468,False,Medium
1660,Employee_1660,DEPUTY SHERIFF,74801.43,0.0,5898.48,24162.48,2021,PT,80699.90998046874,False,Medium
1661,Employee_1661,HEAD LIBRARIAN,96218.88,1479.28,1927.23,30246.75,2023,PT,99625.38998046875,True,Medium
1662,Employee_1662,DIRECTOR OF PUBLIC WORKS,144742.02,3731.03,6797.72,43622.78,2021,FT,155270.77021484374,True,High
1663,Employee_1663,POLICE OFFICER 3,87374.05,0.0,631.35,22994.5,2019,PT,88005.39997558594,False,Medium
1664,Employee_1664,ASSISTANT DEPUTY CHIEF 2,113052.18,0.0,5094.65,43155.84,2020,PT,118146.82990234374,True,Medium
1665,Employee_1665,ASSISTANT DEPUTY CHIEF 2,137891.06,0.0,1760.26,51537.5,2020,FT,139651.32000976562,True,Medium
1666,Employee_1666,ELECTRICAL TRANSIT SYSTEM MECHANIC,93610.55,1627.34,7123.89,40896.09,2023,FT,102361.78013671875,False,Medium
1667,Employee_1667,SENIOR ENGINEER,140151.93,0.0,3604.9,56092.57,2020,FT,143756.82990234374,False,Medium
1668,Employee_1668,ASSISTANT MEDICAL EXAMINER,84852.1,5525.14,454.03,28629.69,2019,FT,90831.2699987793,False,Medium
1669,Employee_1669,ASSISTANT DEPUTY CHIEF 2,127589.0,0.0,2986.7,35256.51,2022,FT,130575.69995117188,True,Medium
1670,Employee_1670,SENIOR ENGINEER,89594.05,9108.93,4913.37,26070.39,2021,FT,103616.35011718751,False,Medium
1672,Employee_1672,ASSISTANT DEPUTY CHIEF 2,121835.78,0.0,9879.17,49931.16,2022,FT,131714.949921875,True,Medium
1673,Employee_1673,DEPUTY SHERIFF,73792.81,8480.06,447.75,24004.33,2020,FT,82720.62,False,Medium
1675,Employee_1675,SENIOR ENGINEER,124723.49,0.0,4285.81,40746.69,2023,FT,129009.30005859376,False,Medium
1676,Employee_1676,CHIEF INVESTMENT OFFICER,84953.35,0.0,99.48,32662.83,2020,FT,85052.83000335694,True,Medium
1678,Employee_1678,ELECTRICAL TRANSIT SYSTEM MECHANIC,71951.87,0.0,5054.3,27599.55,2021,FT,77006.1698046875,False,Medium
1679,Employee_1679,ACCOUNTANT INTERN,109819.74,0.0,2434.36,35851.59,2022,FT,112254.10010742188,False,Medium
1680,Employee_1680,CHIEF OF POLICE,110783.41,11079.79,3014.22,38205.48,2019,FT,124877.41997070314,True,Medium
1681,Employee_1681,ACCOUNTANT INTERN,56679.68,0.0,2907.9,18837.83,2020,FT,59587.57990234375,False,Standard
1682,Employee_1682,TRANSIT OPERATOR,58983.66,5269.88,3968.0,24918.61,2019,PT,68221.54000000001,False,Standard
1683,Employee_1683,TRANSIT OPERATOR,103177.94,72.07,2861.89,38535.69,2022,FT,106111.89989257813,False,Medium
1684,Employee_1684,ANIMAL CARE ATTENDANT,20000.0,11960.65,1808.27,,2019,PT,33768.92001953125,False,Standard
1685,Employee_1685,GENERAL LABORER,49945.24,8992.79,3082.68,17994.85,2021,FT,62020.709931640624,False,Standard
1687,Employee_1687,ELECTRICAL TRANSIT SYSTEM MECHANIC,81817.64,12239.53,224.29,23589.74,2023,FT,94281.45999328613,False,Medium
1689,Employee_1689,ACCOUNTANT INTERN,69161.64,0.0,607.39,19165.43,2019,FT,69769.03001464844,False,Standard
1690,Employee_1690,SPECIAL NURSE,71349.09,3004.54,8541.59,29302.69,2022,PT,82895.21984374999,False,Medium
1691,Employee_1691,ANIMAL CARE ATTENDANT,86922.5,0.0,4735.61,34159.82,2019,PT,91658.10986328125,False,Medium
1692,Employee_1692,SOCIAL WORKER,106790.04,0.0,905.41,38828.72,2019,FT,107695.44997314452,False,Medium
1693,Employee_1693,HEAD LIBRARIAN,116656.55,0.0,8108.89,44726.53,2023,FT,124765.44013671875,True,Medium
1694,Employee_1694,ELECTRICAL TRANSIT SYSTEM MECHANIC,59204.23,5851.08,701.43,26246.68,2023,FT,65756.73999267578,False,Standard
1695,Employee_1695,POLICE OFFICER 3,85741.69,0.0,2088.37,34639.27,2022,FT,87830.0601171875,False,Medium
1696,Employee_1696,ASSISTANT MEDICAL EXAMINER,56034.95,2864.08,4692.25,18462.27,2023,FT,63591.28,False,Standard
1697,Employee_1697,SENIOR CLERK,64133.23,2181.66,3909.97,19084.67,2019,FT,70224.85997070312,False,Standard
1700,Employee_1700,CHIEF INVESTMENT OFFICER,93727.97,1710.96,2615.24,26018.87,2019,FT,98054.16999023438,True,Medium
1701,Employee_1701,DEPUTY SHERIFF,46444.2,0.0,3110.15,14916.93,2023,FT,49554.34990234375,False,Standard
1702,Employee_1702,POLICE OFFICER 3,76264.73,9760.43,1768.22,28932.48,2019,FT,87793.37997070313,False,Medium
1703,Employee_1703,ASSISTANT MEDICAL EXAMINER,46011.96,3738.72,1629.06,17572.77,2021,PT,51379.74005859375,False,Standard
1705,Employee_1705,ACCOUNTANT INTERN,49121.76,7973.28,2904.46,22077.49,2022,FT,59999.4999609375,False,Standard
1706,Employee_1706,SOCIAL WORKER,60562.81,1538.66,2124.28,,2020,FT,64225.750029296876,False,Standard
1707,Employee_1707,CHIEF INVESTMENT OFFICER,104203.82,5437.95,2443.61,42329.83,2021,FT,112085.38010742188,True,Medium
1708,Employee_1708,ACCOUNTANT INTERN,100390.49,1875.59,7507.67,,2021,FT,109773.749921875,False,Medium
1710,Employee_1710,FIREFIGHTER,87618.47,3993.19,456.65,,2021,FT,92068.30999389649,False,Medium
1711,Employee_1711,GENERAL LABORER,69620.35,942.18,3727.0,21056.62,2020,FT,74289.53,False,Standard
1712,Employee_1712,SENIOR CLERK,89900.08,0.0,2301.81,36572.94,2022,FT,92201.89005859375,False,Medium
1713,Employee_1713,SOCIAL WORKER,53292.39,11354.54,598.92,25508.53,2023,FT,65245.84998291016,False,Standard
1714,Employee_1714,SENIOR ENGINEER,89471.65,9211.81,1674.87,37820.93,2021,FT,100358.32999511718,False,Medium
1715,Employee_1715,HEAD LIBRARIAN,82047.12,12246.83,333.14,36596.03,2019,FT,94627.09001464843,True,Medium
1716,Employee_1716,SOCIAL WORKER,73400.49,3159.19,3053.43,24466.8,2021,FT,79613.10993164063,False,Medium
1717,Employee_1717,HEAD LIBRARIAN,97912.51,0.0,294.48,27907.55,2023,FT,98206.99001098632,True,Medium
1719,Employee_1719,ELECTRICAL TRANSIT SYSTEM MECHANIC,89837.89,0.0,3837.93,35696.48,2021,PT,93675.81993164062,False,Medium
1720,Employee_1720,CHIEF OF POLICE,141366.26,0.0,6108.18,55154.66,2019,FT,147474.44017578126,True,Medium
1721,Employee_1721,SPECIAL NURSE,61038.75,3604.61,1321.5,26197.33,2021,FT,65964.86,False,Standard
1723,Employee_1723,HEAD LIBRARIAN,102485.32,0.0,3715.01,36623.7,2023,PT,106200.33000976563,True,Medium
1725,Employee_1725,ASSISTANT DEPUTY CHIEF 2,128537.86,1521.48,233.7,35795.03,2020,FT,130293.03999694824,True,Medium
1726,Employee_1726,ANIMAL CARE ATTENDANT,57579.76,4201.66,5404.73,21570.44,2021,FT,67186.14998046875,False,Standard
1727,Employee_1727,ACCOUNTANT INTERN,51101.32,5384.64,336.12,20749.68,2019,FT,56822.07999511719,False,Standard
1728,Employee_1728,ASSISTANT DEPUTY CHIEF 2,67580.38,0.0,448.3,18775.32,2023,PT,68028.67998779297,True,Standard
1729,Employee_1729,SENIOR CLERK,81676.21,9408.68,2108.26,36096.28,2019,FT,93193.15000976564,False,Medium
1730,Employee_1730,REGISTERED NURSE,81339.41,0.0,2111.25,,2022,FT,83450.66,False,Medium
1733,Employee_1733,ASSISTANT MEDICAL EXAMINER,87713.71,0.0,1203.91,30213.72,2022,FT,88917.6200341797,False,Medium
1734,Employee_1734,SOCIAL WORKER,96086.6,3203.22,2340.75,36584.34,2020,FT,101630.57,False,Medium
1735,Employee_1735,SOCIAL WORKER,85904.86,0.0,794.66,26687.53,2023,FT,86699.51997314453,False,Medium
1736,Employee_1736,ANIMAL CARE ATTENDANT,107057.3,9556.65,3319.91,37063.47,2021,FT,119933.85991210937,False,Medium
1737,Employee_1737,CHIEF OF POLICE,97667.93,0.0,5704.87,,2019,FT,103372.8001171875,True,Medium
1738,Employee_1738,REGISTERED NURSE,20000.0,5258.1,6990.99,10664.3,2020,FT,32249.090234375,False,Standard
1740,Employee_1740,FIREFIGHTER,81164.37,10216.47,5302.39,38221.17,2021,PT,96683.23013671875,False,Medium
1742,Employee_1742,SENIOR ENGINEER,98162.29,0.0,4923.61,27116.61,2021,PT,103085.89986328124,False,Medium
1743,Employee_1743,SENIOR CLERK,125343.66,3695.27,1724.36,51923.23,2021,FT,130763.28998535157,False,Medium
1744,Employee_1744,TRANSIT OPERATOR,77641.15,2770.35,1438.88,22297.85,2020,FT,81850.38000488281,False,Medium
1745,Employee_1745,FIREFIGHTER,85978.26,0.0,4807.14,23256.24,2022,PT,90785.40013671874,False,Medium
1746,Employee_1746,CHIEF INVESTMENT OFFICER,92175.74,0.0,4864.08,35161.36,2020,FT,97039.820078125,True,Medium
1747,Employee_1747,CHIEF INVESTMENT OFFICER,86565.83,0.0,6697.16,35988.6,2022,PT,93262.99015625,True,Medium
1748,Employee_1748,GENERAL LABORER,102282.28,0.0,2595.64,,2020,FT,104877.91989257812,False,Medium
1749,Employee_1749,ANIMAL CARE ATTENDANT,72018.03,7193.4,1679.26,30232.61,2023,FT,80890.69000976562,False,Medium
1750,Employee_1750,SENIOR ENGINEER,74796.04,3283.05,5379.56,23429.84,2020,FT,83458.65005859375,False,Medium
1751,Employee_1751,ACCOUNTANT INTERN,57572.11,7186.24,2833.78,18459.44,2019,FT,67592.13002929688,False,Standard
1752,Employee_1752,SOCIAL WORKER,57017.54,476.72,817.25,15093.66,2019,FT,58311.51,False,Standard
1753,Employee_1753,HEAD LIBRARIAN,83731.23,0.0,1303.18,28681.71,2023,FT,85034.41005371093,True,Medium
1754,Employee_1754,ELECTRICAL TRANSIT SYSTEM MECHANIC,44337.04,5464.36,4442.39,17525.26,2023,FT,54243.79013671875,False,Standard
1755,Employee_1755,HEAD LIBRARIAN,59987.39,0.0,1930.06,,2020,PT,61917.45005859375,True,Standard
1756,Employee_1756,CUSTODIAN,66099.91,0.0,496.09,21292.34,2022,FT,66595.9999963379,False,Standard
1757,Employee_1757,GENERAL LABORER,58141.48,0.0,613.92,19688.85,2021,FT,58755.39998291016,False,Standard
1758,Employee_1758,DIRECTOR OF PUBLIC WORKS,156643.42,0.0,5614.23,58160.15,2019,FT,162257.64998046876,True,High
1759,Employee_1759,ASSISTANT DEPUTY CHIEF 2,136550.76,1179.31,175.28,43044.35,2021,FT,137905.3499987793,True,Medium
1760,Employee_1760,DIRECTOR OF PUBLIC WORKS,128020.8,2829.35,3357.24,39960.64,2022,FT,134207.3899902344,True,Medium
1761,Employee_1761,ELECTRICAL TRANSIT SYSTEM MECHANIC,55137.59,0.0,2587.12,20195.1,2023,FT,57724.7101171875,False,Standard
1762,Employee_1762,ELECTRICAL TRANSIT SYSTEM MECHANIC,67579.43,0.0,4709.87,,2023,FT,72289.3001171875,False,Standard
1763,Employee_1763,TRANSIT OPERATOR,77220.02,9693.37,4550.65,26576.18,2019,PT,91464.03990234375,False,Medium
1764,Employee_1764,DIRECTOR OF PUBLIC WORKS,143350.66,0.0,1899.68,36744.48,2020,PT,145250.34005371094,True,Medium
1765,Employee_1765,DIRECTOR OF PUBLIC WORKS,115807.68,11076.17,3088.88,,2021,FT,129972.72988281249,True,Medium
1766,Employee_1766,ACCOUNTANT INTERN,91582.48,1038.51,1304.78,34122.57,2019,PT,93925.77002929687,False,Medium
1767,Employee_1767,CHIEF OF POLICE,126287.62,7921.01,1940.13,38144.21,2021,FT,136148.76000488282,True,Medium
1768,Employee_1768,SENIOR CLERK,111614.03,934.52,2858.03,38643.88,2019,FT,115406.58002929688,False,Medium
1769,Employee_1769,SPECIAL NURSE,60202.96,2656.11,212.67,21396.59,2019,PT,63071.739998168945,False,Standard
1771,Employee_1771,GENERAL LABORER,75367.18,2188.52,2040.86,22187.43,2020,FT,79596.55998535156,False,Medium
1772,Employee_1772,GENERAL LABORER,84506.48,4546.54,761.49,35342.55,2022,FT,89814.50999023436,False,Medium
1773,Employee_1773,GENERAL LABORER,81506.95,1539.7,625.32,27293.93,2019,FT,83671.97000732421,False,Medium
1774,Employee_1774,ELECTRICAL TRANSIT SYSTEM MECHANIC,78443.73,14537.13,7785.63,28085.27,2023,FT,100766.4898828125,False,Medium
1775,Employee_1775,ANIMAL CARE ATTENDANT,63028.26,2974.8,3993.13,25873.13,2020,FT,69996.1898828125,False,Standard
1776,Employee_1776,REGISTERED NURSE,53865.07,0.0,5145.37,18917.92,2019,FT,59010.4401171875,False,Standard
1777,Employee_1777,CUSTODIAN,81034.57,1429.24,1124.76,28901.74,2020,PT,83588.57000976564,False,Medium
1778,Employee_1778,POLICE OFFICER 3,78528.95,617.34,66.49,23338.08,2022,FT,79212.77999786376,False,Medium
1779,Employee_1779,CUSTODIAN,58782.02,10188.48,44.27,17853.13,2019,FT,69014.77000045776,False,Standard
1780,Employee_1780,ASSISTANT MEDICAL EXAMINER,92188.48,0.0,2553.18,,2019,PT,94741.65993164062,False,Medium
1781,Employee_1781,TRANSIT OPERATOR,52342.69,0.0,1477.99,21310.6,2023,FT,53820.67999023438,False,Standard
1782,Employee_1782,GENERAL LABORER,58329.53,0.0,531.52,20221.02,2021,FT,58861.05001953125,False,Standard
1783,Employee_1783,TRANSIT OPERATOR,102728.5,2942.77,907.79,39931.21,2020,FT,106579.05997802735,False,Medium
1784,Employee_1784,CHIEF INVESTMENT OFFICER,157268.95,11837.71,382.11,42919.29,2022,FT,169488.76998535157,True,High
1785,Employee_1785,SENIOR ENGINEER,81691.76,10726.03,1460.48,34248.61,2023,FT,93878.26998046874,False,Medium
1786,Employee_1786,DEPUTY SHERIFF,75747.61,0.0,5339.65,26170.33,2020,FT,81087.25990234375,False,Medium
1787,Employee_1787,FIREFIGHTER,73095.84,0.0,2539.42,26456.93,2021,PT,75635.259921875,False,Medium
1788,Employee_1788,REGISTERED NURSE,20000.0,3839.98,3039.44,8164.11,2019,FT,26879.41994140625,False,Standard
1789,Employee_1789,SENIOR CLERK,67431.68,5023.78,6140.28,26968.58,2020,PT,78595.73978515624,False,Medium
1790,Employee_1790,SENIOR ENGINEER,89677.99,7296.03,1450.44,25131.99,2021,PT,98424.45994140625,False,Medium
1791,Employee_1791,DIRECTOR OF PUBLIC WORKS,106875.21,0.0,413.37,27555.82,2019,FT,107288.5799951172,True,Medium
1792,Employee_1792,SOCIAL WORKER,74942.05,0.0,4772.69,29480.54,2023,FT,79714.73994140625,False,Medium
1793,Employee_1793,GENERAL LABORER,92589.65,13709.78,952.67,28815.4,2023,PT,107252.09998291015,False,Medium
1794,Employee_1794,DEPUTY SHERIFF,63569.28,2694.94,1931.93,17192.09,2020,FT,68196.15005371094,False,Standard
1795,Employee_1795,CHIEF OF POLICE,87924.43,0.0,1119.53,34448.3,2020,FT,89043.96002929687,True,Medium
1796,Employee_1796,FIREFIGHTER,76497.03,7894.28,3610.3,25505.49,2019,FT,88001.61004882812,False,Medium
1797,Employee_1797,CHIEF INVESTMENT OFFICER,114241.56,2505.68,1544.05,39906.43,2021,FT,118291.29004882812,True,Medium
1798,Employee_1798,POLICE OFFICER 3,66878.73,0.0,1790.19,26651.73,2019,FT,68668.91994140625,False,Standard
1799,Employee_1799,CHIEF OF POLICE,115496.15,3227.83,1964.99,43675.66,2020,FT,120688.96999023437,True,Medium
1800,Employee_1800,CHIEF OF POLICE,206706.16,1715.07,5345.09,54936.7,2021,FT,213766.31984375,True,High
1801,Employee_1801,SPECIAL NURSE,25185.91,1819.21,7562.77,11550.59,2022,PT,34567.890019531245,False,Standard
1802,Employee_1802,SENIOR CLERK,80903.32,13040.61,2280.59,31876.27,2021,FT,96224.52008789063,False,Medium
1803,Employee_1803,SENIOR CLERK,90904.09,1864.16,5057.65,29593.51,2020,PT,97825.89990234375,False,Medium
1804,Employee_1804,DEPUTY SHERIFF,54377.15,0.0,3196.89,24702.56,2022,FT,57574.03989257813,False,Standard
1805,Employee_1805,REGISTERED NURSE,87996.52,1381.09,850.66,35604.15,2022,FT,90228.26997314453,False,Medium
1806,Employee_1806,TRANSIT OPERATOR,86265.15,0.0,3774.33,24497.76,2022,FT,90039.480078125,False,Medium
1807,Employee_1807,TRANSIT OPERATOR,69044.91,0.0,6879.48,,2021,FT,75924.38998046875,False,Medium
1808,Employee_1808,CHIEF OF POLICE,116255.74,408.65,1147.31,42437.0,2023,FT,117811.70005859375,True,Medium
1809,Employee_1809,SPECIAL NURSE,67760.86,0.0,6148.31,23515.12,2020,PT,73909.17005859375,False,Standard
1810,Employee_1810,CHIEF INVESTMENT OFFICER,122227.68,8278.58,3610.42,49526.99,2023,FT,134116.679921875,True,Medium
1812,Employee_1812,HEAD LIBRARIAN,99360.03,10811.18,2936.0,28953.03,2020,FT,113107.20999999999,True,Medium
1813,Employee_1813,ASSISTANT MEDICAL EXAMINER,75048.99,2638.92,8398.73,30534.08,2021,FT,86086.64046875,False,Medium
1814,Employee_1814,CHIEF OF POLICE,153115.63,9125.46,6606.96,67405.27,2021,FT,168848.0499609375,True,High
1815,Employee_1815,SOCIAL WORKER,45394.8,7733.77,461.86,14159.65,2022,PT,53590.42998535157,False,Standard
1816,Employee_1816,REGISTERED NURSE,48986.72,3790.46,135.94,20088.5,2020,FT,52913.12000244141,False,Standard
1817,Employee_1817,FIREFIGHTER,35029.64,0.0,2300.62,11490.01,2023,FT,37330.2601171875,False,Standard
1818,Employee_1818,DEPUTY SHERIFF,87327.95,0.0,1503.46,22431.57,2020,FT,88831.4099609375,False,Medium
1819,Employee_1819,REGISTERED NURSE,75006.47,5117.3,5599.21,27988.83,2021,FT,85722.9799609375,False,Medium
1820,Employee_1820,CUSTODIAN,80105.35,8191.6,4218.77,26998.69,2023,FT,92515.72001953126,False,Medium
1821,Employee_1821,CUSTODIAN,41410.04,3920.66,3076.72,17136.73,2021,PT,48407.41997070312,False,Standard
1822,Employee_1822,ANIMAL CARE ATTENDANT,105698.96,0.0,3376.03,31978.02,2022,FT,109074.99002929688,False,Medium
1823,Employee_1823,CUSTODIAN,57822.98,2301.78,1462.73,19846.88,2023,PT,61587.48998046875,False,Standard
1824,Employee_1824,SOCIAL WORKER,73364.12,7151.93,2111.32,23142.67,2023,FT,82627.37006835936,False,Medium
1825,Employee_1825,ANIMAL CARE ATTENDANT,87087.69,5342.34,2746.83,35616.63,2021,PT,95176.860078125,False,Medium
1827,Employee_1827,REGISTERED NURSE,59073.51,7617.14,4933.38,22239.29,2019,FT,71624.02988281251,False,Standard
1829,Employee_1829,DIRECTOR OF PUBLIC WORKS,216154.08,1718.45,1824.16,87308.03,2023,PT,219696.6900341797,True,High
1830,Employee_1830,CHIEF INVESTMENT OFFICER,136840.49,529.94,654.44,37448.54,2021,FT,138024.8700024414,True,Medium
1831,Employee_1831,GENERAL LABORER,102127.22,6874.75,3045.54,41602.45,2020,FT,112047.5100390625,False,Medium
1832,Employee_1832,CHIEF INVESTMENT OFFICER,169404.23,0.0,1671.89,57326.2,2019,FT,171076.12001464845,True,High
1833,Employee_1833,DIRECTOR OF PUBLIC WORKS,131512.34,3771.64,7534.26,54572.3,2020,FT,142818.239765625,True,Medium
1834,Employee_1834,SPECIAL NURSE,50216.08,0.0,3136.13,15678.31,2020,FT,53352.2098828125,False,Standard
1835,Employee_1835,ELECTRICAL TRANSIT SYSTEM MECHANIC,91195.07,4666.88,1927.81,28791.62,2023,FT,97789.76005859376,False,Medium
1836,Employee_1836,REGISTERED NURSE,40037.79,5473.14,1831.59,14149.4,2021,FT,47342.51996582031,False,Standard
1837,Employee_1837,ACCOUNTANT INTERN,102017.5,0.0,2863.21,,2019,FT,104880.7099609375,False,Medium
1838,Employee_1838,CUSTODIAN,74000.11,0.0,888.17,20630.52,2019,FT,74888.27998291016,False,Standard
1839,Employee_1839,FIREFIGHTER,20000.0,0.0,2275.33,8892.04,2023,FT,22275.330078125,False,Standard
1841,Employee_1841,ELECTRICAL TRANSIT SYSTEM MECHANIC,83078.96,10352.89,5992.8,25153.2,2022,FT,99424.6498046875,False,Medium
1842,Employee_1842,REGISTERED NURSE,65259.52,0.0,948.06,19318.12,2019,FT,66207.57999755858,False,Standard
1843,Employee_1843,RECREATION LEADER,84300.12,0.0,501.31,26395.17,2019,FT,84801.42999755859,False,Medium
1845,Employee_1845,SENIOR ENGINEER,57044.46,0.0,202.77,14900.59,2022,FT,57247.23000427246,False,Standard
1846,Employee_1846,DIRECTOR OF PUBLIC WORKS,116570.86,3611.8,3027.2,45410.76,2022,FT,123209.85995117188,True,Medium
1847,Employee_1847,ELECTRICAL TRANSIT SYSTEM MECHANIC,70631.31,6080.13,5191.44,30617.36,2023,FT,81902.87994140625,False,Medium
1848,Employee_1848,ASSISTANT DEPUTY CHIEF 2,113458.16,5605.71,5047.16,34996.09,2019,FT,124111.03015625001,True,Medium
1849,Employee_1849,CHIEF OF POLICE,170182.48,2861.54,1994.73,64722.81,2019,PT,175038.74998046877,True,High
1850,Employee_1850,POLICE OFFICER 3,52995.85,0.0,140.06,16164.69,2023,FT,53135.90999755859,False,Standard
1851,Employee_1851,SPECIAL NURSE,76263.31,2590.41,2907.09,25629.28,2023,FT,81760.81008789063,False,Medium
1852,Employee_1852,DEPUTY SHERIFF,71359.4,2695.6,7787.05,31955.9,2022,FT,81842.0498046875,False,Medium
1854,Employee_1854,POLICE OFFICER 3,43619.4,2680.05,519.16,14338.98,2019,FT,46818.609973144536,False,Standard
1856,Employee_1856,RECREATION LEADER,109624.0,1992.08,3858.97,33831.71,2022,FT,115475.04997070313,False,Medium
1857,Employee_1857,GENERAL LABORER,81585.4,1871.42,4040.76,28639.28,2023,FT,87497.58000976562,False,Medium
1858,Employee_1858,DIRECTOR OF PUBLIC WORKS,60328.42,0.0,539.07,21442.78,2022,FT,60867.49000732422,True,Standard
1859,Employee_1859,ASSISTANT DEPUTY CHIEF 2,20000.0,5299.07,403.86,6783.01,2020,PT,25702.929985351562,True,Standard
1860,Employee_1860,SENIOR ENGINEER,110059.39,3036.27,2646.5,44905.2,2022,PT,115742.16,False,Medium
1861,Employee_1861,SENIOR ENGINEER,88498.45,1557.95,5786.93,,2019,FT,95843.33017578124,False,Medium
1862,Employee_1862,CUSTODIAN,92825.32,0.0,1284.55,24893.27,2023,FT,94109.87004882813,False,Medium
1863,Employee_1863,RECREATION LEADER,52385.64,3180.2,1933.09,21869.62,2023,FT,57498.92996582031,False,Standard
1864,Employee_1864,GENERAL LABORER,77004.25,537.12,1077.79,28424.95,2022,FT,78619.1600390625,False,Medium
1865,Employee_1865,RECREATION LEADER,86923.47,0.0,7589.68,28067.48,2023,PT,94513.15017578125,False,Medium
1866,Employee_1866,ELECTRICAL TRANSIT SYSTEM MECHANIC,61050.73,12655.18,2462.79,24999.71,2021,FT,76168.7000390625,False,Medium
1867,Employee_1867,REGISTERED NURSE,61478.29,1216.45,5233.26,25746.04,2021,FT,67927.99976562499,False,Standard
1868,Employee_1868,SENIOR ENGINEER,91656.83,7373.8,2089.69,39964.66,2020,FT,101120.31994140625,False,Medium
1869,Employee_1869,TRANSIT OPERATOR,80853.53,0.0,2255.8,27150.67,2023,FT,83109.33004882812,False,Medium
1871,Employee_1871,TRANSIT OPERATOR,89479.93,4260.87,4452.29,37218.82,2019,FT,98193.09003906249,False,Medium
1873,Employee_1873,DIRECTOR OF PUBLIC WORKS,73834.56,9158.58,2234.17,22210.9,2019,FT,85227.309921875,True,Medium
1874,Employee_1874,ACCOUNTANT INTERN,109539.51,3563.56,2619.28,37672.64,2021,FT,115722.35002929687,False,Medium
1875,Employee_1875,ELECTRICAL TRANSIT SYSTEM MECHANIC,57907.33,0.0,1747.16,,2019,FT,59654.49003417969,False,Standard
1876,Employee_1876,REGISTERED NURSE,58631.16,4686.09,709.19,16036.94,2022,FT,64026.440002441406,False,Standard
1877,Employee_1877,FIREFIGHTER,68683.93,6262.79,5186.91,25288.99,2021,FT,80133.63015624999,False,Medium
1878,Employee_1878,SOCIAL WORKER,71343.62,6829.51,7220.43,,2021,FT,85393.56017578124,False,Medium
1880,Employee_1880,REGISTERED NURSE,69651.32,1853.17,4014.45,27180.47,2022,FT,75518.93995117188,False,Medium
1881,Employee_1881,ELECTRICAL TRANSIT SYSTEM MECHANIC,69204.76,0.0,2570.07,18649.13,2020,FT,71774.83006835937,False,Standard
1882,Employee_1882,DEPUTY SHERIFF,73496.39,223.93,1638.41,27717.88,2023,FT,75358.73003417968,False,Medium
1883,Employee_1883,POLICE OFFICER 3,22850.25,0.0,7555.88,8893.05,2021,FT,30406.1298828125,False,Standard
1884,Employee_1884,RECREATION LEADER,107617.53,7892.53,640.4,43397.81,2019,FT,116150.46002441406,False,Medium
1885,Employee_1885,DIRECTOR OF PUBLIC WORKS,113992.2,2217.57,5722.14,38155.32,2019,FT,121931.91013671875,True,Medium
1886,Employee_1886,POLICE OFFICER 3,81612.45,6802.82,3144.27,23479.33,2020,FT,91559.54001953124,False,Medium
1887,Employee_1887,HEAD LIBRARIAN,63656.96,0.0,1949.33,25887.4,2022,FT,65606.28995605468,True,Standard
1888,Employee_1888,ELECTRICAL TRANSIT SYSTEM MECHANIC,60579.99,0.0,6116.05,24482.94,2021,FT,66696.03980468749,False,Standard
1889,Employee_1889,SPECIAL NURSE,56553.68,9974.59,2870.4,20970.36,2020,PT,69398.66990234375,False,Standard
1890,Employee_1890,SENIOR CLERK,129212.82,4922.79,1710.72,39463.92,2021,FT,135846.32997070314,False,Medium
1892,Employee_1892,DEPUTY SHERIFF,85161.6,2372.64,5747.79,37135.03,2021,FT,93282.0300390625,False,Medium
1893,Employee_1893,SOCIAL WORKER,56991.59,3950.71,5605.89,19533.56,2019,PT,66548.19013671874,False,Standard
1895,Employee_1895,REGISTERED NURSE,65089.0,2857.53,3320.53,21348.62,2021,FT,71267.06002929687,False,Standard
1896,Employee_1896,RECREATION LEADER,95676.9,10913.31,2636.35,38842.57,2021,FT,109226.56009765624,False,Medium
1897,Employee_1897,DIRECTOR OF PUBLIC WORKS,54745.01,0.0,1895.41,17835.89,2023,FT,56640.42003417969,True,Standard
1898,Employee_1898,SOCIAL WORKER,43686.73,0.0,3829.34,12485.22,2021,FT,47516.07008789063,False,Standard
1899,Employee_1899,SENIOR ENGINEER,40370.07,16733.19,2781.67,23380.78,2022,FT,59884.929921874995,False,Standard
1900,Employee_1900,GENERAL LABORER,48249.96,0.0,4033.42,14356.45,2021,FT,52283.379921875,False,Standard
1901,Employee_1901,ASSISTANT DEPUTY CHIEF 2,96782.4,7315.61,1196.11,41244.1,2020,PT,105294.11998535156,True,Medium
1902,Employee_1902,ASSISTANT DEPUTY CHIEF 2,67878.67,11150.03,6494.54,22706.08,2022,FT,85523.2400390625,True,Medium
1903,Employee_1903,SENIOR ENGINEER,71912.16,3123.18,4336.83,23021.27,2022,PT,79372.170078125,False,Medium
1904,Employee_1904,DEPUTY SHERIFF,29705.71,3872.0,3627.58,14440.81,2022,FT,37205.290078125,False,Standard
1905,Employee_1905,CUSTODIAN,49640.23,0.0,3481.12,18527.72,2019,FT,53121.3501171875,False,Standard
1906,Employee_1906,DEPUTY SHERIFF,94008.41,0.0,5471.84,27697.54,2022,FT,99480.24984375,False,Medium
1907,Employee_1907,CUSTODIAN,78071.76,0.0,5065.06,28167.92,2020,FT,83136.82005859374,False,Medium
1908,Employee_1908,POLICE OFFICER 3,73749.35,0.0,1661.68,20893.28,2022,FT,75411.03005371094,False,Medium
1909,Employee_1909,TRANSIT OPERATOR,49944.43,10316.25,4970.93,24864.09,2022,FT,65231.61017578125,False,Standard
1910,Employee_1910,ACCOUNTANT INTERN,39278.3,0.0,2522.16,11498.05,2022,FT,41800.45991210938,False,Standard
1911,Employee_1911,SPECIAL NURSE,47216.88,0.0,7750.78,18110.01,2023,FT,54967.65978515625,False,Standard
1912,Employee_1912,SOCIAL WORKER,69135.8,9508.43,5293.18,21783.52,2021,PT,83937.41017578126,False,Medium
1913,Employee_1913,TRANSIT OPERATOR,87363.54,0.0,123.17,30992.47,2019,FT,87486.70999816894,False,Medium
1914,Employee_1914,ANIMAL CARE ATTENDANT,88047.35,0.0,8992.13,37881.26,2022,PT,97039.4798828125,False,Medium
1915,Employee_1915,CUSTODIAN,82612.25,6372.75,4306.12,34952.45,2022,FT,93291.1201171875,False,Medium
1916,Employee_1916,CHIEF OF POLICE,99447.95,0.0,3912.06,31603.27,2019,FT,103360.01005859375,True,Medium
1917,Employee_1917,DEPUTY SHERIFF,70491.0,7543.86,88.74,22307.08,2019,FT,78123.59999786377,False,Medium
1919,Employee_1919,SENIOR CLERK,85769.07,0.0,2758.42,33732.83,2023,FT,88527.489921875,False,Medium
1920,Employee_1920,ASSISTANT DEPUTY CHIEF 2,199336.6,0.0,381.39,52359.34,2021,FT,199717.99001464844,True,High
1921,Employee_1921,ELECTRICAL TRANSIT SYSTEM MECHANIC,34760.0,0.0,1200.52,12382.08,2023,PT,35960.52001953125,False,Standard
1922,Employee_1922,ASSISTANT DEPUTY CHIEF 2,117551.63,0.0,141.79,35907.1,2023,PT,117693.41999328614,True,Medium
1923,Employee_1923,RECREATION LEADER,94234.98,453.6,1082.67,38247.85,2021,PT,95771.25004394531,False,Medium
1924,Employee_1924,SENIOR CLERK,52886.82,5035.04,1014.06,19232.18,2022,PT,58935.919997558594,False,Standard
1925,Employee_1925,GENERAL LABORER,57125.05,4080.41,253.47,,2020,FT,61458.93000122071,False,Standard
1926,Employee_1926,REGISTERED NURSE,59419.23,0.0,2810.19,24125.31,2019,PT,62229.41994140625,False,Standard
1927,Employee_1927,GENERAL LABORER,65534.21,10165.63,3173.67,31190.18,2020,FT,78873.509921875,False,Medium
1928,Employee_1928,REGISTERED NURSE,38080.86,0.0,988.92,13187.83,2021,PT,39069.77998291016,False,Standard
1929,Employee_1929,POLICE OFFICER 3,81905.72,2246.73,2974.81,32187.19,2019,FT,87127.26005859375,False,Medium
1930,Employee_1930,ACCOUNTANT INTERN,83325.75,0.0,2932.87,29777.77,2020,FT,86258.6201171875,False,Medium
1931,Employee_1931,SPECIAL NURSE,80167.51,1838.03,3595.76,26888.23,2019,FT,85601.30000976562,False,Medium
1932,Employee_1932,CHIEF OF POLICE,94666.55,0.0,4190.65,25564.21,2022,PT,98857.19990234375,True,Medium
1933,Employee_1933,RECREATION LEADER,71730.22,0.0,3653.52,26961.87,2023,FT,75383.74001953125,False,Medium
1934,Employee_1934,CHIEF INVESTMENT OFFICER,93620.15,3007.06,6718.15,36691.68,2023,PT,103345.35990234374,True,Medium
1935,Employee_1935,POLICE OFFICER 3,63348.07,0.0,4991.2,18281.12,2020,FT,68339.2701953125,False,Standard
1936,Employee_1936,POLICE OFFICER 3,113069.36,9242.6,10039.48,37655.35,2021,FT,132351.44046875002,False,Medium
1937,Employee_1937,GENERAL LABORER,71913.91,3643.0,11301.94,,2023,FT,86858.8504296875,False,Medium
1938,Employee_1938,ASSISTANT DEPUTY CHIEF 2,83249.04,10375.88,3274.31,26400.85,2021,FT,96899.23005859375,True,Medium
1939,Employee_1939,CHIEF INVESTMENT OFFICER,132492.07,0.0,4591.42,48478.24,2020,FT,137083.489921875,True,Medium
1941,Employee_1941,POLICE OFFICER 3,46019.79,0.0,3512.7,15008.42,2022,FT,49532.489951171876,False,Standard
1942,Employee_1942,DEPUTY SHERIFF,49177.54,3957.72,1772.34,15853.32,2021,FT,54907.599965820315,False,Standard
1943,Employee_1943,SOCIAL WORKER,61113.81,8273.39,4110.74,22487.13,2023,FT,73497.940234375,False,Standard
1945,Employee_1945,GENERAL LABORER,81567.96,7110.47,81.85,,2019,FT,88760.27999847413,False,Medium
1946,Employee_1946,REGISTERED NURSE,80459.91,876.48,371.33,29543.65,2022,PT,81707.71998657227,False,Medium
1947,Employee_1947,POLICE OFFICER 3,48021.51,8554.3,1399.49,21987.88,2020,FT,57975.29999023437,False,Standard
1948,Employee_1948,ACCOUNTANT INTERN,59173.71,0.0,4530.54,16212.66,2021,PT,63704.2500390625,False,Standard
1949,Employee_1949,TRANSIT OPERATOR,75440.02,9110.08,539.78,30545.8,2020,FT,85089.88002929688,False,Medium
1950,Employee_1950,CUSTODIAN,57433.6,0.0,1133.09,17401.8,2020,PT,58566.68996582031,False,Standard
1951,Employee_1951,ACCOUNTANT INTERN,64432.67,0.0,3710.65,25608.01,2020,PT,68143.31990234375,False,Standard
1953,Employee_1953,SPECIAL NURSE,63024.55,0.0,5350.13,22746.63,2022,FT,68374.6798828125,False,Standard
1954,Employee_1954,SENIOR CLERK,96877.55,302.7,758.52,32545.15,2019,PT,97938.77001953125,False,Medium
1955,Employee_1955,CHIEF INVESTMENT OFFICER,183338.22,0.0,1409.09,55235.14,2020,FT,184747.3099658203,True,High
1956,Employee_1956,ELECTRICAL TRANSIT SYSTEM MECHANIC,66562.82,4296.41,2913.89,29180.66,2019,FT,73773.11989257814,False,Standard
1957,Employee_1957,ASSISTANT DEPUTY CHIEF 2,168456.16,7729.3,3212.87,47726.86,2019,FT,179398.3301171875,True,High
1958,Employee_1958,ASSISTANT DEPUTY CHIEF 2,146137.32,0.0,594.88,39685.13,2020,FT,146732.20000488282,True,Medium
1959,Employee_1959,HEAD LIBRARIAN,60982.74,1121.91,6030.79,23618.4,2023,FT,68135.4400390625,True,Standard
1960,Employee_1960,POLICE OFFICER 3,47957.26,1678.22,7774.81,18781.48,2023,FT,57410.29005859375,False,Standard
1961,Employee_1961,RECREATION LEADER,53328.08,416.57,116.44,15601.95,2020,FT,53861.09000244141,False,Standard
1962,Employee_1962,CHIEF INVESTMENT OFFICER,95225.94,0.0,6461.9,30063.07,2021,FT,101687.83990234375,True,Medium
1963,Employee_1963,REGISTERED NURSE,68194.21,413.03,5146.4,20175.57,2023,FT,73753.63990234376,False,Standard
1964,Employee_1964,RECREATION LEADER,82292.88,3932.8,5228.34,,2020,PT,91454.01984375001,False,Medium
1965,Employee_1965,RECREATION LEADER,95103.17,8776.3,573.29,35036.36,2023,FT,104452.75997802734,False,Medium
1966,Employee_1966,SENIOR ENGINEER,99012.55,0.0,4928.22,29802.44,2019,FT,103940.77021484375,False,Medium
1967,Employee_1967,GENERAL LABORER,61086.41,0.0,883.83,19149.62,2020,FT,61970.24001708985,False,Standard
1968,Employee_1968,SENIOR CLERK,36861.73,842.77,1794.54,15246.74,2020,PT,39499.0400390625,False,Standard
1969,Employee_1969,RECREATION LEADER,71411.79,0.0,430.35,27517.42,2019,FT,71842.14000610351,False,Standard
1970,Employee_1970,POLICE OFFICER 3,70515.4,10493.18,1358.36,21445.55,2023,FT,82366.93998535155,False,Medium
1972,Employee_1972,ACCOUNTANT INTERN,112124.81,457.52,1676.19,31186.37,2020,PT,114258.51994140625,False,Medium
1973,Employee_1973,ASSISTANT MEDICAL EXAMINER,94811.93,0.0,8330.9,29048.37,2023,FT,103142.830390625,False,Medium
1974,Employee_1974,GENERAL LABORER,85701.22,0.0,842.56,32854.71,2022,PT,86543.7799975586,False,Medium
1976,Employee_1976,SPECIAL NURSE,59740.11,2770.61,2877.08,17158.01,2023,FT,65387.800078125,False,Standard
1977,Employee_1977,ACCOUNTANT INTERN,68103.11,11218.58,1140.47,30663.2,2021,FT,80462.15997070313,False,Medium
1978,Employee_1978,GENERAL LABORER,54491.86,7572.32,391.67,22438.77,2019,FT,62455.850013427735,False,Standard
1980,Employee_1980,ANIMAL CARE ATTENDANT,77138.18,0.0,2555.75,29388.91,2022,FT,79693.93,False,Medium
1981,Employee_1981,HEAD LIBRARIAN,72350.77,6148.66,4264.25,26987.99,2023,FT,82763.68000000001,True,Medium
1983,Employee_1983,SPECIAL NURSE,72046.21,0.0,1037.99,20467.52,2019,PT,73084.19999023438,False,Standard
1984,Employee_1984,SENIOR ENGINEER,46044.15,0.0,4802.15,16562.92,2021,FT,50846.29990234375,False,Standard
1986,Employee_1986,ANIMAL CARE ATTENDANT,75624.13,7500.81,1098.8,31446.17,2019,PT,84223.74004882813,False,Medium
1987,Employee_1987,RECREATION LEADER,89455.85,0.0,354.47,23566.69,2023,PT,89810.32000122071,False,Medium
1989,Employee_1989,FIREFIGHTER,86558.77,0.0,1388.57,32190.63,2023,FT,87947.33994628907,False,Medium
1990,Employee_1990,ACCOUNTANT INTERN,73742.84,979.84,3373.01,23182.79,2023,PT,78095.69000976562,False,Medium
1991,Employee_1991,ASSISTANT DEPUTY CHIEF 2,78658.03,6049.68,3117.55,25124.3,2022,FT,87825.26004882812,True,Medium
1992,Employee_1992,SENIOR CLERK,54205.66,1886.19,1176.23,16572.37,2021,PT,57268.079980468756,False,Standard
1993,Employee_1993,CUSTODIAN,92451.2,5586.33,3193.03,,2023,PT,101230.56002929687,False,Medium
1994,Employee_1994,HEAD LIBRARIAN,140879.53,4088.04,2306.28,43153.8,2021,PT,147273.85002929688,True,Medium
1995,Employee_1995,SENIOR ENGINEER,99395.64,682.72,3492.26,32148.58,2022,PT,103570.62000976563,False,Medium
1996,Employee_1996,TRANSIT OPERATOR,99914.13,0.0,2002.31,33820.99,2020,PT,101916.44005859375,False,Medium
1997,Employee_1997,ASSISTANT DEPUTY CHIEF 2,164037.95,0.0,3843.51,65660.79,2022,FT,167881.46000976564,True,High
1998,Employee_1998,CHIEF INVESTMENT OFFICER,150610.63,0.0,5079.8,57473.45,2023,FT,155690.4298046875,True,High
1999,Employee_1999,DEPUTY SHERIFF,51773.77,5825.72,2962.85,16823.75,2022,FT,60562.34009765625,False,Standard
2000,Employee_2000,DEPUTY SHERIFF,104628.58,0.0,3803.65,41471.28,2021,PT,108432.22990234375,False,Medium
2001,Employee_2001,SOCIAL WORKER,80726.03,0.0,1670.24,31039.92,2019,FT,82396.26999023437,False,Medium
2002,Employee_2002,SPECIAL NURSE,62283.22,10541.0,4674.0,28037.59,2019,FT,77498.22,False,Medium
2003,Employee_2003,ELECTRICAL TRANSIT SYSTEM MECHANIC,56634.6,0.0,2195.74,19269.05,2022,FT,58830.33999023437,False,Standard
2004,Employee_2004,SENIOR CLERK,97676.38,0.0,1443.82,,2022,FT,99120.19994628907,False,Medium
2005,Employee_2005,ANIMAL CARE ATTENDANT,36578.82,0.0,4460.65,14639.84,2022,FT,41039.46990234375,False,Standard
2007,Employee_2007,SENIOR CLERK,66207.16,0.0,2848.34,20472.62,2021,PT,69055.50008789063,False,Standard
2008,Employee_2008,POLICE OFFICER 3,77412.16,0.0,847.33,19681.53,2023,FT,78259.49001708985,False,Medium
2009,Employee_2009,ANIMAL CARE ATTENDANT,59567.59,0.0,655.62,17142.98,2022,PT,60223.209995117184,False,Standard
2010,Employee_2010,HEAD LIBRARIAN,97067.44,8473.77,2515.97,36831.67,2020,FT,108057.17997070313,True,Medium
2011,Employee_2011,CHIEF OF POLICE,98751.24,0.0,127.86,26385.49,2023,FT,98879.10000061036,True,Medium
2012,Employee_2012,ELECTRICAL TRANSIT SYSTEM MECHANIC,66775.41,0.0,3536.62,24490.58,2019,FT,70312.0301171875,False,Standard
2013,Employee_2013,POLICE OFFICER 3,107787.59,4671.77,2170.39,42751.26,2021,PT,114629.74989257813,False,Medium
2014,Employee_2014,ACCOUNTANT INTERN,97701.19,7595.04,148.12,31393.6,2023,FT,105444.34999511718,False,Medium
2015,Employee_2015,HEAD LIBRARIAN,115634.37,0.0,6014.54,31908.25,2022,FT,121648.9100390625,True,Medium
2016,Employee_2016,CUSTODIAN,69494.11,0.0,2614.35,19538.13,2023,FT,72108.46009765625,False,Standard
2017,Employee_2017,ELECTRICAL TRANSIT SYSTEM MECHANIC,86884.02,0.0,3892.4,27567.56,2019,FT,90776.41990234375,False,Medium
2018,Employee_2018,SENIOR ENGINEER,120379.23,4567.0,6249.77,48806.9,2021,FT,131196.00001953123,False,Medium
2019,Employee_2019,SENIOR ENGINEER,69424.72,0.0,6200.54,26101.44,2022,FT,75625.2600390625,False,Medium
2021,Employee_2021,CUSTODIAN,33560.84,5905.11,1092.03,,2023,FT,40557.98002929687,False,Standard
2022,Employee_2022,HEAD LIBRARIAN,138693.06,1629.74,2289.11,39986.23,2021,FT,142611.91010742186,True,Medium
2023,Employee_2023,HEAD LIBRARIAN,166950.73,0.0,2620.07,60065.91,2022,FT,169570.8000683594,True,High
2024,Employee_2024,DIRECTOR OF PUBLIC WORKS,121722.81,3162.34,5283.75,41651.12,2021,FT,130168.9,True,Medium
2025,Employee_2025,SPECIAL NURSE,27499.8,6008.47,3062.94,11849.87,2023,PT,36571.20994140625,False,Standard
2026,Employee_2026,SENIOR CLERK,106831.15,0.0,8333.75,36823.39,2019,FT,115164.9,False,Medium
2027,Employee_2027,DIRECTOR OF PUBLIC WORKS,88260.97,0.0,4610.19,27989.22,2020,FT,92871.15994140625,True,Medium
2029,Employee_2029,ASSISTANT DEPUTY CHIEF 2,148556.75,5249.97,1096.33,53150.4,2022,PT,154903.0499560547,True,High
2030,Employee_2030,GENERAL LABORER,75091.08,16312.12,4965.09,28696.12,2020,FT,96368.28984375,False,Medium
2031,Employee_2031,ASSISTANT DEPUTY CHIEF 2,108428.08,2555.22,3883.9,30759.96,2020,FT,114867.19990234375,True,Medium
2032,Employee_2032,POLICE OFFICER 3,57007.89,12562.3,56.52,23445.83,2023,PT,69626.71000045777,False,Standard
2033,Employee_2033,SPECIAL NURSE,72516.72,1604.52,5813.9,28849.35,2020,FT,79935.13990234376,False,Medium
2035,Employee_2035,CHIEF INVESTMENT OFFICER,86067.46,7751.25,1828.27,23964.12,2019,FT,95646.98001953126,True,Medium
2036,Employee_2036,RECREATION LEADER,63348.74,921.17,1528.99,19236.13,2020,PT,65798.89999023438,False,Standard
2037,Employee_2037,DIRECTOR OF PUBLIC WORKS,130546.15,0.0,476.31,48057.32,2023,FT,131022.45999755859,True,Medium
2038,Employee_2038,TRANSIT OPERATOR,66437.93,0.0,2911.38,25061.61,2021,FT,69349.3098828125,False,Standard
2039,Employee_2039,CHIEF INVESTMENT OFFICER,75113.69,6765.11,5931.11,,2023,PT,87809.90986328125,True,Medium
2040,Employee_2040,SENIOR CLERK,116715.68,2394.36,5743.23,40021.02,2020,PT,124853.26998046874,False,Medium
2041,Employee_2041,CUSTODIAN,20000.0,0.0,4170.99,7628.31,2020,FT,24170.990234375,False,Standard
2042,Employee_2042,SOCIAL WORKER,61072.7,0.0,3087.77,22317.72,2019,FT,64160.47001953125,False,Standard
2043,Employee_2043,SENIOR ENGINEER,74874.84,3212.28,2007.86,21525.29,2020,PT,80094.97998535156,False,Medium
2044,Employee_2044,SENIOR ENGINEER,94852.65,14378.28,2498.51,38346.92,2021,FT,111729.44000976562,False,Medium
2045,Employee_2045,DEPUTY SHERIFF,81233.24,0.0,1897.29,32590.3,2023,FT,83130.5300390625,False,Medium
2046,Employee_2046,CHIEF INVESTMENT OFFICER,166563.53,0.0,505.76,51083.51,2020,FT,167069.29000976562,True,High
2047,Employee_2047,SENIOR CLERK,72477.47,6934.69,7715.97,26191.02,2022,FT,87128.13021484375,False,Medium
2048,Employee_2048,ASSISTANT DEPUTY CHIEF 2,147116.96,0.0,2317.58,37992.39,2022,PT,149434.540078125,True,Medium
2049,Employee_2049,SENIOR ENGINEER,96091.28,5282.86,3627.24,27154.33,2020,FT,105001.37999023437,False,Medium
2050,Employee_2050,HEAD LIBRARIAN,53653.82,0.0,4963.68,24421.51,2023,FT,58617.50017578125,True,Standard
2051,Employee_2051,POLICE OFFICER 3,108010.81,1119.15,2164.88,44108.96,2021,FT,111294.83988281249,False,Medium
2052,Employee_2052,CUSTODIAN,41224.5,6148.01,9773.19,14334.78,2019,FT,57145.7004296875,False,Standard
2053,Employee_2053,GENERAL LABORER,78389.95,0.0,821.12,30504.34,2023,FT,79211.06999511718,False,Medium
2054,Employee_2054,ACCOUNTANT INTERN,77799.2,0.0,181.79,21530.08,2023,FT,77980.98999328613,False,Medium
2055,Employee_2055,SENIOR ENGINEER,98166.56,0.0,828.48,,2019,PT,98995.03998046875,False,Medium
2056,Employee_2056,GENERAL LABORER,60108.46,0.0,6687.97,23493.72,2023,PT,66796.43021484374,False,Standard
2057,Employee_2057,SENIOR ENGINEER,112508.57,1793.8,4406.26,36070.66,2023,PT,118708.62976562501,False,Medium
2058,Employee_2058,SENIOR ENGINEER,50430.45,0.0,367.54,,2023,FT,50797.99000854492,False,Standard
2059,Employee_2059,ELECTRICAL TRANSIT SYSTEM MECHANIC,68683.42,136.51,591.63,23886.69,2020,PT,69411.5600048828,False,Standard
2060,Employee_2060,ELECTRICAL TRANSIT SYSTEM MECHANIC,58722.51,0.0,6154.67,18106.5,2022,FT,64877.179921875,False,Standard
2061,Employee_2061,SOCIAL WORKER,56454.04,0.0,3085.06,23764.35,2021,FT,59539.10005859375,False,Standard
2062,Employee_2062,ASSISTANT DEPUTY CHIEF 2,141434.92,0.0,6231.25,41432.51,2022,FT,147666.17,True,Medium
2063,Employee_2063,POLICE OFFICER 3,91549.57,965.55,1819.55,23729.96,2022,FT,94334.67004882813,False,Medium
2064,Employee_2064,SENIOR ENGINEER,82075.35,16242.96,3534.61,39889.95,2022,FT,101852.92010742187,False,Medium
2065,Employee_2065,DIRECTOR OF PUBLIC WORKS,145543.16,3920.81,2900.68,47898.75,2021,FT,152364.64993164063,True,High
2068,Employee_2068,ACCOUNTANT INTERN,64840.96,0.0,1552.91,18379.39,2019,FT,66393.87003417968,False,Standard
2070,Employee_2070,ELECTRICAL TRANSIT SYSTEM MECHANIC,56066.8,0.0,4283.75,18648.02,2023,PT,60350.55,False,Standard
2071,Employee_2071,POLICE OFFICER 3,78569.66,0.0,4970.48,27405.29,2023,FT,83540.13998046875,False,Medium
2073,Employee_2073,ELECTRICAL TRANSIT SYSTEM MECHANIC,38187.01,7184.61,1615.37,17942.24,2019,PT,46986.98999511719,False,Standard
2074,Employee_2074,GENERAL LABORER,36969.48,0.0,6655.91,16869.92,2022,FT,43625.39015625,False,Standard
2075,Employee_2075,ASSISTANT MEDICAL EXAMINER,78493.69,763.94,4676.93,24976.68,2019,FT,83934.56017578125,False,Medium
2076,Employee_2076,ELECTRICAL TRANSIT SYSTEM MECHANIC,53694.27,2881.71,6165.64,24716.01,2020,FT,62741.620136718746,False,Standard
2078,Employee_2078,SENIOR CLERK,111304.22,6429.23,1623.2,46447.07,2019,FT,119356.64995117187,False,Medium
2079,Employee_2079,DEPUTY SHERIFF,44580.94,0.0,3163.64,16994.67,2023,FT,47744.57989257813,False,Standard
2080,Employee_2080,REGISTERED NURSE,41769.25,4889.71,4323.7,14261.93,2021,FT,50982.6601953125,False,Standard
2081,Employee_2081,RECREATION LEADER,103488.63,0.0,1447.43,29306.98,2020,FT,104936.06005371094,False,Medium
2082,Employee_2082,SPECIAL NURSE,77031.42,0.0,1380.92,30290.51,2021,FT,78412.34004394531,False,Medium
2084,Employee_2084,ASSISTANT MEDICAL EXAMINER,51321.19,7527.51,1675.7,23215.35,2021,FT,60524.39995117188,False,Standard
2085,Employee_2085,REGISTERED NURSE,59791.18,10895.22,1000.05,25669.64,2021,PT,71686.44998779296,False,Standard
2086,Employee_2086,HEAD LIBRARIAN,69282.83,13358.36,2307.01,23944.93,2020,FT,84948.20000976563,True,Medium
2087,Employee_2087,SENIOR ENGINEER,113968.72,0.0,2448.07,35823.07,2023,FT,116416.79006835938,False,Medium
2088,Employee_2088,HEAD LIBRARIAN,81697.47,12993.83,1713.14,38096.51,2020,FT,96404.44001464844,True,Medium
2089,Employee_2089,CUSTODIAN,91870.69,0.0,5546.72,24640.51,2019,FT,97417.41021484375,False,Medium
2090,Employee_2090,TRANSIT OPERATOR,61987.42,8476.6,8038.94,28040.28,2021,PT,78502.95994140625,False,Medium
2091,Employee_2091,SOCIAL WORKER,49133.0,1039.97,3369.35,,2023,PT,53542.32009765625,False,Standard
2092,Employee_2092,CUSTODIAN,61473.97,1581.8,89.89,16772.88,2020,FT,63145.65999938965,False,Standard
2094,Employee_2094,FIREFIGHTER,67584.63,9669.71,2027.91,26325.83,2023,PT,79282.25003417968,False,Medium
2095,Employee_2095,POLICE OFFICER 3,66597.62,9491.61,1279.62,29134.38,2021,FT,77368.84999511718,False,Medium
2096,Employee_2096,ANIMAL CARE ATTENDANT,86494.85,0.0,584.8,28385.94,2019,FT,87079.64998779297,False,Medium
2097,Employee_2097,ACCOUNTANT INTERN,32273.9,4791.74,607.34,9755.02,2022,PT,37672.98002685547,False,Standard
2098,Employee_2098,SOCIAL WORKER,93237.33,0.0,1466.63,25482.72,2020,PT,94703.96000488281,False,Medium
2099,Employee_2099,SENIOR ENGINEER,112335.58,5822.58,4412.29,37554.54,2023,FT,122570.4500390625,False,Medium
2100,Employee_2100,DEPUTY SHERIFF,95040.87,7248.14,3533.08,31575.31,2020,FT,105822.090078125,False,Medium
2101,Employee_2101,ACCOUNTANT INTERN,68945.57,5224.0,7476.73,23101.97,2021,FT,81646.29998046876,False,Medium
2102,Employee_2102,ASSISTANT MEDICAL EXAMINER,90277.94,9056.7,4023.01,38864.47,2021,FT,103357.65000976562,False,Medium
2103,Employee_2103,POLICE OFFICER 3,40575.12,0.0,3272.88,11138.81,2020,FT,43847.9998828125,False,Standard
2104,Employee_2104,REGISTERED NURSE,84260.95,3212.36,1081.31,33154.99,2021,FT,88554.62005859375,False,Medium
2105,Employee_2105,SOCIAL WORKER,54576.74,0.0,1112.39,21621.42,2019,FT,55689.130014648435,False,Standard
2106,Employee_2106,DEPUTY SHERIFF,36971.96,5660.21,290.32,,2022,FT,42922.49000732422,False,Standard
2107,Employee_2107,ANIMAL CARE ATTENDANT,47517.19,13851.58,99.52,21132.96,2022,FT,61468.28999664307,False,Standard
2108,Employee_2108,REGISTERED NURSE,70110.62,1155.49,5682.72,20957.22,2023,FT,76948.83021484375,False,Medium
2109,Employee_2109,DEPUTY SHERIFF,53514.02,0.0,1025.9,18284.38,2020,FT,54539.92002441406,False,Standard
2110,Employee_2110,DEPUTY SHERIFF,77521.47,0.0,6806.63,,2020,PT,84328.0998828125,False,Medium
2111,Employee_2111,DEPUTY SHERIFF,33835.25,8406.34,3105.8,12894.87,2021,PT,45347.39004882812,False,Standard
2112,Employee_2112,ASSISTANT MEDICAL EXAMINER,27458.05,0.0,870.43,9560.85,2022,FT,28328.47999267578,False,Standard
2113,Employee_2113,ACCOUNTANT INTERN,97447.75,0.0,3195.44,,2023,PT,100643.18994140625,False,Medium
2114,Employee_2114,ACCOUNTANT INTERN,88076.0,0.0,3860.21,26795.9,2019,PT,91936.2099609375,False,Medium
2115,Employee_2115,SENIOR ENGINEER,63718.28,1860.85,2846.29,23839.85,2020,FT,68425.4200390625,False,Standard
2117,Employee_2117,CHIEF INVESTMENT OFFICER,162702.25,10017.98,1636.65,,2020,FT,174356.88002441407,True,High
2118,Employee_2118,ASSISTANT DEPUTY CHIEF 2,141091.22,6245.91,3315.97,37693.06,2021,FT,150653.09997070313,True,High
2119,Employee_2119,ASSISTANT DEPUTY CHIEF 2,131336.03,9293.19,758.18,41082.36,2023,PT,141387.39999267578,True,Medium
2120,Employee_2120,ASSISTANT MEDICAL EXAMINER,91903.08,0.0,5837.79,32485.05,2019,FT,97740.8700390625,False,Medium
2121,Employee_2121,ANIMAL CARE ATTENDANT,55385.75,0.0,2775.89,19203.92,2023,FT,58161.639892578125,False,Standard
2122,Employee_2122,CHIEF INVESTMENT OFFICER,127122.42,0.0,2254.93,,2022,FT,129377.34993164062,True,Medium
2123,Employee_2123,DIRECTOR OF PUBLIC WORKS,118393.15,4694.88,9102.89,45216.51,2022,FT,132190.9196484375,True,Medium
2124,Employee_2124,DIRECTOR OF PUBLIC WORKS,109726.09,205.78,1761.43,,2022,FT,111693.30005371093,True,Medium
2125,Employee_2125,SENIOR ENGINEER,80865.06,0.0,1271.23,27739.89,2019,FT,82136.28998046875,False,Medium
2127,Employee_2127,CUSTODIAN,70688.15,0.0,1108.01,24654.44,2020,FT,71796.16000976562,False,Standard
2128,Employee_2128,HEAD LIBRARIAN,73547.17,0.0,643.55,28337.19,2021,PT,74190.71998779297,True,Standard
2129,Employee_2129,SPECIAL NURSE,86035.92,1722.64,3908.45,35924.29,2022,FT,91667.00995117187,False,Medium
2130,Employee_2130,CUSTODIAN,50472.3,0.0,5871.59,14432.77,2022,FT,56343.88984375,False,Standard
2132,Employee_2132,CHIEF INVESTMENT OFFICER,115369.9,0.0,1030.43,31121.33,2020,FT,116400.33005371093,True,Medium
2133,Employee_2133,CHIEF OF POLICE,138891.73,0.0,3435.92,52071.01,2021,FT,142327.649921875,True,Medium
2134,Employee_2134,ELECTRICAL TRANSIT SYSTEM MECHANIC,27617.92,0.0,3523.89,7998.29,2019,PT,31141.809892578123,False,Standard
2135,Employee_2135,SENIOR CLERK,114163.66,2511.67,2721.13,46014.83,2022,FT,119396.4598828125,False,Medium
2136,Employee_2136,ASSISTANT MEDICAL EXAMINER,56460.19,0.0,2827.22,15004.65,2019,FT,59287.40997070313,False,Standard
2138,Employee_2138,TRANSIT OPERATOR,60436.7,13786.27,2294.45,,2022,FT,76517.41995117188,False,Medium
2139,Employee_2139,ASSISTANT DEPUTY CHIEF 2,124241.63,8251.14,1455.05,42941.6,2019,FT,133947.82004882814,True,Medium
2140,Employee_2140,ELECTRICAL TRANSIT SYSTEM MECHANIC,108275.72,0.0,5210.73,35893.82,2023,FT,113486.44998046875,False,Medium
2141,Employee_2141,ASSISTANT MEDICAL EXAMINER,64453.24,5183.98,8685.38,28378.94,2020,FT,78322.5998828125,False,Medium
2142,Employee_2142,SOCIAL WORKER,94777.0,0.0,2538.96,31578.67,2019,FT,97315.9599609375,False,Medium
2143,Employee_2143,CHIEF INVESTMENT OFFICER,127405.62,1211.67,1980.28,40900.96,2022,FT,130597.57002929687,True,Medium
2144,Employee_2144,DIRECTOR OF PUBLIC WORKS,133124.24,3644.91,2767.58,50169.25,2021,FT,139536.730078125,True,Medium
2145,Employee_2145,GENERAL LABORER,71399.17,12481.15,26.23,32628.83,2022,PT,83906.54999954223,False,Medium
2146,Employee_2146,SENIOR CLERK,113044.14,0.0,4294.94,43308.49,2022,PT,117339.07994140625,False,Medium
2147,Employee_2147,POLICE OFFICER 3,56289.37,18880.94,3323.53,28297.62,2021,FT,78493.84002929687,False,Medium
2148,Employee_2148,ACCOUNTANT INTERN,50319.03,0.0,738.59,16499.69,2023,FT,51057.62002685547,False,Standard
2149,Employee_2149,RECREATION LEADER,57228.48,0.0,4706.2,23846.86,2020,FT,61934.6801953125,False,Standard
2150,Employee_2150,RECREATION LEADER,71994.21,11344.75,2056.97,27578.36,2021,PT,85395.92997070313,False,Medium
2151,Employee_2151,CUSTODIAN,65583.62,3175.27,910.17,27139.09,2019,FT,69669.05998291016,False,Standard
2152,Employee_2152,CUSTODIAN,84205.5,2819.39,3054.81,,2022,PT,90079.70005859375,False,Medium
2153,Employee_2153,RECREATION LEADER,96094.63,3606.12,2710.98,27911.19,2020,FT,102411.72998046875,False,Medium
2156,Employee_2156,CHIEF OF POLICE,74295.38,6742.39,1672.32,29186.4,2023,FT,82710.08994628907,True,Medium
2157,Employee_2157,SENIOR CLERK,143789.7,1585.41,583.74,49671.74,2023,FT,145958.8499902344,False,Medium
2158,Employee_2158,HEAD LIBRARIAN,114140.08,11290.02,2005.23,50519.94,2019,FT,127435.32998046876,True,Medium
2159,Employee_2159,RECREATION LEADER,79596.05,28154.94,3089.93,36778.18,2019,FT,110840.91993164063,False,Medium
2160,Employee_2160,GENERAL LABORER,43195.83,8147.69,3451.26,16558.16,2023,PT,54794.78000976563,False,Standard
2161,Employee_2161,ANIMAL CARE ATTENDANT,69976.6,4598.03,2904.24,25935.65,2020,FT,77478.86999023438,False,Medium
2162,Employee_2162,DEPUTY SHERIFF,80184.96,3787.18,1727.71,,2019,FT,85699.8499609375,False,Medium
2165,Employee_2165,CHIEF INVESTMENT OFFICER,209225.92,0.0,9438.21,54808.06,2020,FT,218664.1299609375,True,High
2167,Employee_2167,CUSTODIAN,49558.26,14668.1,1382.46,24294.25,2022,FT,65608.8199609375,False,Standard
2168,Employee_2168,RECREATION LEADER,52444.88,11483.0,2555.69,17679.01,2019,FT,66483.56994140625,False,Standard
2169,Employee_2169,ACCOUNTANT INTERN,102123.98,3047.0,4318.05,41280.05,2020,FT,109489.0298046875,False,Medium
2170,Employee_2170,CHIEF INVESTMENT OFFICER,163524.79,0.0,951.89,59956.98,2019,FT,164476.68001464845,True,High
2171,Employee_2171,TRANSIT OPERATOR,67289.44,0.0,2485.43,,2022,FT,69774.86993164063,False,Standard
2172,Employee_2172,SENIOR ENGINEER,91950.55,0.0,1117.19,26690.16,2021,FT,93067.73994140625,False,Medium
2173,Employee_2173,CHIEF INVESTMENT OFFICER,96604.43,0.0,3626.28,29389.15,2023,FT,100230.71002929687,True,Medium
2175,Employee_2175,FIREFIGHTER,62401.96,10154.12,2348.03,21493.4,2020,FT,74904.11002929688,False,Standard
2176,Employee_2176,ANIMAL CARE ATTENDANT,64798.47,0.0,3610.5,20440.83,2019,PT,68408.97,False,Standard
2177,Employee_2177,REGISTERED NURSE,82175.8,0.0,1332.35,32536.93,2020,FT,83508.14997558594,False,Medium
2178,Employee_2178,CHIEF OF POLICE,119232.18,0.0,87.34,42883.35,2021,FT,119319.51999633788,True,Medium
2179,Employee_2179,HEAD LIBRARIAN,97951.02,8407.07,515.8,38518.54,2019,FT,106873.88998779297,True,Medium
2180,Employee_2180,SENIOR CLERK,91274.96,905.52,2412.44,37211.95,2021,FT,94592.91994140626,False,Medium
2181,Employee_2181,ASSISTANT MEDICAL EXAMINER,85907.11,0.0,3453.36,22417.78,2023,FT,89360.47010742188,False,Medium
2183,Employee_2183,DIRECTOR OF PUBLIC WORKS,138906.53,1190.07,392.74,48988.08,2022,FT,140489.33999023438,True,Medium
2184,Employee_2184,HEAD LIBRARIAN,129099.43,0.0,3040.36,41721.91,2023,FT,132139.79010742187,True,Medium
2185,Employee_2185,HEAD LIBRARIAN,99004.38,2669.09,1230.12,,2022,PT,102903.58999511719,True,Medium
2187,Employee_2187,CUSTODIAN,83079.72,8531.61,3968.32,24569.79,2023,FT,95579.65006835938,False,Medium
2189,Employee_2189,SENIOR CLERK,54011.66,9534.73,2236.98,21995.96,2023,FT,65783.36998046875,False,Standard
2190,Employee_2190,DIRECTOR OF PUBLIC WORKS,107845.63,804.44,447.84,,2020,FT,109097.9099963379,True,Medium
2191,Employee_2191,GENERAL LABORER,68342.06,0.0,1112.2,20651.8,2022,PT,69454.25995117187,False,Standard
2192,Employee_2192,ELECTRICAL TRANSIT SYSTEM MECHANIC,59790.84,0.0,2038.29,15676.17,2023,FT,61829.1300390625,False,Standard
2193,Employee_2193,CUSTODIAN,99634.71,0.0,3441.42,39513.98,2021,PT,103076.129921875,False,Medium
2194,Employee_2194,FIREFIGHTER,79596.78,11508.76,2293.28,36367.7,2019,FT,93398.82002929687,False,Medium
2195,Employee_2195,HEAD LIBRARIAN,146195.25,11923.03,6914.2,53189.69,2020,PT,165032.4801953125,True,High
2196,Employee_2196,RECREATION LEADER,75268.51,0.0,4114.32,,2021,PT,79382.82982421874,False,Medium
2197,Employee_2197,CUSTODIAN,71627.76,126.85,1678.15,24756.44,2023,FT,73432.76002441406,False,Standard
2198,Employee_2198,SOCIAL WORKER,51268.04,0.0,4214.84,16500.02,2023,FT,55482.87984375,False,Standard
2199,Employee_2199,ASSISTANT DEPUTY CHIEF 2,126429.46,0.0,2145.99,35663.34,2021,FT,128575.44999023438,True,Medium
2200,Employee_2200,POLICE OFFICER 3,70261.08,0.0,2135.58,,2023,PT,72396.660078125,False,Standard
2201,Employee_2201,GENERAL LABORER,42657.72,1770.16,5889.09,13932.18,2021,FT,50316.969843750005,False,Standard
2202,Employee_2202,TRANSIT OPERATOR,59209.45,7868.41,694.17,20306.27,2021,PT,67772.02998291016,False,Standard
2203,Employee_2203,TRANSIT OPERATOR,63534.35,7896.09,2069.93,21468.95,2023,FT,73500.36993164063,False,Standard
2204,Employee_2204,GENERAL LABORER,78269.59,0.0,5569.13,31478.4,2022,FT,83838.7198828125,False,Medium
2205,Employee_2205,SENIOR CLERK,102995.1,0.0,2926.97,36963.01,2021,PT,105922.06997070313,False,Medium
2206,Employee_2206,ANIMAL CARE ATTENDANT,58373.63,6725.82,892.84,20731.29,2021,PT,65992.29002685547,False,Standard
2207,Employee_2207,REGISTERED NURSE,79377.39,0.0,3118.48,22428.57,2022,FT,82495.86998046875,False,Medium
2208,Employee_2208,RECREATION LEADER,66358.42,7414.82,4811.04,29970.76,2022,FT,78584.28003906249,False,Medium
2209,Employee_2209,FIREFIGHTER,20000.0,0.0,8228.54,7289.27,2021,PT,28228.5400390625,False,Standard
2210,Employee_2210,REGISTERED NURSE,60305.96,0.0,2925.54,18079.76,2019,PT,63231.5000390625,False,Standard
2211,Employee_2211,ASSISTANT MEDICAL EXAMINER,91579.77,9879.57,247.78,34908.0,2019,FT,101707.1199987793,False,Medium
2212,Employee_2212,ANIMAL CARE ATTENDANT,36363.88,0.0,3048.37,14005.02,2019,FT,39412.2501171875,False,Standard
2213,Employee_2213,DIRECTOR OF PUBLIC WORKS,122831.5,3269.53,843.02,46991.32,2021,FT,126944.05001953125,True,Medium
2214,Employee_2214,REGISTERED NURSE,101705.22,3766.1,1006.4,33172.46,2022,FT,106477.72002441407,False,Medium
2215,Employee_2215,REGISTERED NURSE,54787.74,0.0,822.82,16795.0,2023,FT,55610.56000732422,False,Standard
2216,Employee_2216,ELECTRICAL TRANSIT SYSTEM MECHANIC,70042.98,0.0,2239.82,21199.3,2020,FT,72282.80006835937,False,Standard
2217,Employee_2217,SENIOR CLERK,57095.58,7806.28,4314.95,23202.46,2022,PT,69216.8101953125,False,Standard
2218,Employee_2218,CHIEF INVESTMENT OFFICER,184580.32,6353.54,2792.97,58562.72,2022,FT,193726.82997070314,True,High
2219,Employee_2219,CUSTODIAN,68333.35,2938.34,5063.86,22840.68,2019,PT,76335.54986328125,False,Medium
2220,Employee_2220,FIREFIGHTER,70932.54,0.0,960.65,18155.45,2020,FT,71893.19002441406,False,Standard
2221,Employee_2221,ACCOUNTANT INTERN,97086.01,10583.12,3604.68,,2020,FT,111273.80993164062,False,Medium
2222,Employee_2222,POLICE OFFICER 3,83229.57,0.0,4869.94,24405.66,2023,FT,88099.50994140626,False,Medium
2223,Employee_2223,TRANSIT OPERATOR,52487.43,0.0,2049.74,15850.18,2023,FT,54537.169990234375,False,Standard
2224,Employee_2224,ELECTRICAL TRANSIT SYSTEM MECHANIC,57054.44,2837.87,1104.3,23679.67,2023,FT,60996.61004882813,False,Standard
2226,Employee_2226,HEAD LIBRARIAN,86276.37,4212.22,750.14,30721.99,2021,PT,91238.73001464843,True,Medium
2227,Employee_2227,SOCIAL WORKER,27655.13,0.0,5611.73,11614.2,2020,PT,33266.859980468755,False,Standard
2228,Employee_2228,ACCOUNTANT INTERN,68935.18,553.2,7629.6,20402.26,2022,PT,77117.98009765624,False,Medium
2229,Employee_2229,CUSTODIAN,40395.75,0.0,6349.44,17356.35,2019,PT,46745.18994140625,False,Standard
2230,Employee_2230,CHIEF INVESTMENT OFFICER,184186.14,2936.92,4454.69,55081.67,2020,FT,191577.74994140628,True,High
2231,Employee_2231,HEAD LIBRARIAN,110303.63,0.0,688.92,43668.03,2019,PT,110992.54998291016,True,Medium
2232,Employee_2232,SPECIAL NURSE,51896.5,0.0,2012.48,15348.22,2021,FT,53908.97998046875,False,Standard
2233,Employee_2233,ACCOUNTANT INTERN,56027.35,10463.61,3389.17,24025.11,2020,FT,69880.12992187499,False,Standard
2234,Employee_2234,REGISTERED NURSE,32212.05,0.0,3181.94,11743.68,2019,PT,35393.98994140625,False,Standard
2235,Employee_2235,DIRECTOR OF PUBLIC WORKS,81618.3,2804.41,3230.33,23794.77,2020,PT,87653.040078125,True,Medium
2236,Employee_2236,ANIMAL CARE ATTENDANT,90326.46,0.0,5920.37,29301.3,2023,FT,96246.8301171875,False,Medium
2238,Employee_2238,DEPUTY SHERIFF,84527.93,0.0,2462.22,24521.5,2023,FT,86990.14997070312,False,Medium
2239,Employee_2239,SENIOR CLERK,88606.89,317.28,1310.92,35591.3,2023,PT,90235.09004394531,False,Medium
2241,Employee_2241,FIREFIGHTER,50870.08,0.0,467.64,17660.6,2020,FT,51337.72001464844,False,Standard
2243,Employee_2243,SENIOR CLERK,86092.53,0.0,936.18,27902.86,2023,PT,87028.70999267578,False,Medium
2244,Employee_2244,REGISTERED NURSE,112312.6,93.46,3232.6,40277.42,2023,PT,115638.66009765626,False,Medium
2246,Employee_2246,RECREATION LEADER,35184.07,0.0,3194.57,13158.13,2020,FT,38378.640068359375,False,Standard
2247,Employee_2247,DIRECTOR OF PUBLIC WORKS,96357.62,0.0,998.75,32516.95,2021,FT,97356.37,True,Medium
2248,Employee_2248,POLICE OFFICER 3,56619.1,5393.48,435.91,21294.57,2023,FT,62448.49000366211,False,Standard
2249,Employee_2249,POLICE OFFICER 3,68403.07,5681.54,6394.7,24972.2,2023,FT,80479.3101953125,False,Medium
2250,Employee_2250,ELECTRICAL TRANSIT SYSTEM MECHANIC,68793.71,6509.09,3774.59,20610.02,2021,FT,79077.39008789063,False,Medium
2251,Employee_2251,CHIEF OF POLICE,233864.61,7273.98,5440.44,67551.5,2019,FT,246579.02994140625,True,High
2252,Employee_2252,ASSISTANT DEPUTY CHIEF 2,87219.8,3249.23,248.92,30935.33,2021,FT,90717.94999816894,True,Medium
2253,Employee_2253,DEPUTY SHERIFF,74579.4,3280.38,2152.0,31130.67,2022,PT,80011.78,False,Medium
2256,Employee_2256,ASSISTANT MEDICAL EXAMINER,72203.61,7964.63,1713.4,23566.29,2020,FT,81881.64002441407,False,Medium
2257,Employee_2257,ANIMAL CARE ATTENDANT,49103.82,5200.3,249.17,18235.04,2019,FT,54553.28999816895,False,Standard
2258,Employee_2258,HEAD LIBRARIAN,108194.59,7604.86,3197.18,43130.16,2020,FT,118996.62993164062,True,Medium
2259,Employee_2259,TRANSIT OPERATOR,80227.98,0.0,1964.18,29615.31,2022,FT,82192.16005371093,False,Medium
2260,Employee_2260,CHIEF INVESTMENT OFFICER,137793.62,0.0,3715.91,50764.12,2020,FT,141509.52991210937,True,Medium
2261,Employee_2261,TRANSIT OPERATOR,81404.02,648.01,2932.14,31175.47,2023,FT,84984.16989257812,False,Medium
2263,Employee_2263,TRANSIT OPERATOR,88739.33,213.4,3348.55,30130.52,2021,FT,92301.28004882812,False,Medium
2264,Employee_2264,CHIEF OF POLICE,128566.61,0.0,905.18,,2021,PT,129471.78999267578,True,Medium
2265,Employee_2265,REGISTERED NURSE,46564.83,3758.5,10.39,19539.08,2023,PT,50333.720000343325,False,Standard
2266,Employee_2266,SPECIAL NURSE,57999.89,0.0,3631.18,22645.22,2023,PT,61631.069931640624,False,Standard
2267,Employee_2267,ASSISTANT MEDICAL EXAMINER,65607.38,0.0,3761.04,18461.14,2021,FT,69368.4200390625,False,Standard
2268,Employee_2268,SENIOR ENGINEER,97560.99,0.0,478.19,28086.94,2022,FT,98039.18000244141,False,Medium
2270,Employee_2270,CHIEF INVESTMENT OFFICER,92313.6,6983.72,1451.08,39738.83,2021,FT,100748.3999560547,True,Medium
2271,Employee_2271,CUSTODIAN,46236.03,916.57,343.98,,2019,FT,47496.58001098633,False,Standard
2273,Employee_2273,CUSTODIAN,65300.99,1888.21,2949.43,21125.27,2020,PT,70138.62993164062,False,Standard
2274,Employee_2274,SENIOR CLERK,52788.7,2741.73,2043.8,19975.44,2021,PT,57574.230048828125,False,Standard
2275,Employee_2275,POLICE OFFICER 3,49989.49,4454.83,798.17,19186.05,2022,FT,55242.489982910156,False,Standard
2276,Employee_2276,ELECTRICAL TRANSIT SYSTEM MECHANIC,62121.96,1497.41,4216.97,19407.21,2020,FT,67836.34021484375,False,Standard
2277,Employee_2277,FIREFIGHTER,43281.65,11613.67,165.19,20255.19,2020,PT,55060.510002441406,False,Standard
2278,Employee_2278,SPECIAL NURSE,77595.04,0.0,41.76,20472.0,2023,FT,77636.79999832153,False,Medium
2279,Employee_2279,GENERAL LABORER,84804.46,3089.94,4317.84,34369.42,2020,FT,92212.23984375001,False,Medium
2280,Employee_2280,ASSISTANT MEDICAL EXAMINER,59011.46,0.0,3161.97,17520.16,2019,FT,62173.429970703124,False,Standard
2281,Employee_2281,ANIMAL CARE ATTENDANT,61259.45,0.0,5510.34,22597.36,2022,FT,66769.78984375,False,Standard
2282,Employee_2282,GENERAL LABORER,80748.6,3734.92,1526.69,,2022,FT,86010.20994140625,False,Medium
2283,Employee_2283,CUSTODIAN,55720.1,6450.11,2376.56,22040.59,2023,PT,64546.77005859375,False,Standard
2284,Employee_2284,ANIMAL CARE ATTENDANT,54345.32,0.0,981.21,,2022,FT,55326.530021972656,False,Standard
2285,Employee_2285,ASSISTANT MEDICAL EXAMINER,93929.97,0.0,2481.09,32330.92,2023,FT,96411.06008789063,False,Medium
2288,Employee_2288,RECREATION LEADER,88512.89,0.0,926.4,33446.57,2023,FT,89439.29002441406,False,Medium
2290,Employee_2290,ELECTRICAL TRANSIT SYSTEM MECHANIC,97076.71,1422.39,7674.87,34494.77,2020,FT,106173.9701171875,False,Medium
2291,Employee_2291,ELECTRICAL TRANSIT SYSTEM MECHANIC,77841.24,14657.92,530.64,31931.23,2023,FT,93029.80001464844,False,Medium
2292,Employee_2292,CUSTODIAN,90215.63,9436.06,3768.28,32590.88,2023,FT,103419.97002929688,False,Medium
2293,Employee_2293,FIREFIGHTER,77743.24,0.0,1272.13,30030.7,2020,FT,79015.37000488282,False,Medium
2294,Employee_2294,SENIOR ENGINEER,92272.05,0.0,7873.7,31095.13,2022,PT,100145.7501953125,False,Medium
2295,Employee_2295,SENIOR ENGINEER,83841.96,4137.12,1348.47,34961.27,2023,PT,89327.54997070313,False,Medium
2296,Employee_2296,ANIMAL CARE ATTENDANT,77342.89,35.88,1677.49,30163.18,2022,FT,79056.25999023438,False,Medium
2297,Employee_2297,POLICE OFFICER 3,63765.04,0.0,4517.69,21383.64,2019,FT,68282.72994140626,False,Standard
2299,Employee_2299,FIREFIGHTER,38270.87,0.0,1355.02,13928.27,2019,FT,39625.89001953125,False,Standard
2300,Employee_2300,SOCIAL WORKER,59168.48,0.0,4779.94,23232.21,2023,FT,63948.41994140625,False,Standard
2301,Employee_2301,DEPUTY SHERIFF,110896.46,0.0,3415.66,31764.96,2019,FT,114312.11991210938,False,Medium
2302,Employee_2302,POLICE OFFICER 3,57478.39,0.0,2865.88,17267.92,2023,FT,60344.2698828125,False,Standard
2303,Employee_2303,ASSISTANT DEPUTY CHIEF 2,117407.39,2223.13,1583.66,32962.73,2019,FT,121214.18003417969,True,Medium
2304,Employee_2304,SOCIAL WORKER,52348.38,0.0,961.81,19410.44,2021,FT,53310.18999755859,False,Standard
2305,Employee_2305,ACCOUNTANT INTERN,76716.91,5391.63,4751.51,,2020,FT,86860.04976562501,False,Medium
2306,Employee_2306,REGISTERED NURSE,55274.7,6464.89,990.61,,2023,FT,62730.19998535156,False,Standard
2307,Employee_2307,CUSTODIAN,66287.78,5190.16,5693.76,25507.66,2020,FT,77171.699765625,False,Medium
2308,Employee_2308,POLICE OFFICER 3,86977.33,3071.58,1141.44,33251.28,2022,FT,91190.34994140625,False,Medium
2309,Employee_2309,CUSTODIAN,56024.73,0.0,6301.35,24435.21,2019,FT,62326.08009765625,False,Standard
2310,Employee_2310,ASSISTANT DEPUTY CHIEF 2,154390.0,0.0,3416.12,43677.33,2021,FT,157806.1201171875,True,High
2311,Employee_2311,DEPUTY SHERIFF,86444.59,12830.04,905.6,29618.23,2023,PT,100180.22997558594,False,Medium
2312,Employee_2312,SPECIAL NURSE,91099.12,0.0,3526.94,28600.82,2023,PT,94626.05994140625,False,Medium
2313,Employee_2313,CHIEF OF POLICE,131059.48,0.0,49.09,45068.13,2020,FT,131108.57000015257,True,Medium
2314,Employee_2314,SPECIAL NURSE,134825.18,0.0,2100.28,37033.25,2020,FT,136925.46002929687,False,Medium
2315,Employee_2315,FIREFIGHTER,91090.67,2820.93,540.12,26353.39,2021,FT,94451.71999511718,False,Medium
2316,Employee_2316,TRANSIT OPERATOR,76497.55,0.0,1601.26,28667.38,2021,FT,78098.81000976563,False,Medium
2317,Employee_2317,SPECIAL NURSE,52481.51,5119.56,4824.29,20682.02,2021,FT,62425.3600390625,False,Standard
2319,Employee_2319,RECREATION LEADER,98526.54,2999.23,1376.1,31721.04,2022,FT,102901.86997558593,False,Medium
2320,Employee_2320,ANIMAL CARE ATTENDANT,104190.69,0.0,1204.29,28475.0,2020,FT,105394.9800390625,False,Medium
2321,Employee_2321,REGISTERED NURSE,99566.58,11870.02,2812.33,34777.77,2020,FT,114248.930078125,False,Medium
2322,Employee_2322,TRANSIT OPERATOR,85703.85,2786.56,3029.56,28373.93,2023,FT,91519.97005859375,False,Medium
2323,Employee_2323,GENERAL LABORER,44886.8,4932.19,23.33,13298.76,2022,FT,49842.31999992371,False,Standard
2324,Employee_2324,HEAD LIBRARIAN,119614.85,0.0,6773.95,32731.54,2020,FT,126388.8001953125,True,Medium
2325,Employee_2325,SENIOR ENGINEER,58723.54,444.6,4440.48,24313.78,2023,FT,63608.61998046875,False,Standard
2326,Employee_2326,RECREATION LEADER,40250.58,5162.26,123.27,17447.03,2020,PT,45536.10999664307,False,Standard
2327,Employee_2327,GENERAL LABORER,74783.17,0.0,166.77,,2021,FT,74949.94000427246,False,Standard
2328,Employee_2328,POLICE OFFICER 3,80463.99,0.0,1316.56,28310.84,2020,FT,81780.55005859376,False,Medium
2330,Employee_2330,POLICE OFFICER 3,79942.72,0.0,5768.47,31843.53,2021,PT,85711.19021484375,False,Medium
2331,Employee_2331,SPECIAL NURSE,80631.72,0.0,4953.57,32687.96,2021,FT,85585.28982421875,False,Medium
2333,Employee_2333,DEPUTY SHERIFF,67900.47,0.0,4033.72,24599.57,2020,PT,71934.18997070313,False,Standard
2334,Employee_2334,RECREATION LEADER,39857.66,12024.06,4468.93,,2023,FT,56350.65017578125,False,Standard
2335,Employee_2335,ASSISTANT DEPUTY CHIEF 2,53878.71,3077.04,2174.78,,2022,FT,59130.530029296875,True,Standard
2336,Employee_2336,ASSISTANT DEPUTY CHIEF 2,152663.14,1947.09,3207.86,51273.62,2019,FT,157818.0901074219,True,High
2337,Employee_2337,SENIOR CLERK,71418.77,7999.71,3782.56,,2022,FT,83201.04005859376,False,Medium
2339,Employee_2339,TRANSIT OPERATOR,92166.95,0.0,336.41,29648.53,2020,FT,92503.3600036621,False,Medium
2340,Employee_2340,SPECIAL NURSE,57613.65,20521.46,33.13,21624.48,2021,FT,78168.24000106812,False,Medium
2341,Employee_2341,ELECTRICAL TRANSIT SYSTEM MECHANIC,81806.22,0.0,1134.22,28054.37,2020,FT,82940.43997070313,False,Medium
2342,Employee_2342,ELECTRICAL TRANSIT SYSTEM MECHANIC,56776.87,10785.63,119.99,24995.09,2022,PT,67682.48999786377,False,Standard
2343,Employee_2343,ASSISTANT DEPUTY CHIEF 2,59548.36,2157.57,2419.3,,2021,FT,64125.230048828125,True,Standard
2344,Employee_2344,SENIOR ENGINEER,94206.04,1957.47,4027.86,33007.97,2021,FT,100191.37010742187,False,Medium
2345,Employee_2345,DIRECTOR OF PUBLIC WORKS,102990.29,0.0,3039.22,39989.84,2020,FT,106029.50997070312,True,Medium
2346,Employee_2346,DEPUTY SHERIFF,61198.22,8271.76,2018.1,17987.35,2020,FT,71488.07997558593,False,Standard
2347,Employee_2347,CUSTODIAN,109506.86,0.0,1277.25,37944.9,2021,FT,110784.11,False,Medium
2348,Employee_2348,SENIOR ENGINEER,51327.72,0.0,1447.14,16436.93,2021,FT,52774.86001464844,False,Standard
2349,Employee_2349,FIREFIGHTER,77657.42,0.0,2545.83,,2020,FT,80203.250078125,False,Medium
2350,Employee_2350,CHIEF OF POLICE,90186.94,0.0,1245.77,36293.0,2021,FT,91432.71001953125,True,Medium
2351,Employee_2351,ASSISTANT DEPUTY CHIEF 2,158697.41,2920.86,2061.98,50834.51,2020,FT,163680.24998046874,True,High
2352,Employee_2352,SENIOR ENGINEER,98759.21,0.0,3559.17,30725.13,2021,FT,102318.379921875,False,Medium
2353,Employee_2353,SENIOR ENGINEER,100862.95,0.0,2601.89,,2019,FT,103464.83989257812,False,Medium
2354,Employee_2354,SENIOR CLERK,66432.87,2037.45,1302.01,27885.55,2021,FT,69772.33000976562,False,Standard
2355,Employee_2355,CUSTODIAN,54688.24,8574.06,1021.77,24325.59,2022,FT,64284.070019531246,False,Standard
2356,Employee_2356,GENERAL LABORER,88545.01,0.0,1630.15,23490.26,2023,FT,90175.16002441406,False,Medium
2357,Employee_2357,ELECTRICAL TRANSIT SYSTEM MECHANIC,105415.95,6813.53,2758.15,38505.11,2022,FT,114987.62990234375,False,Medium
2358,Employee_2358,FIREFIGHTER,79606.16,2848.21,6795.71,24285.86,2022,FT,89250.07996093751,False,Medium
2359,Employee_2359,HEAD LIBRARIAN,78077.38,13394.73,2798.48,33689.22,2019,FT,94270.58998046875,True,Medium
2360,Employee_2360,FIREFIGHTER,76778.77,1491.55,4629.74,26744.6,2020,FT,82900.060234375,False,Medium
2361,Employee_2361,HEAD LIBRARIAN,177824.16,5071.67,5536.47,,2022,FT,188432.30021484377,True,High
2363,Employee_2363,CHIEF INVESTMENT OFFICER,178626.27,1243.75,4128.61,71134.12,2021,FT,183998.62986328124,True,High
2364,Employee_2364,REGISTERED NURSE,55193.41,0.0,9309.18,19426.84,2023,FT,64502.5896875,False,Standard
2366,Employee_2366,SPECIAL NURSE,82391.3,0.0,5871.15,34579.56,2019,FT,88262.44990234375,False,Medium
2367,Employee_2367,GENERAL LABORER,77946.57,0.0,5252.47,22569.39,2019,PT,83199.04021484376,False,Medium
2368,Employee_2368,POLICE OFFICER 3,54672.23,10672.09,690.53,21214.21,2021,FT,66034.85002929688,False,Standard
2369,Employee_2369,POLICE OFFICER 3,53809.65,408.7,920.75,18289.73,2022,FT,55139.1,False,Standard
2371,Employee_2371,TRANSIT OPERATOR,93831.02,0.0,4362.11,27161.47,2022,FT,98193.12986328125,False,Medium
2373,Employee_2373,SPECIAL NURSE,106078.61,0.0,456.95,29605.21,2020,FT,106535.56001220703,False,Medium
2374,Employee_2374,ELECTRICAL TRANSIT SYSTEM MECHANIC,72692.39,4481.08,3611.83,26353.7,2020,FT,80785.300078125,False,Medium
2375,Employee_2375,ASSISTANT MEDICAL EXAMINER,63776.02,0.0,691.53,24259.34,2022,FT,64467.55002929687,False,Standard
2376,Employee_2376,CHIEF INVESTMENT OFFICER,174635.67,956.85,1013.05,47509.34,2022,FT,176605.569987793,True,High
2377,Employee_2377,RECREATION LEADER,84261.39,4050.2,2321.32,32183.1,2019,FT,90632.91006835937,False,Medium
2379,Employee_2379,CHIEF INVESTMENT OFFICER,88789.12,4734.29,525.35,24009.11,2021,FT,94048.75997558593,True,Medium
2380,Employee_2380,HEAD LIBRARIAN,119757.91,0.0,6604.95,41749.76,2021,PT,126362.8601953125,True,Medium
2381,Employee_2381,POLICE OFFICER 3,66454.51,841.79,1387.29,19767.22,2019,FT,68683.59003906249,False,Standard
2382,Employee_2382,SENIOR CLERK,90312.82,357.0,921.12,31213.1,2023,FT,91590.9399951172,False,Medium
2383,Employee_2383,ACCOUNTANT INTERN,91450.67,0.0,1474.62,28100.46,2020,FT,92925.28999511719,False,Medium
2384,Employee_2384,ELECTRICAL TRANSIT SYSTEM MECHANIC,85180.74,6877.71,3363.36,33394.57,2020,FT,95421.81010742189,False,Medium
2385,Employee_2385,POLICE OFFICER 3,96597.46,10605.08,1101.59,41997.69,2019,FT,108304.12996582032,False,Medium
2387,Employee_2387,CHIEF INVESTMENT OFFICER,135122.33,7171.32,2767.46,56715.42,2020,PT,145061.1099609375,True,Medium
2388,Employee_2388,CHIEF INVESTMENT OFFICER,151008.79,0.0,3365.97,43324.71,2023,FT,154374.75997070313,True,High
2389,Employee_2389,CHIEF INVESTMENT OFFICER,71042.91,0.0,7382.77,20438.06,2021,FT,78425.68001953125,True,Medium
2390,Employee_2390,SOCIAL WORKER,56902.09,7132.12,6382.44,19639.57,2023,FT,70416.64994140624,False,Standard
2391,Employee_2391,SENIOR CLERK,69147.39,0.0,401.69,25888.78,2019,FT,69549.0800024414,False,Standard
2392,Employee_2392,FIREFIGHTER,70433.96,0.0,1367.28,25247.72,2019,FT,71801.24002929688,False,Standard
2393,Employee_2393,DIRECTOR OF PUBLIC WORKS,174347.03,7263.59,2684.15,72911.64,2023,FT,184294.76990234375,True,High
2394,Employee_2394,FIREFIGHTER,110451.79,0.0,2277.59,40185.1,2023,FT,112729.38008789062,False,Medium
2395,Employee_2395,SENIOR CLERK,69828.52,5428.24,6092.85,,2021,FT,81349.61009765626,False,Medium
2397,Employee_2397,ACCOUNTANT INTERN,81175.96,9186.33,6865.42,38280.42,2023,PT,97227.70992187501,False,Medium
2399,Employee_2399,DEPUTY SHERIFF,77979.59,17473.42,1663.39,32387.92,2023,FT,97116.40001464843,False,Medium
2400,Employee_2400,SENIOR ENGINEER,98897.31,17427.69,5801.64,45658.86,2023,FT,122126.64013671875,False,Medium
2401,Employee_2401,TRANSIT OPERATOR,103751.4,0.0,1030.28,29009.51,2023,FT,104781.68002929687,False,Medium
2403,Employee_2403,SENIOR ENGINEER,63436.0,3492.71,5277.98,28877.9,2022,FT,72206.68998046876,False,Standard
2404,Employee_2404,ASSISTANT DEPUTY CHIEF 2,154645.96,0.0,331.86,54206.75,2021,FT,154977.81998535155,True,High
2405,Employee_2405,ELECTRICAL TRANSIT SYSTEM MECHANIC,87847.47,0.0,1785.22,25041.88,2019,FT,89632.68997070313,False,Medium
2406,Employee_2406,RECREATION LEADER,76299.35,5321.11,2376.13,22818.98,2020,FT,83996.5898828125,False,Medium
2407,Employee_2407,GENERAL LABORER,92628.49,0.0,3750.3,37964.78,2022,FT,96378.79004882813,False,Medium
2408,Employee_2408,ASSISTANT MEDICAL EXAMINER,73761.48,10772.95,3166.34,33387.94,2023,FT,87700.77008789062,False,Medium
2409,Employee_2409,SENIOR CLERK,96212.16,3811.97,5184.99,,2021,PT,105209.120234375,False,Medium
2411,Employee_2411,ASSISTANT DEPUTY CHIEF 2,53343.21,482.8,2292.21,18267.07,2019,FT,56118.2199609375,True,Standard
2412,Employee_2412,SPECIAL NURSE,68392.03,6926.87,5058.26,,2021,FT,80377.159765625,False,Medium
2413,Employee_2413,ACCOUNTANT INTERN,56634.99,0.0,10603.89,18451.9,2021,PT,67238.87964843749,False,Standard
2414,Employee_2414,DIRECTOR OF PUBLIC WORKS,78660.77,5619.85,3580.77,24374.63,2023,FT,87861.39001953126,True,Medium
2415,Employee_2415,GENERAL LABORER,98680.37,5720.99,2410.38,34911.57,2020,PT,106811.7398828125,False,Medium
2416,Employee_2416,CHIEF OF POLICE,144151.47,1062.16,2835.92,44396.57,2020,PT,148049.549921875,True,Medium
2417,Employee_2417,HEAD LIBRARIAN,104105.07,4560.22,2294.02,34938.63,2020,FT,110959.31001953126,True,Medium
2418,Employee_2418,DEPUTY SHERIFF,58703.93,5430.13,384.62,23854.46,2019,FT,64518.679995117185,False,Standard
2419,Employee_2419,CUSTODIAN,75923.39,1997.2,7229.99,,2021,FT,85150.580234375,False,Medium
2420,Employee_2420,ELECTRICAL TRANSIT SYSTEM MECHANIC,89828.72,0.0,3975.04,33593.62,2022,FT,93803.7600390625,False,Medium
2422,Employee_2422,SENIOR ENGINEER,90874.46,543.89,1680.45,35109.9,2023,FT,93098.79995117188,False,Medium
2423,Employee_2423,REGISTERED NURSE,87361.33,10325.85,452.92,27507.2,2019,FT,98140.10001342774,False,Medium
2424,Employee_2424,RECREATION LEADER,31279.98,9106.08,1053.71,,2020,FT,41439.7699609375,False,Standard
2425,Employee_2425,GENERAL LABORER,68848.6,14789.15,8147.44,31095.16,2020,PT,91785.18994140625,False,Medium
2426,Employee_2426,ASSISTANT DEPUTY CHIEF 2,110545.51,16501.59,1435.2,39552.42,2020,FT,128482.29995117187,True,Medium
2427,Employee_2427,POLICE OFFICER 3,67323.4,4556.36,1568.66,21309.62,2023,FT,73448.42003417968,False,Standard
2428,Employee_2428,ELECTRICAL TRANSIT SYSTEM MECHANIC,59967.43,942.97,1824.19,16224.35,2019,FT,62734.58994140625,False,Standard
2429,Employee_2429,SENIOR ENGINEER,94578.24,0.0,2793.02,29504.18,2019,FT,97371.26001953126,False,Medium
2430,Employee_2430,DEPUTY SHERIFF,108472.54,9241.45,1841.64,33485.06,2023,FT,119555.63001464843,False,Medium
2431,Employee_2431,REGISTERED NURSE,63521.55,913.67,3206.5,18289.43,2023,FT,67641.72,False,Standard
2432,Employee_2432,CHIEF OF POLICE,136501.6,0.0,5626.75,51276.32,2020,FT,142128.35,True,Medium
2434,Employee_2434,CUSTODIAN,58999.69,0.0,391.2,16835.76,2021,PT,59390.89001220703,False,Standard
2437,Employee_2437,HEAD LIBRARIAN,158456.89,1861.33,1598.49,52955.98,2021,FT,161916.70999023438,True,High
2438,Employee_2438,ASSISTANT MEDICAL EXAMINER,85004.02,6710.38,2932.34,33096.26,2019,FT,94646.74008789063,False,Medium
2439,Employee_2439,RECREATION LEADER,76142.17,0.0,689.9,25990.62,2021,FT,76832.07002441406,False,Medium
2440,Employee_2440,SPECIAL NURSE,68687.39,0.0,7819.1,24654.41,2021,FT,76506.49009765625,False,Medium
2442,Employee_2442,TRANSIT OPERATOR,71515.83,2990.85,3378.33,22576.37,2021,FT,77885.01007812501,False,Medium
2443,Employee_2443,TRANSIT OPERATOR,87947.23,9518.83,3316.79,35928.22,2023,FT,100782.8500390625,False,Medium
2444,Employee_2444,FIREFIGHTER,69737.77,0.0,952.07,21039.08,2023,FT,70689.84000732422,False,Standard
2446,Employee_2446,SOCIAL WORKER,64984.35,0.0,4672.77,23538.84,2020,FT,69657.12001953126,False,Standard
2447,Employee_2447,ANIMAL CARE ATTENDANT,89849.53,15539.98,6871.14,38740.21,2022,FT,112260.65013671874,False,Medium
2448,Employee_2448,HEAD LIBRARIAN,141754.84,0.0,2030.63,46919.86,2021,FT,143785.4700048828,True,Medium
2449,Employee_2449,ANIMAL CARE ATTENDANT,56656.99,3422.74,1371.53,23921.96,2021,FT,61451.26002929687,False,Standard
2450,Employee_2450,POLICE OFFICER 3,56628.24,12740.13,1742.53,,2019,PT,71110.90002929687,False,Standard
2451,Employee_2451,RECREATION LEADER,77587.18,710.12,3049.05,25546.44,2020,FT,81346.35004882811,False,Medium
2452,Employee_2452,SOCIAL WORKER,100550.64,0.0,1411.5,39148.59,2022,PT,101962.14,False,Medium
2453,Employee_2453,SPECIAL NURSE,92919.81,0.0,1295.98,32102.72,2023,FT,94215.78998046875,False,Medium
2454,Employee_2454,SENIOR CLERK,58451.84,5107.05,6854.15,22347.15,2022,FT,70413.03990234375,False,Standard
2456,Employee_2456,SENIOR CLERK,66804.31,0.0,5992.94,20875.1,2019,FT,72797.24994140625,False,Standard
2457,Employee_2457,RECREATION LEADER,64649.75,11966.64,2764.22,29387.9,2019,FT,79380.60997070312,False,Medium
2458,Employee_2458,ACCOUNTANT INTERN,102088.2,0.0,10064.34,32739.56,2020,FT,112152.53984375,False,Medium
2460,Employee_2460,SPECIAL NURSE,37622.69,2645.66,4121.55,11227.05,2023,FT,44389.899804687506,False,Standard
2461,Employee_2461,GENERAL LABORER,53428.92,0.0,4598.82,23023.11,2023,FT,58027.73982421875,False,Standard
2462,Employee_2462,FIREFIGHTER,75746.21,0.0,507.93,25467.03,2019,PT,76254.13999267579,False,Medium
2463,Employee_2463,SENIOR CLERK,107139.63,1684.73,4457.09,36629.98,2022,FT,113281.44984375,False,Medium
2464,Employee_2464,DIRECTOR OF PUBLIC WORKS,133873.25,0.0,4613.01,53688.55,2020,FT,138486.259765625,True,Medium
2465,Employee_2465,SENIOR CLERK,121567.82,0.0,139.43,36847.25,2019,FT,121707.24999267579,False,Medium
2466,Employee_2466,FIREFIGHTER,34738.29,0.0,103.9,12865.47,2021,FT,34842.19000152588,False,Standard
2468,Employee_2468,ASSISTANT MEDICAL EXAMINER,63758.09,1129.98,1653.52,21397.41,2020,FT,66541.59001953126,False,Standard
2471,Employee_2471,SOCIAL WORKER,70099.13,7791.46,1788.73,22317.47,2021,FT,79679.31998046876,False,Medium
2472,Employee_2472,REGISTERED NURSE,74725.42,0.0,3818.23,19842.2,2021,FT,78543.64998046875,False,Medium
2473,Employee_2473,ELECTRICAL TRANSIT SYSTEM MECHANIC,93115.02,0.0,4139.96,36297.32,2022,FT,97254.9799609375,False,Medium
2474,Employee_2474,FIREFIGHTER,38294.91,0.0,154.07,11939.87,2019,PT,38448.98000732422,False,Standard
2475,Employee_2475,REGISTERED NURSE,70615.05,0.0,2863.46,24369.91,2019,FT,73478.5099609375,False,Standard
2476,Employee_2476,ELECTRICAL TRANSIT SYSTEM MECHANIC,48295.29,0.0,5346.1,15200.33,2021,FT,53641.39009765625,False,Standard
2478,Employee_2478,POLICE OFFICER 3,85544.33,0.0,6374.72,32923.65,2022,FT,91919.05021484375,False,Medium
2479,Employee_2479,SPECIAL NURSE,95743.4,8141.48,4603.82,42636.6,2019,PT,108488.69982421874,False,Medium
2480,Employee_2480,REGISTERED NURSE,59299.41,639.78,535.01,19429.62,2021,FT,60474.20000976563,False,Standard
2481,Employee_2481,HEAD LIBRARIAN,132816.79,1488.77,1579.91,53876.52,2023,FT,135885.47003417969,True,Medium
2482,Employee_2482,SOCIAL WORKER,97218.03,0.0,3225.27,32807.63,2019,FT,100443.30001953125,False,Medium
2483,Employee_2483,POLICE OFFICER 3,37135.06,0.0,654.09,12969.74,2020,PT,37789.15002685547,False,Standard
2484,Employee_2484,CUSTODIAN,82246.9,9618.58,6593.87,,2023,FT,98459.3501171875,False,Medium
2485,Employee_2485,GENERAL LABORER,89170.23,0.0,1326.18,29272.49,2021,FT,90496.41005371093,False,Medium
2486,Employee_2486,GENERAL LABORER,64825.47,0.0,2948.32,26055.85,2019,PT,67773.79006835938,False,Standard
2488,Employee_2488,SPECIAL NURSE,88859.12,5727.85,1059.66,29110.48,2022,FT,95646.63003417969,False,Medium
2489,Employee_2489,ASSISTANT DEPUTY CHIEF 2,82817.68,0.0,383.6,29561.33,2023,FT,83201.28000610351,True,Medium
2490,Employee_2490,GENERAL LABORER,66432.97,0.0,1771.76,17450.07,2020,FT,68204.73000976563,False,Standard
2491,Employee_2491,GENERAL LABORER,69197.52,11157.12,4436.0,30105.93,2021,FT,84790.64,False,Medium
2492,Employee_2492,DEPUTY SHERIFF,84310.76,3674.71,500.46,26153.46,2022,FT,88485.92999145508,False,Medium
2493,Employee_2493,ACCOUNTANT INTERN,57467.37,7187.05,1206.76,19150.81,2019,FT,65861.18000976564,False,Standard
2494,Employee_2494,DIRECTOR OF PUBLIC WORKS,95724.15,4278.16,5451.75,37333.19,2020,FT,105454.06,True,Medium
2495,Employee_2495,ELECTRICAL TRANSIT SYSTEM MECHANIC,71978.31,4747.62,3197.89,22557.84,2022,FT,79923.81989257812,False,Medium
2496,Employee_2496,FIREFIGHTER,90127.81,14340.46,5023.57,,2019,FT,109491.83982421874,False,Medium
2498,Employee_2498,SOCIAL WORKER,39850.38,0.0,8539.67,,2021,FT,48390.049921875,False,Standard
2499,Employee_2499,TRANSIT OPERATOR,76306.84,5286.72,5344.92,26969.42,2023,PT,86938.479921875,False,Medium
2500,Employee_2500,ACCOUNTANT INTERN,48269.3,211.22,172.24,12740.0,2019,FT,48652.76000549317,False,Standard
2501,Employee_2501,ASSISTANT MEDICAL EXAMINER,90376.22,2962.17,3410.8,35481.1,2023,PT,96749.19004882812,False,Medium
2502,Employee_2502,REGISTERED NURSE,51229.11,0.0,327.53,14147.59,2020,PT,51556.6399987793,False,Standard
2503,Employee_2503,SENIOR ENGINEER,73459.15,9103.68,637.62,32444.61,2019,FT,83200.44999511717,False,Medium
2504,Employee_2504,REGISTERED NURSE,58214.58,0.0,2237.5,24095.53,2022,FT,60452.08,False,Standard
2505,Employee_2505,SPECIAL NURSE,68476.02,0.0,1141.66,18682.7,2021,FT,69617.68003417969,False,Standard
2506,Employee_2506,REGISTERED NURSE,76463.95,9861.9,3635.1,31706.82,2023,FT,89960.95009765624,False,Medium
2507,Employee_2507,SENIOR CLERK,103576.24,3467.36,1801.93,,2019,PT,108845.53005371094,False,Medium
2508,Employee_2508,HEAD LIBRARIAN,104826.97,1921.95,1298.11,35782.14,2019,FT,108047.02998535156,True,Medium
2509,Employee_2509,ELECTRICAL TRANSIT SYSTEM MECHANIC,43402.18,12018.31,2569.06,16059.41,2021,FT,57989.55005859375,False,Standard
2511,Employee_2511,FIREFIGHTER,68940.83,0.0,2975.48,19776.4,2021,FT,71916.30998046875,False,Standard
2512,Employee_2512,RECREATION LEADER,93234.7,8252.76,472.21,39029.65,2022,FT,101959.66999145507,False,Medium
2513,Employee_2513,CHIEF INVESTMENT OFFICER,100521.4,0.0,3385.35,33052.34,2023,FT,103906.75009765624,True,Medium
2515,Employee_2515,REGISTERED NURSE,69319.48,0.0,3861.39,28413.84,2021,FT,73180.86989257812,False,Standard
2516,Employee_2516,RECREATION LEADER,95919.05,3966.13,6361.2,38322.11,2022,FT,106246.38019531251,False,Medium
2517,Employee_2517,ASSISTANT MEDICAL EXAMINER,73218.84,16058.85,9956.88,32859.26,2021,FT,99234.5698828125,False,Medium
2518,Employee_2518,ASSISTANT DEPUTY CHIEF 2,118811.89,10393.94,3547.74,41206.93,2022,PT,132753.5699902344,True,Medium
2519,Employee_2519,POLICE OFFICER 3,52593.06,0.0,1381.96,17235.32,2021,FT,53975.0199609375,False,Standard
2521,Employee_2521,SENIOR CLERK,64230.33,7028.88,220.01,28014.68,2021,FT,71479.21999450684,False,Standard
2522,Employee_2522,TRANSIT OPERATOR,55492.11,2330.44,2853.23,17470.3,2022,FT,60675.77998046875,False,Standard
2523,Employee_2523,FIREFIGHTER,81400.68,5979.97,4213.07,28522.46,2022,FT,91593.71982421874,False,Medium
2524,Employee_2524,ELECTRICAL TRANSIT SYSTEM MECHANIC,32879.59,8460.44,1729.26,15794.96,2023,FT,43069.290009765624,False,Standard
2525,Employee_2525,SPECIAL NURSE,95491.81,601.35,5442.03,30932.82,2022,PT,101535.18978515625,False,Medium
2526,Employee_2526,CUSTODIAN,82483.86,2696.65,529.72,,2019,FT,85710.22997070312,False,Medium
2527,Employee_2527,SENIOR CLERK,114380.01,6314.91,2170.86,35196.24,2021,FT,122865.78010742187,False,Medium
2528,Employee_2528,ACCOUNTANT INTERN,81162.34,799.67,1582.08,21278.82,2020,FT,83544.08995605468,False,Medium
2529,Employee_2529,SPECIAL NURSE,66777.53,4876.57,984.98,25010.56,2019,FT,72639.07998046876,False,Standard
2530,Employee_2530,DIRECTOR OF PUBLIC WORKS,82852.94,4059.96,214.32,28424.21,2019,PT,87127.22000732423,True,Medium
2531,Employee_2531,ACCOUNTANT INTERN,67198.49,0.0,1565.04,26814.94,2021,FT,68763.5300390625,False,Standard
2533,Employee_2533,ACCOUNTANT INTERN,79723.11,0.0,3785.79,22575.67,2021,FT,83508.9000390625,False,Medium
2535,Employee_2535,ANIMAL CARE ATTENDANT,99536.17,3009.59,781.76,31926.32,2019,PT,103327.52000976562,False,Medium
2536,Employee_2536,CHIEF INVESTMENT OFFICER,139383.64,0.0,2409.48,47850.89,2022,FT,141793.11998046876,True,Medium
2537,Employee_2537,CUSTODIAN,88491.51,7366.2,894.91,28171.95,2019,FT,96752.61997314452,False,Medium
2538,Employee_2538,CHIEF OF POLICE,115302.79,6431.05,2535.99,41325.56,2023,PT,124269.82999023437,True,Medium
2539,Employee_2539,ASSISTANT DEPUTY CHIEF 2,108782.02,927.04,6404.14,44843.72,2023,FT,116113.20013671875,True,Medium
2540,Employee_2540,CHIEF OF POLICE,143052.19,5786.95,1820.53,47240.78,2023,FT,150659.6700292969,True,High
2541,Employee_2541,CUSTODIAN,62270.54,13014.13,1640.85,26749.73,2020,PT,76925.51997558594,False,Medium
2543,Employee_2543,CHIEF INVESTMENT OFFICER,87797.08,0.0,1467.04,,2020,PT,89264.1200390625,True,Medium
2544,Employee_2544,GENERAL LABORER,52367.45,0.0,1549.53,,2022,PT,53916.98002929687,False,Standard
2545,Employee_2545,ANIMAL CARE ATTENDANT,82708.19,16263.74,3425.97,34505.06,2020,FT,102397.89997070313,False,Medium
2546,Employee_2546,ELECTRICAL TRANSIT SYSTEM MECHANIC,87733.8,3724.34,4073.11,28185.26,2023,PT,95531.25010742187,False,Medium
2547,Employee_2547,ANIMAL CARE ATTENDANT,50286.88,0.0,2106.51,13628.06,2019,FT,52393.39000976562,False,Standard
2548,Employee_2548,DIRECTOR OF PUBLIC WORKS,141800.89,2641.99,1817.96,43578.33,2019,PT,146260.8399609375,True,Medium
2549,Employee_2549,SENIOR CLERK,77148.87,0.0,8190.62,24049.06,2020,FT,85339.4901171875,False,Medium
2550,Employee_2550,REGISTERED NURSE,70330.1,0.0,5601.66,,2022,FT,75931.76015625,False,Medium
2552,Employee_2552,CUSTODIAN,86149.74,4508.7,2393.62,36863.83,2020,FT,93052.0601171875,False,Medium
2553,Employee_2553,FIREFIGHTER,85917.44,11663.56,1017.23,31931.22,2022,FT,98598.22998046875,False,Medium
2554,Employee_2554,FIREFIGHTER,108175.81,3294.07,5382.16,33087.79,2022,FT,116852.04015625,False,Medium
2555,Employee_2555,CHIEF INVESTMENT OFFICER,100660.34,1899.18,2432.88,32411.32,2021,FT,104992.39988281249,True,Medium
2556,Employee_2556,REGISTERED NURSE,50282.5,15.1,268.49,14032.83,2021,FT,50566.08999023437,False,Standard
2558,Employee_2558,SOCIAL WORKER,64909.98,5654.69,898.55,,2020,FT,71463.21998779297,False,Standard
2559,Employee_2559,TRANSIT OPERATOR,22908.99,0.0,5171.99,10699.67,2021,FT,28080.980234375,False,Standard
2560,Employee_2560,DIRECTOR OF PUBLIC WORKS,111947.44,6749.41,4049.11,,2019,FT,122745.96010742188,True,Medium
2561,Employee_2561,DIRECTOR OF PUBLIC WORKS,100484.6,0.0,2544.9,30387.64,2021,PT,103029.49990234376,True,Medium
2562,Employee_2562,GENERAL LABORER,85675.2,1521.81,1871.64,,2019,PT,89068.65001464843,False,Medium
2563,Employee_2563,ASSISTANT MEDICAL EXAMINER,77048.39,2534.0,42.01,28090.68,2022,FT,79624.39999832153,False,Medium
2564,Employee_2564,ELECTRICAL TRANSIT SYSTEM MECHANIC,57986.07,0.0,4390.22,20387.58,2019,FT,62376.29021484375,False,Standard
2565,Employee_2565,SENIOR CLERK,106338.98,16052.16,2238.78,48717.95,2019,PT,124629.92002929687,False,Medium
2566,Employee_2566,SENIOR CLERK,109804.84,12927.69,227.94,37493.98,2022,FT,122960.4700024414,False,Medium
2567,Employee_2567,ANIMAL CARE ATTENDANT,54629.08,8831.47,678.9,16426.91,2020,FT,64139.450024414065,False,Standard
2568,Employee_2568,HEAD LIBRARIAN,90209.27,0.0,2868.08,33903.32,2020,FT,93077.350078125,True,Medium
2569,Employee_2569,GENERAL LABORER,25492.74,0.0,4434.48,10083.23,2020,FT,29927.21998046875,False,Standard
2572,Employee_2572,ACCOUNTANT INTERN,71483.32,2760.79,348.69,26907.65,2022,PT,74592.8000024414,False,Standard
2573,Employee_2573,SENIOR ENGINEER,66420.05,0.0,1593.39,18748.58,2020,FT,68013.44001464844,False,Standard
2575,Employee_2575,ANIMAL CARE ATTENDANT,45493.39,4816.65,5276.56,15344.52,2022,FT,55586.60005859375,False,Standard
2577,Employee_2577,DEPUTY SHERIFF,78514.29,0.0,2400.71,,2021,FT,80914.9999609375,False,Medium
2578,Employee_2578,SENIOR CLERK,101461.5,3037.09,2964.53,39479.39,2023,FT,107463.12002929687,False,Medium
2579,Employee_2579,CHIEF INVESTMENT OFFICER,126445.0,1778.93,699.72,48886.28,2021,FT,128923.64997070312,True,Medium
2581,Employee_2581,ELECTRICAL TRANSIT SYSTEM MECHANIC,57600.93,0.0,4226.03,,2021,FT,61826.95978515625,False,Standard
2582,Employee_2582,SENIOR CLERK,80410.03,0.0,6028.98,27169.68,2023,FT,86439.00998046875,False,Medium
2583,Employee_2583,CUSTODIAN,61934.09,7417.41,3498.99,27323.94,2022,FT,72850.48999023438,False,Standard
2585,Employee_2585,GENERAL LABORER,98510.83,4019.71,496.15,35357.89,2021,PT,103026.68999389649,False,Medium
2587,Employee_2587,GENERAL LABORER,50249.64,6425.29,6234.22,19937.39,2020,FT,62909.15021484375,False,Standard
2588,Employee_2588,CUSTODIAN,83568.06,0.0,1641.68,26024.53,2023,PT,85209.74005371094,False,Medium
2589,Employee_2589,CHIEF INVESTMENT OFFICER,149050.89,1507.54,2403.78,53505.91,2023,FT,152962.2100292969,True,High
2590,Employee_2590,GENERAL LABORER,53878.65,0.0,61.46,15074.78,2023,FT,53940.109999084474,False,Standard
2591,Employee_2591,SPECIAL NURSE,86977.32,1350.53,2404.35,28205.26,2019,PT,90732.20009765626,False,Medium
2592,Employee_2592,GENERAL LABORER,66792.47,13306.43,21.71,,2021,FT,80120.60999908447,False,Medium
2593,Employee_2593,ASSISTANT DEPUTY CHIEF 2,75241.67,2054.64,1764.37,26245.53,2021,FT,79060.67999511719,True,Medium
2594,Employee_2594,SPECIAL NURSE,79104.05,3680.89,7430.99,34679.6,2022,FT,90215.930234375,False,Medium
2595,Employee_2595,CUSTODIAN,74339.24,0.0,1713.16,21665.74,2023,PT,76052.4000341797,False,Medium
2596,Employee_2596,POLICE OFFICER 3,65446.45,2831.44,1144.07,21936.33,2020,PT,69421.95994628906,False,Standard
2597,Employee_2597,CHIEF OF POLICE,124651.69,7336.94,2099.12,43586.89,2021,FT,134087.7501171875,True,Medium
2599,Employee_2599,CHIEF INVESTMENT OFFICER,147964.7,8388.41,282.69,55241.38,2022,FT,156635.80000244142,True,High
2600,Employee_2600,ELECTRICAL TRANSIT SYSTEM MECHANIC,69130.99,0.0,2739.81,19570.99,2022,FT,71870.80005859376,False,Standard
2601,Employee_2601,SOCIAL WORKER,73328.98,5163.04,2858.51,26675.66,2020,FT,81350.53000976561,False,Medium
2602,Employee_2602,FIREFIGHTER,77142.84,0.0,4070.75,,2023,FT,81213.59,False,Medium
2603,Employee_2603,ANIMAL CARE ATTENDANT,46908.29,0.0,1180.49,16560.8,2019,FT,48088.779990234376,False,Standard
2604,Employee_2604,ASSISTANT DEPUTY CHIEF 2,93805.81,0.0,2138.89,35934.86,2021,PT,95944.69989257812,True,Medium
2605,Employee_2605,SENIOR ENGINEER,33541.44,0.0,985.09,8735.2,2022,PT,34526.53002685547,False,Standard
2606,Employee_2606,SENIOR ENGINEER,105683.3,11264.09,7155.17,39531.68,2019,FT,124102.559921875,False,Medium
2607,Employee_2607,ASSISTANT DEPUTY CHIEF 2,82360.44,5823.51,2514.47,29377.72,2021,PT,90698.41997070312,True,Medium
2609,Employee_2609,ASSISTANT DEPUTY CHIEF 2,139355.58,1215.06,3682.23,37680.0,2022,FT,144252.86998046873,True,Medium
2610,Employee_2610,RECREATION LEADER,82047.06,2436.93,6276.22,28217.63,2019,FT,90760.21021484374,False,Medium
2611,Employee_2611,CHIEF INVESTMENT OFFICER,82655.39,9687.1,1373.61,34470.86,2020,FT,93716.09998535157,True,Medium
2612,Employee_2612,ACCOUNTANT INTERN,68696.77,12923.0,3036.51,27921.48,2020,FT,84656.28000976563,False,Medium
2613,Employee_2613,POLICE OFFICER 3,103405.61,625.2,5655.93,39758.91,2022,FT,109686.74017578125,False,Medium
2614,Employee_2614,DIRECTOR OF PUBLIC WORKS,177286.7,0.0,4714.88,55437.95,2020,FT,182001.5798828125,True,High
2615,Employee_2615,REGISTERED NURSE,89746.46,0.0,3592.98,36216.93,2021,FT,93339.43998046876,False,Medium
2616,Employee_2616,ASSISTANT MEDICAL EXAMINER,76749.86,4577.57,1016.2,,2022,FT,82343.63001220702,False,Medium
2617,Employee_2617,CHIEF INVESTMENT OFFICER,89816.17,14940.17,1523.67,28023.35,2022,FT,106280.01004394531,True,Medium
2618,Employee_2618,SPECIAL NURSE,84372.43,5241.14,5412.99,31289.67,2019,FT,95026.56023437499,False,Medium
2619,Employee_2619,HEAD LIBRARIAN,100259.36,0.0,6037.73,,2023,FT,106297.08998046875,True,Medium
2620,Employee_2620,ACCOUNTANT INTERN,81210.57,0.0,221.41,28156.75,2019,PT,81431.98000366212,False,Medium
2621,Employee_2621,RECREATION LEADER,57343.13,9655.33,231.28,19117.34,2019,FT,67229.73999877929,False,Standard
2622,Employee_2622,ELECTRICAL TRANSIT SYSTEM MECHANIC,66541.34,0.0,712.4,19093.62,2019,FT,67253.74002441406,False,Standard
2623,Employee_2623,REGISTERED NURSE,73282.95,2210.01,4489.1,,2020,FT,79982.06009765624,False,Medium
2624,Employee_2624,ACCOUNTANT INTERN,74925.56,1885.3,788.43,22795.94,2023,FT,77599.28999267578,False,Medium
2625,Employee_2625,ACCOUNTANT INTERN,79874.45,0.0,4452.81,30281.39,2020,FT,84327.26005859375,False,Medium
2626,Employee_2626,DIRECTOR OF PUBLIC WORKS,99307.37,0.0,3637.07,35629.69,2022,FT,102944.44006835937,True,Medium
2627,Employee_2627,CHIEF INVESTMENT OFFICER,77641.76,0.0,364.72,20476.63,2021,FT,78006.4800012207,True,Medium
2628,Employee_2628,TRANSIT OPERATOR,102495.7,10057.25,6691.58,42530.88,2019,FT,119244.530078125,False,Medium
2629,Employee_2629,DIRECTOR OF PUBLIC WORKS,203634.64,0.0,2386.78,,2021,FT,206021.4200292969,True,High
2630,Employee_2630,TRANSIT OPERATOR,78948.41,1302.15,6978.6,32492.6,2019,PT,87229.16009765625,False,Medium
2631,Employee_2631,ACCOUNTANT INTERN,43520.16,0.0,2956.66,11680.99,2021,FT,46476.81991210938,False,Standard
2632,Employee_2632,ASSISTANT MEDICAL EXAMINER,54536.1,0.0,4220.4,19445.88,2021,FT,58756.49990234375,False,Standard
2633,Employee_2633,ACCOUNTANT INTERN,80182.35,0.0,6775.64,33652.79,2021,FT,86957.99013671876,False,Medium
2634,Employee_2634,ASSISTANT DEPUTY CHIEF 2,174280.16,0.0,4916.64,60892.66,2020,FT,179196.80013671875,True,High
2635,Employee_2635,SPECIAL NURSE,45742.19,0.0,715.36,13637.56,2022,FT,46457.549985351565,False,Standard
2636,Employee_2636,TRANSIT OPERATOR,67513.34,1801.26,894.16,,2021,FT,70208.75997314452,False,Standard
2637,Employee_2637,GENERAL LABORER,73918.64,0.0,2707.2,27029.16,2020,FT,76625.83995117187,False,Medium
2639,Employee_2639,POLICE OFFICER 3,63127.98,6730.36,770.15,27325.3,2019,FT,70628.49002441406,False,Standard
2640,Employee_2640,RECREATION LEADER,38723.71,7805.84,1790.77,18644.76,2023,FT,48320.32001953125,False,Standard
2641,Employee_2641,DEPUTY SHERIFF,82423.95,2069.46,2803.76,26267.02,2022,FT,87297.17000976563,False,Medium
2642,Employee_2642,CHIEF OF POLICE,166492.65,0.0,2913.68,57696.67,2020,FT,169406.32993164062,True,High
2643,Employee_2643,FIREFIGHTER,68348.17,6514.12,944.65,20106.11,2022,FT,75806.94002441406,False,Medium
2644,Employee_2644,SENIOR CLERK,101536.24,0.0,4984.91,28139.63,2022,FT,106521.15015625,False,Medium
2645,Employee_2645,SENIOR CLERK,78663.23,4190.38,3392.63,22486.14,2022,PT,86246.2398828125,False,Medium
2647,Employee_2647,ASSISTANT DEPUTY CHIEF 2,162951.32,14040.6,2054.92,48855.59,2023,PT,179046.839921875,True,High
2648,Employee_2648,ANIMAL CARE ATTENDANT,77749.92,0.0,672.59,27482.81,2023,FT,78422.51002685547,False,Medium
2649,Employee_2649,ACCOUNTANT INTERN,79807.37,5790.46,1814.01,27531.31,2023,FT,87411.84000976563,False,Medium
2650,Employee_2650,CUSTODIAN,100042.3,0.0,285.43,29969.46,2023,FT,100327.72999267578,False,Medium
2651,Employee_2651,SOCIAL WORKER,48903.15,3158.82,259.28,17300.52,2023,PT,52321.2499987793,False,Standard
2652,Employee_2652,SOCIAL WORKER,58959.47,3319.18,167.97,15637.8,2022,FT,62446.620001220705,False,Standard
2653,Employee_2653,CHIEF INVESTMENT OFFICER,131685.6,11369.75,177.58,43975.72,2019,FT,143232.93000183106,True,Medium
2654,Employee_2654,GENERAL LABORER,58713.74,0.0,5131.73,20551.96,2021,FT,63845.46998046875,False,Standard
2655,Employee_2655,RECREATION LEADER,85662.73,0.0,4310.35,33334.64,2020,FT,89973.08009765625,False,Medium
2656,Employee_2656,ASSISTANT DEPUTY CHIEF 2,119253.63,0.0,797.09,42635.35,2020,FT,120050.72002685547,True,Medium
2657,Employee_2657,SPECIAL NURSE,50149.34,9462.25,1583.18,23098.84,2023,FT,61194.770053710934,False,Standard
2658,Employee_2658,DEPUTY SHERIFF,71315.43,517.67,1528.17,22481.17,2023,FT,73361.2700439453,False,Standard
2659,Employee_2659,ASSISTANT MEDICAL EXAMINER,73406.78,943.35,8465.86,22454.38,2021,FT,82815.9903515625,False,Medium
2660,Employee_2660,POLICE OFFICER 3,88693.64,4469.92,1083.12,29231.41,2022,FT,94246.67999511719,False,Medium
2661,Employee_2661,SENIOR CLERK,101221.66,2783.03,1516.33,41623.71,2019,FT,105521.01995605469,False,Medium
2662,Employee_2662,ANIMAL CARE ATTENDANT,79222.93,3151.17,2266.16,23881.18,2020,PT,84640.25991210937,False,Medium
2663,Employee_2663,POLICE OFFICER 3,76405.83,2951.68,1674.07,22382.0,2023,FT,81031.57994628906,False,Medium
2664,Employee_2664,CHIEF OF POLICE,119223.99,4134.44,625.37,48558.33,2021,FT,123983.7999951172,True,Medium
2665,Employee_2665,FIREFIGHTER,55675.62,0.0,5465.24,23997.08,2021,FT,61140.860234375,False,Standard
2666,Employee_2666,ASSISTANT DEPUTY CHIEF 2,136398.18,0.0,3363.38,39402.62,2021,FT,139761.5598828125,True,Medium
2667,Employee_2667,DEPUTY SHERIFF,63337.5,2293.89,4537.42,25640.94,2020,FT,70168.809921875,False,Standard
2668,Employee_2668,CHIEF INVESTMENT OFFICER,186833.61,6410.49,3768.14,61952.74,2023,FT,197012.2398925781,True,High
2669,Employee_2669,SPECIAL NURSE,96843.65,8956.74,4681.84,,2022,FT,110482.22984375,False,Medium
2670,Employee_2670,CHIEF INVESTMENT OFFICER,148782.21,663.84,6753.22,50734.03,2022,FT,156199.27021484374,True,High
2671,Employee_2671,ANIMAL CARE ATTENDANT,77569.34,3643.58,5993.13,34468.69,2020,FT,87206.0498828125,False,Medium
2672,Employee_2672,RECREATION LEADER,68240.82,10971.44,8974.41,24489.36,2022,PT,88186.67015625001,False,Medium
2673,Employee_2673,RECREATION LEADER,44777.53,2616.56,5652.02,19412.73,2023,FT,53046.11001953125,False,Standard
2674,Employee_2674,POLICE OFFICER 3,65676.56,0.0,8.34,16477.13,2022,FT,65684.90000015259,False,Standard
2675,Employee_2675,ACCOUNTANT INTERN,72028.0,0.0,4541.94,26362.38,2021,PT,76569.93994140625,False,Medium
2676,Employee_2676,DIRECTOR OF PUBLIC WORKS,126801.52,1927.81,4131.31,46222.44,2020,PT,132860.64005859377,True,Medium
2677,Employee_2677,CHIEF INVESTMENT OFFICER,142903.31,1701.14,7760.88,55317.14,2021,FT,152365.3298828125,True,High
2678,Employee_2678,SOCIAL WORKER,88426.6,0.0,901.48,34739.19,2020,FT,89328.07998046876,False,Medium
2679,Employee_2679,DIRECTOR OF PUBLIC WORKS,95466.76,979.9,3673.85,36351.28,2022,FT,100120.51009765624,True,Medium
2680,Employee_2680,GENERAL LABORER,56338.49,994.95,43.21,20645.36,2019,PT,57376.64999908447,False,Standard
2681,Employee_2681,REGISTERED NURSE,99017.13,1775.51,3537.64,30054.23,2019,FT,104330.27989257812,False,Medium
2682,Employee_2682,REGISTERED NURSE,85419.63,0.0,1355.76,34616.96,2022,PT,86775.39000976563,False,Medium
2683,Employee_2683,ELECTRICAL TRANSIT SYSTEM MECHANIC,62184.58,2029.35,3438.41,21666.43,2020,FT,67652.33991210937,False,Standard
2684,Employee_2684,RECREATION LEADER,67855.78,0.0,2231.01,21910.36,2021,FT,70086.79000976562,False,Standard
2685,Employee_2685,CHIEF OF POLICE,122302.3,0.0,4379.68,41207.32,2021,PT,126681.98017578125,True,Medium
2686,Employee_2686,CHIEF OF POLICE,127136.67,0.0,2618.18,40108.32,2021,FT,129754.84993164062,True,Medium
2687,Employee_2687,DEPUTY SHERIFF,79453.66,0.0,2456.58,27771.31,2022,FT,81910.240078125,False,Medium
2688,Employee_2688,ASSISTANT DEPUTY CHIEF 2,217259.74,0.0,7850.68,68083.23,2020,FT,225110.42017578124,True,High
2689,Employee_2689,HEAD LIBRARIAN,110692.7,11854.37,852.55,35291.27,2022,FT,123399.61998779296,True,Medium
2690,Employee_2690,CHIEF INVESTMENT OFFICER,149853.53,2873.75,3026.8,60619.37,2020,FT,155754.08004882812,True,High
2691,Employee_2691,SENIOR ENGINEER,47151.61,0.0,2300.81,19245.61,2020,FT,49452.42005859375,False,Standard
2692,Employee_2692,DIRECTOR OF PUBLIC WORKS,102513.4,2609.41,2594.12,34947.34,2021,FT,107716.9301171875,True,Medium
2693,Employee_2693,ACCOUNTANT INTERN,94576.3,8604.05,8665.41,44103.26,2023,FT,111845.76015625,False,Medium
2695,Employee_2695,ACCOUNTANT INTERN,20000.0,3108.18,298.16,7211.65,2021,FT,23406.34000366211,False,Standard
2696,Employee_2696,GENERAL LABORER,83480.46,0.0,7612.71,35301.88,2019,FT,91093.1699609375,False,Medium
2697,Employee_2697,REGISTERED NURSE,108363.29,12402.83,1076.93,42028.24,2019,FT,121843.05005371093,False,Medium
2698,Employee_2698,ELECTRICAL TRANSIT SYSTEM MECHANIC,30081.85,5086.03,2815.53,13840.3,2022,FT,37983.41002929687,False,Standard
2699,Employee_2699,REGISTERED NURSE,100387.75,12978.93,222.53,35429.79,2022,PT,113589.20999877929,False,Medium
2700,Employee_2700,REGISTERED NURSE,20000.0,492.4,1739.76,6915.32,2020,PT,22232.160009765626,False,Standard
2701,Employee_2701,SOCIAL WORKER,88759.98,10287.11,3399.9,26891.88,2022,PT,102446.98990234375,False,Medium
2703,Employee_2703,FIREFIGHTER,23000.58,5351.97,1789.35,8566.14,2020,FT,30141.89997558594,False,Standard
2704,Employee_2704,RECREATION LEADER,78922.76,5300.1,5541.58,29096.25,2021,FT,89764.440078125,False,Medium
2705,Employee_2705,SPECIAL NURSE,93016.79,0.0,3888.2,25892.19,2020,FT,96904.98995117187,False,Medium
2707,Employee_2707,ASSISTANT MEDICAL EXAMINER,81696.55,0.0,679.63,25423.87,2021,FT,82376.18000488282,False,Medium
2708,Employee_2708,CUSTODIAN,61766.48,0.0,4654.8,24253.68,2020,FT,66421.27980468751,False,Standard
2709,Employee_2709,SENIOR ENGINEER,42603.87,0.0,6173.7,16060.35,2021,PT,48777.5701953125,False,Standard
2710,Employee_2710,SOCIAL WORKER,83837.28,497.18,3183.71,23579.31,2022,FT,87518.16996093749,False,Medium
2712,Employee_2712,TRANSIT OPERATOR,92591.62,0.0,1794.08,26604.24,2023,PT,94385.69995605468,False,Medium
2713,Employee_2713,ACCOUNTANT INTERN,30242.48,0.0,5163.31,12698.36,2021,PT,35405.790058593746,False,Standard
2714,Employee_2714,CHIEF OF POLICE,71463.8,3213.38,7342.49,30698.09,2022,FT,82019.67023437501,True,Medium
2715,Employee_2715,CHIEF OF POLICE,95545.16,7337.07,2968.86,31882.38,2023,FT,105851.09010742189,True,Medium
2716,Employee_2716,SENIOR CLERK,49582.64,1261.65,216.93,16870.05,2021,PT,51061.21999267578,False,Standard
2717,Employee_2717,SENIOR CLERK,92148.94,2386.89,1514.02,,2019,FT,96049.85001953125,False,Medium
2718,Employee_2718,ASSISTANT MEDICAL EXAMINER,77868.32,3399.28,738.74,31331.87,2022,FT,82006.33999023438,False,Medium
2722,Employee_2722,ASSISTANT MEDICAL EXAMINER,59036.82,3175.27,5011.81,21213.7,2021,FT,67223.90005859375,False,Standard
2723,Employee_2723,REGISTERED NURSE,66549.56,0.0,3112.71,27765.7,2022,FT,69662.2699609375,False,Standard
2725,Employee_2725,ANIMAL CARE ATTENDANT,63354.76,0.0,497.92,22384.88,2020,FT,63852.68001342774,False,Standard
2726,Employee_2726,DIRECTOR OF PUBLIC WORKS,119251.09,0.0,311.48,46723.2,2020,FT,119562.57001098632,True,Medium
2727,Employee_2727,REGISTERED NURSE,73374.95,0.0,1440.59,27381.03,2021,FT,74815.53996582031,False,Standard
2728,Employee_2728,TRANSIT OPERATOR,77577.54,1791.18,7384.14,29611.27,2019,PT,86752.86013671874,False,Medium
2729,Employee_2729,DIRECTOR OF PUBLIC WORKS,127304.22,5761.96,7864.7,45944.28,2021,FT,140930.8801953125,True,Medium
2730,Employee_2730,SENIOR CLERK,84127.06,0.0,4509.8,34508.29,2021,FT,88636.8598046875,False,Medium
2731,Employee_2731,CHIEF INVESTMENT OFFICER,136303.02,7614.52,2356.29,45229.33,2023,FT,146273.83003906248,True,Medium
2732,Employee_2732,CHIEF OF POLICE,162073.15,0.0,2084.96,63232.12,2019,FT,164158.1099609375,True,High
2733,Employee_2733,ACCOUNTANT INTERN,68090.04,11634.73,2660.02,25923.03,2023,PT,82384.79001953124,False,Medium
2734,Employee_2734,FIREFIGHTER,76351.9,0.0,370.02,27887.02,2021,FT,76721.91998901367,False,Medium
2735,Employee_2735,SENIOR CLERK,86159.55,0.0,6891.57,36044.01,2022,FT,93051.11982421875,False,Medium
2736,Employee_2736,REGISTERED NURSE,57064.82,1537.26,2818.32,20428.21,2021,FT,61420.40006835938,False,Standard
2737,Employee_2737,DIRECTOR OF PUBLIC WORKS,136777.91,0.0,3153.45,42737.46,2020,FT,139931.35995117188,True,Medium
2738,Employee_2738,POLICE OFFICER 3,58895.48,8504.2,622.72,17525.84,2023,FT,68022.39997070313,False,Standard
2740,Employee_2740,GENERAL LABORER,70565.11,13047.52,3998.2,30076.93,2019,FT,87610.82995117188,False,Medium
2741,Employee_2741,POLICE OFFICER 3,63921.31,0.0,5065.91,19968.82,2022,FT,68987.22015625,False,Standard
2742,Employee_2742,REGISTERED NURSE,63437.14,0.0,1817.93,24902.1,2022,FT,65255.07005371094,False,Standard
2744,Employee_2744,ACCOUNTANT INTERN,37083.98,0.0,12.59,14210.77,2021,PT,37096.57000015259,False,Standard
2745,Employee_2745,FIREFIGHTER,77657.9,2040.99,2736.62,28046.84,2019,FT,82435.5101171875,False,Medium
2746,Employee_2746,ELECTRICAL TRANSIT SYSTEM MECHANIC,74630.94,0.0,5006.62,31575.28,2019,FT,79637.5601171875,False,Medium
2747,Employee_2747,FIREFIGHTER,86993.41,5327.38,2996.3,36336.86,2021,FT,95317.09004882813,False,Medium
2748,Employee_2748,ANIMAL CARE ATTENDANT,59370.86,0.0,411.97,15880.65,2020,PT,59782.830001220704,False,Standard
2750,Employee_2750,CHIEF INVESTMENT OFFICER,112329.51,12380.02,5046.97,43120.8,2019,PT,129756.50021484375,True,Medium
2751,Employee_2751,DEPUTY SHERIFF,52497.81,0.0,1275.53,20864.35,2023,PT,53773.34002929687,False,Standard
2752,Employee_2752,SPECIAL NURSE,50126.3,0.0,832.95,18551.78,2020,FT,50959.250012207034,False,Standard
2753,Employee_2753,DIRECTOR OF PUBLIC WORKS,60046.64,0.0,3804.77,22165.06,2019,FT,63851.41001953125,True,Standard
2754,Employee_2754,HEAD LIBRARIAN,150978.84,0.0,682.57,45346.89,2020,FT,151661.41000732422,True,High
2755,Employee_2755,CHIEF INVESTMENT OFFICER,175358.43,0.0,2359.17,45149.96,2019,PT,177717.599921875,True,High
2756,Employee_2756,SOCIAL WORKER,82014.9,1763.52,6052.46,26186.64,2021,FT,89830.8799609375,False,Medium
2757,Employee_2757,SOCIAL WORKER,52078.22,0.0,1298.8,18835.31,2020,FT,53377.020048828126,False,Standard
2758,Employee_2758,HEAD LIBRARIAN,159338.03,1683.5,1401.71,61634.3,2021,FT,162423.2399609375,True,High
2759,Employee_2759,GENERAL LABORER,62965.62,2212.14,141.44,16352.79,2021,FT,65319.20000244141,False,Standard
2760,Employee_2760,SENIOR CLERK,84005.33,0.0,1106.95,23933.24,2019,PT,85112.27995117188,False,Medium
2761,Employee_2761,REGISTERED NURSE,98745.18,0.0,653.86,34885.1,2019,FT,99399.03998535156,False,Medium
2762,Employee_2762,SENIOR CLERK,108131.68,8868.49,4142.84,35439.81,2019,PT,121143.00984375,False,Medium
2763,Employee_2763,GENERAL LABORER,114022.06,7847.93,2332.47,33690.59,2019,FT,124202.45997070312,False,Medium
2764,Employee_2764,TRANSIT OPERATOR,74974.45,10999.4,4950.96,23848.71,2019,FT,90924.80996093749,False,Medium
2766,Employee_2766,ASSISTANT DEPUTY CHIEF 2,103975.02,11215.17,8399.07,41925.06,2021,PT,123589.2603125,True,Medium
2767,Employee_2767,GENERAL LABORER,33060.08,4183.98,3713.95,15514.57,2020,PT,40958.00995117187,False,Standard
2768,Employee_2768,CHIEF INVESTMENT OFFICER,115970.55,4330.31,2755.4,36575.48,2020,FT,123056.25990234375,True,Medium
2769,Employee_2769,CHIEF OF POLICE,167205.36,3282.81,7259.25,48082.06,2021,FT,177747.41999999998,True,High
2770,Employee_2770,CHIEF INVESTMENT OFFICER,147558.03,0.0,3422.13,55843.52,2021,PT,150980.1598828125,True,High
2771,Employee_2771,HEAD LIBRARIAN,105609.24,11214.27,3024.16,47726.68,2020,PT,119847.66991210938,True,Medium
2772,Employee_2772,TRANSIT OPERATOR,50101.31,387.15,3293.83,16352.96,2020,PT,53782.290078125,False,Standard
2773,Employee_2773,FIREFIGHTER,74537.46,1139.84,3713.62,30152.87,2021,PT,79390.9201171875,False,Medium
2774,Employee_2774,ASSISTANT MEDICAL EXAMINER,90256.27,2703.89,2899.3,34929.44,2019,FT,95859.46004882813,False,Medium
2775,Employee_2775,ASSISTANT DEPUTY CHIEF 2,141505.89,7436.97,897.71,57949.01,2021,FT,149840.57002197267,True,Medium
2777,Employee_2777,CHIEF OF POLICE,97309.52,799.5,3982.03,27074.06,2020,FT,102091.05002929688,True,Medium
2778,Employee_2778,SOCIAL WORKER,87343.64,4072.37,6285.29,26159.86,2019,PT,97701.3000390625,False,Medium
2779,Employee_2779,ELECTRICAL TRANSIT SYSTEM MECHANIC,20000.0,569.67,7292.72,10155.28,2022,FT,27862.39021484375,False,Standard
2781,Employee_2781,CUSTODIAN,121406.44,0.0,1682.65,39210.34,2019,PT,123089.09002441406,False,Medium
2782,Employee_2782,ACCOUNTANT INTERN,39832.53,0.0,7317.57,12208.84,2019,FT,47150.09982421875,False,Standard
2783,Employee_2783,SENIOR ENGINEER,84724.39,0.0,1054.45,22303.01,2023,PT,85778.83995117187,False,Medium
2784,Employee_2784,RECREATION LEADER,69841.78,488.72,3013.89,24921.69,2023,FT,73344.38989257812,False,Standard
2785,Employee_2785,ACCOUNTANT INTERN,60748.34,12519.73,1229.8,28889.8,2021,FT,74497.87004882812,False,Standard
2786,Employee_2786,REGISTERED NURSE,90727.48,12421.64,708.12,32189.26,2022,PT,103857.23999511718,False,Medium
2787,Employee_2787,DEPUTY SHERIFF,79449.02,4336.07,4292.9,30615.29,2022,FT,88077.98990234375,False,Medium
2788,Employee_2788,SPECIAL NURSE,73046.01,4991.3,2733.38,26759.42,2022,FT,80770.6898828125,False,Medium
2789,Employee_2789,TRANSIT OPERATOR,85945.45,0.0,3539.72,34314.31,2021,FT,89485.16997070312,False,Medium
2791,Employee_2791,ACCOUNTANT INTERN,133597.29,2056.68,1477.78,38383.49,2022,FT,137131.75002929688,False,Medium
2792,Employee_2792,POLICE OFFICER 3,73026.94,9736.77,308.6,29210.84,2019,PT,83072.31000610352,False,Medium
2793,Employee_2793,SENIOR ENGINEER,96077.33,8213.82,1402.79,39859.88,2020,FT,105693.9400390625,False,Medium
2794,Employee_2794,ASSISTANT DEPUTY CHIEF 2,64423.15,11865.63,1643.71,30357.62,2023,FT,77932.4899609375,True,Medium
2795,Employee_2795,SPECIAL NURSE,59130.99,0.0,7532.91,22565.0,2021,PT,66663.90015624999,False,Standard
2796,Employee_2796,ACCOUNTANT INTERN,92947.55,5910.84,1221.83,27660.84,2020,FT,100080.21995605469,False,Medium
2797,Employee_2797,SOCIAL WORKER,43290.86,3115.22,4376.79,16948.01,2023,PT,50782.8700390625,False,Standard
2798,Employee_2798,ASSISTANT DEPUTY CHIEF 2,48327.94,7998.01,6185.27,21870.98,2022,PT,62511.220019531254,True,Standard
2800,Employee_2800,ELECTRICAL TRANSIT SYSTEM MECHANIC,97414.89,0.0,1606.97,39207.73,2021,PT,99021.85997070312,False,Medium
2801,Employee_2801,ANIMAL CARE ATTENDANT,70847.62,0.0,688.35,20344.75,2019,FT,71535.96997558593,False,Standard
2802,Employee_2802,SENIOR CLERK,82260.76,2494.07,840.78,33100.07,2020,PT,85595.61002929688,False,Medium
2803,Employee_2803,CHIEF INVESTMENT OFFICER,59094.43,0.0,7814.14,20994.38,2021,FT,66908.57013671874,True,Standard
2804,Employee_2804,SPECIAL NURSE,79045.08,8742.58,2155.53,22493.27,2023,FT,89943.19002929688,False,Medium
2805,Employee_2805,POLICE OFFICER 3,83225.5,12938.22,3213.25,,2020,FT,99376.97,False,Medium
2806,Employee_2806,CHIEF INVESTMENT OFFICER,61857.63,659.99,2983.22,22548.2,2019,PT,65500.83997070312,True,Standard
2807,Employee_2807,CUSTODIAN,92690.65,7321.24,5618.52,40182.28,2021,FT,105630.41001953125,False,Medium
2808,Employee_2808,CUSTODIAN,85313.91,6593.1,2469.3,31246.53,2023,FT,94376.31004882813,False,Medium
2809,Employee_2809,ANIMAL CARE ATTENDANT,92646.32,0.0,704.78,24655.84,2021,FT,93351.10002929688,False,Medium
2810,Employee_2810,POLICE OFFICER 3,81670.5,5159.57,973.22,34157.41,2020,FT,87803.28997070313,False,Medium
2811,Employee_2811,CHIEF OF POLICE,149532.58,3809.58,751.96,51591.21,2022,PT,154094.12002197263,True,High
2812,Employee_2812,CUSTODIAN,80414.42,685.89,6564.97,25486.9,2022,FT,87665.28021484375,False,Medium
2813,Employee_2813,FIREFIGHTER,87369.45,8834.03,1785.01,37708.79,2020,PT,97988.49000976562,False,Medium
2814,Employee_2814,CHIEF INVESTMENT OFFICER,60524.72,0.0,3036.17,,2023,PT,63560.889921875,True,Standard
2815,Employee_2815,FIREFIGHTER,39978.81,6206.22,3152.4,13055.79,2021,FT,49337.42990234375,False,Standard
2816,Employee_2816,SPECIAL NURSE,55279.84,0.0,2423.11,,2019,FT,57702.95010742187,False,Standard
2817,Employee_2817,ASSISTANT MEDICAL EXAMINER,67403.6,9141.41,653.31,26535.58,2021,FT,77198.3199975586,False,Medium
2818,Employee_2818,SOCIAL WORKER,77762.74,0.0,1061.22,25747.36,2023,FT,78823.95997070313,False,Medium
2819,Employee_2819,REGISTERED NURSE,76493.63,3985.95,1191.68,31798.61,2020,FT,81671.26005371094,False,Medium
2820,Employee_2820,ASSISTANT MEDICAL EXAMINER,92342.12,0.0,5259.9,28248.28,2021,FT,97602.01990234375,False,Medium
2821,Employee_2821,ASSISTANT DEPUTY CHIEF 2,167345.83,0.0,2742.54,67786.21,2022,PT,170088.3700390625,True,High
2822,Employee_2822,RECREATION LEADER,52552.3,0.0,3435.93,14159.56,2022,FT,55988.22993164063,False,Standard
2823,Employee_2823,REGISTERED NURSE,74771.52,1120.59,2734.28,21054.58,2023,FT,78626.39002929688,False,Medium
2824,Employee_2824,CHIEF INVESTMENT OFFICER,95478.06,0.0,2983.07,27357.57,2019,FT,98461.13006835937,True,Medium
2825,Employee_2825,HEAD LIBRARIAN,99352.59,0.0,594.82,,2021,PT,99947.41000732422,True,Medium
2826,Employee_2826,RECREATION LEADER,76435.83,0.0,1382.51,,2021,FT,77818.34000976563,False,Medium
2827,Employee_2827,GENERAL LABORER,20000.0,140.63,5494.74,9736.46,2019,PT,25635.370234375,False,Standard
2828,Employee_2828,ACCOUNTANT INTERN,118224.88,0.0,6243.77,46440.98,2022,FT,124468.65001953125,False,Medium
2830,Employee_2830,REGISTERED NURSE,58085.93,0.0,1375.22,14931.37,2021,FT,59461.149970703125,False,Standard
2831,Employee_2831,ACCOUNTANT INTERN,108547.4,0.0,4517.86,42948.51,2020,FT,113065.25986328124,False,Medium
2832,Employee_2832,ANIMAL CARE ATTENDANT,63051.38,0.0,7646.24,21879.14,2019,FT,70697.620234375,False,Standard
2833,Employee_2833,CUSTODIAN,72650.39,0.0,7345.88,28778.31,2023,FT,79996.2698828125,False,Medium
2834,Employee_2834,ASSISTANT DEPUTY CHIEF 2,108463.83,6608.73,387.27,41454.44,2020,PT,115459.82998901367,True,Medium
2835,Employee_2835,ELECTRICAL TRANSIT SYSTEM MECHANIC,103039.84,0.0,5825.14,30115.12,2020,FT,108864.98013671875,False,Medium
2836,Employee_2836,ASSISTANT DEPUTY CHIEF 2,122220.55,967.15,2175.91,41032.67,2023,FT,125363.60991210937,True,Medium
2837,Employee_2837,CHIEF INVESTMENT OFFICER,131381.43,3989.9,5133.25,,2023,FT,140504.58,True,Medium
2838,Employee_2838,SOCIAL WORKER,94075.64,0.0,4364.84,28494.32,2019,FT,98440.47984375,False,Medium
2839,Employee_2839,FIREFIGHTER,81702.79,9757.28,1791.89,33314.65,2020,PT,93251.96001464843,False,Medium
2840,Employee_2840,CHIEF INVESTMENT OFFICER,124043.47,0.0,3649.92,50273.87,2022,FT,127693.389921875,True,Medium
2841,Employee_2841,SENIOR CLERK,119870.17,0.0,5017.09,37977.55,2022,PT,124887.25984375,False,Medium
2842,Employee_2842,ASSISTANT MEDICAL EXAMINER,120769.66,0.0,1939.53,37812.23,2023,PT,122709.19002929688,False,Medium
2843,Employee_2843,ANIMAL CARE ATTENDANT,76348.21,0.0,1261.05,,2021,FT,77609.26004882813,False,Medium
2844,Employee_2844,CHIEF OF POLICE,130203.36,0.0,2714.99,49360.01,2019,FT,132918.34999023436,True,Medium
2845,Employee_2845,SENIOR CLERK,95436.3,2909.03,4050.85,32346.21,2023,FT,102396.18009765625,False,Medium
2846,Employee_2846,SENIOR CLERK,125071.17,5800.51,2626.25,43111.41,2019,FT,133497.93,False,Medium
2847,Employee_2847,SOCIAL WORKER,58016.05,4819.45,766.55,18021.49,2019,PT,63602.04998779297,False,Standard
2848,Employee_2848,ELECTRICAL TRANSIT SYSTEM MECHANIC,64433.65,0.0,1022.48,26068.02,2022,FT,65456.12998046875,False,Standard
2849,Employee_2849,DEPUTY SHERIFF,39251.14,6630.43,2463.51,18557.41,2022,FT,48345.080009765625,False,Standard
2850,Employee_2850,GENERAL LABORER,46322.64,0.0,324.09,15861.67,2019,PT,46646.72999633789,False,Standard
2851,Employee_2851,FIREFIGHTER,59644.0,0.0,2008.03,24296.08,2019,FT,61652.030029296875,False,Standard
2852,Employee_2852,ELECTRICAL TRANSIT SYSTEM MECHANIC,68881.26,2058.25,3249.8,,2021,PT,74189.31004882812,False,Standard
2853,Employee_2853,REGISTERED NURSE,105381.67,0.0,6048.27,43888.45,2020,FT,111429.94001953125,False,Medium
2854,Employee_2854,SPECIAL NURSE,80719.86,13841.7,2047.73,26493.2,2022,FT,96609.28998046875,False,Medium
2855,Employee_2855,SENIOR ENGINEER,67285.96,14118.75,1298.06,23472.59,2021,FT,82702.77005859376,False,Medium
2856,Employee_2856,SPECIAL NURSE,55440.39,4178.9,5379.13,24879.92,2021,FT,64998.4198828125,False,Standard
2858,Employee_2858,ANIMAL CARE ATTENDANT,92532.21,0.0,3674.27,29407.79,2020,FT,96206.48001953126,False,Medium
2859,Employee_2859,SENIOR ENGINEER,91731.9,0.0,2632.06,34268.3,2020,PT,94363.96005859374,False,Medium
2861,Employee_2861,FIREFIGHTER,92498.66,0.0,4582.7,29280.78,2021,FT,97081.3601953125,False,Medium
2862,Employee_2862,ACCOUNTANT INTERN,50133.46,0.0,2583.31,16325.28,2021,PT,52716.77005859375,False,Standard
2863,Employee_2863,RECREATION LEADER,77840.61,0.0,1237.36,24613.62,2021,FT,79077.96998535156,False,Medium
2864,Employee_2864,DIRECTOR OF PUBLIC WORKS,196270.41,11267.95,748.58,56018.71,2020,FT,208286.94001708986,True,High
2866,Employee_2866,TRANSIT OPERATOR,54487.81,6740.08,6191.09,22290.71,2021,FT,67418.97984375,False,Standard
2867,Employee_2867,CUSTODIAN,78207.37,1904.63,1691.29,30044.23,2022,PT,81803.2900390625,False,Medium
2868,Employee_2868,POLICE OFFICER 3,60599.83,0.0,6429.43,20970.59,2023,FT,67029.26017578125,False,Standard
2869,Employee_2869,SOCIAL WORKER,42117.68,8896.25,3119.46,16646.18,2023,FT,54133.3899609375,False,Standard
2870,Employee_2870,FIREFIGHTER,84020.72,0.0,3142.07,30295.82,2022,FT,87162.79006835938,False,Medium
2871,Employee_2871,DEPUTY SHERIFF,92356.69,0.0,9215.33,27788.89,2022,FT,101572.020078125,False,Medium
2872,Employee_2872,CHIEF INVESTMENT OFFICER,114807.36,0.0,6958.03,37395.68,2021,FT,121765.38978515625,True,Medium
2873,Employee_2873,RECREATION LEADER,62455.29,13984.7,7035.83,23475.11,2022,PT,83475.820078125,False,Medium
2874,Employee_2874,FIREFIGHTER,50768.69,496.37,392.84,17963.88,2020,FT,51657.899996337896,False,Standard
2876,Employee_2876,CHIEF OF POLICE,105754.74,0.0,1753.35,34098.71,2019,FT,107508.08997558594,True,Medium
2877,Employee_2877,HEAD LIBRARIAN,74669.02,0.0,1317.53,25791.91,2023,FT,75986.55002929688,True,Medium
2878,Employee_2878,ACCOUNTANT INTERN,107843.38,865.8,4477.75,,2020,FT,113186.93000000001,False,Medium
2879,Employee_2879,SOCIAL WORKER,79329.86,0.0,2978.87,29522.72,2022,FT,82308.7301171875,False,Medium
2880,Employee_2880,CHIEF INVESTMENT OFFICER,146606.22,0.0,1250.06,,2019,FT,147856.28005859375,True,Medium
2881,Employee_2881,TRANSIT OPERATOR,87667.99,7188.3,3224.76,34522.74,2019,FT,98081.05000976563,False,Medium
2882,Employee_2882,FIREFIGHTER,85420.72,14553.3,1484.7,30678.93,2023,FT,101458.71995117188,False,Medium
2883,Employee_2883,ASSISTANT DEPUTY CHIEF 2,111128.04,1305.63,7393.1,,2023,FT,119826.77009765625,True,Medium
2884,Employee_2884,SPECIAL NURSE,75451.05,3469.41,3654.72,21344.64,2020,FT,82575.17997070313,False,Medium
2885,Employee_2885,GENERAL LABORER,64619.39,0.0,8839.61,21423.45,2019,FT,73459.0003515625,False,Standard
2886,Employee_2886,POLICE OFFICER 3,78769.27,2965.9,1069.07,22400.81,2023,FT,82804.23994628906,False,Medium
2887,Employee_2887,ACCOUNTANT INTERN,76833.82,0.0,6647.54,25493.85,2023,FT,83481.3600390625,False,Medium
2888,Employee_2888,SPECIAL NURSE,62346.79,8487.1,3408.14,26384.63,2019,PT,74242.02989257812,False,Standard
2889,Employee_2889,POLICE OFFICER 3,43414.03,6519.98,2624.23,18595.37,2022,FT,52558.239980468745,False,Standard
2890,Employee_2890,FIREFIGHTER,72924.74,0.0,105.13,21742.82,2020,FT,73029.86999725342,False,Standard
2891,Employee_2891,POLICE OFFICER 3,65914.61,0.0,656.13,21720.89,2022,FT,66570.74000488281,False,Standard
2892,Employee_2892,ASSISTANT DEPUTY CHIEF 2,57946.6,8568.8,450.51,18918.92,2021,FT,66965.91000976562,True,Standard
2894,Employee_2894,ACCOUNTANT INTERN,89306.84,5225.01,1779.06,31446.69,2020,PT,96310.91005859374,False,Medium
2895,Employee_2895,DEPUTY SHERIFF,120567.13,8197.06,672.72,38209.07,2021,PT,129436.90997070313,False,Medium
2896,Employee_2896,ASSISTANT DEPUTY CHIEF 2,111916.89,6693.64,2348.09,34947.38,2022,FT,120958.62008789062,True,Medium
2897,Employee_2897,HEAD LIBRARIAN,88838.64,0.0,5491.08,37442.88,2019,FT,94329.720078125,True,Medium
2898,Employee_2898,HEAD LIBRARIAN,71717.37,6044.37,2886.05,26659.62,2023,FT,80647.79004882812,True,Medium
2899,Employee_2899,ANIMAL CARE ATTENDANT,74172.84,3294.43,5499.62,27736.79,2022,PT,82966.89011718749,False,Medium
2900,Employee_2900,FIREFIGHTER,74046.36,0.0,2434.53,,2023,FT,76480.89002929688,False,Medium
2901,Employee_2901,CHIEF OF POLICE,96793.33,0.0,701.09,27032.87,2023,FT,97494.42002685547,True,Medium
2902,Employee_2902,ANIMAL CARE ATTENDANT,66501.4,2942.73,4133.01,,2019,FT,73577.13976562499,False,Standard
2903,Employee_2903,SOCIAL WORKER,30426.69,5901.14,3029.57,15542.12,2019,PT,39357.40006835938,False,Standard
2904,Employee_2904,DIRECTOR OF PUBLIC WORKS,150496.81,0.0,583.53,41741.42,2022,FT,151080.34002929687,True,High
2905,Employee_2905,HEAD LIBRARIAN,81879.62,1517.78,4802.21,,2019,FT,88199.6099609375,True,Medium
2907,Employee_2907,HEAD LIBRARIAN,62199.2,7154.89,332.09,22450.54,2021,FT,69686.17999633789,True,Standard
2909,Employee_2909,REGISTERED NURSE,64408.18,0.0,2018.51,22927.43,2022,FT,66426.69000976562,False,Standard
2912,Employee_2912,SPECIAL NURSE,98781.5,11772.81,1209.39,29335.65,2020,FT,111763.70001464844,False,Medium
2913,Employee_2913,SENIOR CLERK,110050.48,0.0,812.76,40862.22,2022,PT,110863.24000976562,False,Medium
2914,Employee_2914,FIREFIGHTER,89243.29,3080.36,5300.03,28492.74,2019,FT,97623.67978515624,False,Medium
2915,Employee_2915,ELECTRICAL TRANSIT SYSTEM MECHANIC,98922.08,0.0,2733.65,37714.32,2021,FT,101655.72990234375,False,Medium
2916,Employee_2916,SENIOR CLERK,105812.4,6345.12,4875.78,44140.05,2019,FT,117033.29978515624,False,Medium
2917,Employee_2917,HEAD LIBRARIAN,103898.78,0.0,3548.21,40548.71,2020,FT,107446.9899609375,True,Medium
2918,Employee_2918,ACCOUNTANT INTERN,90182.24,11402.74,163.26,38664.77,2020,FT,101748.23999450685,False,Medium
2919,Employee_2919,RECREATION LEADER,91460.19,6777.69,2947.42,36195.92,2022,FT,101185.299921875,False,Medium
2921,Employee_2921,CUSTODIAN,40907.45,0.0,13.71,10548.88,2019,PT,40921.160000038144,False,Standard
2922,Employee_2922,ANIMAL CARE ATTENDANT,53170.8,15602.89,245.75,20782.77,2022,FT,69019.44,False,Standard
2923,Employee_2923,REGISTERED NURSE,64502.92,0.0,4943.06,22518.59,2022,FT,69445.98005859375,False,Standard
2924,Employee_2924,ASSISTANT DEPUTY CHIEF 2,154066.36,2887.05,4911.77,47813.86,2023,FT,161865.18001953122,True,High
2925,Employee_2925,ELECTRICAL TRANSIT SYSTEM MECHANIC,69573.07,0.0,8635.64,28259.23,2023,FT,78208.7096484375,False,Medium
2928,Employee_2928,CUSTODIAN,93983.41,0.0,6773.8,31243.4,2021,FT,100757.2098046875,False,Medium
2929,Employee_2929,POLICE OFFICER 3,94110.81,0.0,1303.21,35098.92,2019,FT,95414.0199609375,False,Medium
2930,Employee_2930,HEAD LIBRARIAN,73890.18,0.0,3420.67,27923.13,2020,FT,77310.849921875,True,Medium
2931,Employee_2931,POLICE OFFICER 3,79652.71,2874.65,5722.2,,2023,FT,88249.5601953125,False,Medium
2932,Employee_2932,ASSISTANT MEDICAL EXAMINER,57849.42,16284.44,1823.23,27803.51,2021,FT,75957.08998046875,False,Medium
2933,Employee_2933,POLICE OFFICER 3,37018.67,3853.29,1590.82,12421.9,2020,FT,42462.77994628906,False,Standard
2934,Employee_2934,SENIOR CLERK,83525.75,12383.97,117.99,24226.91,2020,FT,96027.70999786377,False,Medium
2935,Employee_2935,ANIMAL CARE ATTENDANT,96494.74,0.0,5080.12,40144.92,2023,FT,101574.8601171875,False,Medium
2936,Employee_2936,FIREFIGHTER,79214.84,0.0,2211.41,29102.59,2020,PT,81426.24991210937,False,Medium
2937,Employee_2937,ANIMAL CARE ATTENDANT,110356.19,922.35,129.61,41431.69,2019,PT,111408.15000061036,False,Medium
2938,Employee_2938,SENIOR ENGINEER,95607.98,12677.89,1226.05,40408.43,2021,FT,109511.92004882812,False,Medium
2939,Employee_2939,SOCIAL WORKER,118956.06,0.0,3266.57,44044.66,2023,FT,122222.63006835937,False,Medium
2940,Employee_2940,POLICE OFFICER 3,73550.42,7261.5,2353.94,30166.02,2019,PT,83165.85994140625,False,Medium
2941,Employee_2941,SENIOR ENGINEER,91584.49,7298.68,4418.24,40227.5,2020,FT,103301.41023437501,False,Medium
2942,Employee_2942,ACCOUNTANT INTERN,44412.2,3272.71,3450.8,19795.49,2021,PT,51135.71004882812,False,Standard
2943,Employee_2943,ANIMAL CARE ATTENDANT,92211.25,0.0,799.42,29218.61,2019,FT,93010.66998291016,False,Medium
2945,Employee_2945,RECREATION LEADER,57059.05,0.0,1570.66,14997.61,2020,FT,58629.71003417969,False,Standard
2946,Employee_2946,REGISTERED NURSE,95624.61,1201.27,4251.02,32040.95,2019,PT,101076.90001953125,False,Medium
2947,Employee_2947,DIRECTOR OF PUBLIC WORKS,158379.57,790.84,2562.09,60689.62,2020,FT,161732.50008789063,True,High
2948,Employee_2948,CHIEF OF POLICE,166753.85,0.0,2785.55,63940.37,2023,PT,169539.40004882813,True,High
2949,Employee_2949,ASSISTANT DEPUTY CHIEF 2,112961.12,0.0,3505.67,36181.39,2023,FT,116466.789921875,True,Medium
2950,Employee_2950,CHIEF OF POLICE,124164.87,0.0,72.75,36680.13,2021,FT,124237.62,True,Medium
2951,Employee_2951,TRANSIT OPERATOR,68802.91,13439.07,2557.17,27643.69,2021,PT,84799.14992187501,False,Medium
2952,Employee_2952,CHIEF OF POLICE,154170.65,0.0,4871.96,59622.13,2023,FT,159042.6099609375,True,High
2953,Employee_2953,ACCOUNTANT INTERN,101071.29,0.0,4066.16,,2019,FT,105137.44991210937,False,Medium
2954,Employee_2954,SENIOR CLERK,100571.81,0.0,393.92,27358.77,2022,FT,100965.73001342773,False,Medium
2955,Employee_2955,DEPUTY SHERIFF,109497.82,707.26,3227.33,34521.46,2022,PT,113432.410078125,False,Medium
2956,Employee_2956,CHIEF INVESTMENT OFFICER,158299.0,14550.49,5773.92,59537.66,2022,PT,178623.409921875,True,High
2957,Employee_2957,REGISTERED NURSE,65304.01,0.0,5416.1,23389.92,2020,FT,70720.11009765626,False,Standard
2958,Employee_2958,CHIEF OF POLICE,155833.61,2930.25,306.32,59586.91,2022,PT,159070.1800073242,True,High
2960,Employee_2960,CHIEF OF POLICE,197938.4,3426.35,1951.65,53892.97,2023,FT,203316.40002441406,True,High
2961,Employee_2961,ACCOUNTANT INTERN,93737.83,8267.77,1064.82,29237.07,2019,FT,103070.41994628907,False,Medium
2962,Employee_2962,ELECTRICAL TRANSIT SYSTEM MECHANIC,70513.49,7500.08,6386.95,26064.87,2022,FT,84400.5201953125,False,Medium
2963,Employee_2963,CHIEF INVESTMENT OFFICER,118199.04,11615.95,185.34,38279.86,2023,FT,130000.32999633788,True,Medium
2964,Employee_2964,SPECIAL NURSE,81521.39,0.0,211.02,25438.69,2020,FT,81732.41000427246,False,Medium
2965,Employee_2965,SENIOR ENGINEER,134523.34,0.0,149.27,34490.76,2022,FT,134672.61000427246,False,Medium
2966,Employee_2966,DIRECTOR OF PUBLIC WORKS,133748.15,0.0,404.81,34866.62,2019,PT,134152.9599975586,True,Medium
2967,Employee_2967,DEPUTY SHERIFF,79090.64,1176.02,1966.32,,2022,FT,82232.97994628907,False,Medium
2968,Employee_2968,FIREFIGHTER,71027.96,16659.91,1840.15,23759.6,2022,FT,89528.02002441407,False,Medium
2969,Employee_2969,SENIOR ENGINEER,82474.83,5160.17,5253.08,34704.03,2019,FT,92888.080078125,False,Medium
2970,Employee_2970,HEAD LIBRARIAN,100135.96,0.0,1565.54,30101.28,2019,FT,101701.5000390625,True,Medium
2971,Employee_2971,DIRECTOR OF PUBLIC WORKS,123604.48,7390.77,9437.4,41621.92,2022,PT,140432.650390625,True,Medium
2972,Employee_2972,SPECIAL NURSE,104362.0,0.0,1520.71,,2020,FT,105882.7099609375,False,Medium
2974,Employee_2974,CHIEF INVESTMENT OFFICER,127894.03,9995.82,6174.04,43693.61,2019,FT,144063.8900390625,True,Medium
2975,Employee_2975,TRANSIT OPERATOR,52692.45,0.0,764.95,20062.75,2023,FT,53457.40001220703,False,Standard
2976,Employee_2976,SENIOR CLERK,109632.41,0.0,814.82,42852.79,2021,FT,110447.23000732422,False,Medium
2977,Employee_2977,CHIEF OF POLICE,175200.45,0.0,763.89,45616.61,2023,PT,175964.34001464845,True,High
2978,Employee_2978,SOCIAL WORKER,102489.96,8682.47,729.46,28494.27,2019,FT,111901.89002197266,False,Medium
2979,Employee_2979,DEPUTY SHERIFF,74067.29,0.0,1998.18,20828.25,2020,FT,76065.47005371093,False,Medium
2980,Employee_2980,SENIOR CLERK,105933.21,3666.91,2062.09,40750.39,2022,FT,111662.21008789063,False,Medium
2981,Employee_2981,SENIOR ENGINEER,87007.69,7084.15,2807.07,27202.67,2022,FT,96898.91006835937,False,Medium
2982,Employee_2982,SPECIAL NURSE,80560.37,10370.95,8880.52,28408.6,2022,FT,99811.83953124999,False,Medium
2983,Employee_2983,ANIMAL CARE ATTENDANT,76279.3,0.0,1221.45,29709.25,2023,FT,77500.74995117188,False,Medium
2984,Employee_2984,RECREATION LEADER,71165.29,7421.04,2196.84,,2023,PT,80783.17008789061,False,Medium
2985,Employee_2985,SENIOR ENGINEER,94581.6,0.0,121.29,33197.47,2019,FT,94702.89000091553,False,Medium
2986,Employee_2986,HEAD LIBRARIAN,118557.67,2707.44,1198.97,33628.89,2020,PT,122464.07997070313,True,Medium
2987,Employee_2987,SENIOR ENGINEER,83352.04,2568.23,926.37,,2023,PT,86846.63999511718,False,Medium
2988,Employee_2988,ANIMAL CARE ATTENDANT,65150.06,0.0,1991.21,19163.91,2021,FT,67141.2699609375,False,Standard
2989,Employee_2989,SOCIAL WORKER,104147.24,0.0,1956.23,,2023,FT,106103.46998046876,False,Medium
2990,Employee_2990,ELECTRICAL TRANSIT SYSTEM MECHANIC,124210.94,9364.15,4414.6,50640.79,2021,FT,137989.69009765625,False,Medium
2991,Employee_2991,SENIOR CLERK,59686.46,5872.4,2681.66,18515.02,2019,FT,68240.51991210938,False,Standard
2993,Employee_2993,FIREFIGHTER,50856.94,8142.04,1970.57,19475.13,2023,PT,60969.549946289066,False,Standard
2994,Employee_2994,RECREATION LEADER,67934.23,3991.71,2693.76,27553.39,2022,FT,74619.70000976563,False,Standard
2995,Employee_2995,ANIMAL CARE ATTENDANT,87915.61,1103.58,1276.08,23273.21,2019,FT,90295.26995605469,False,Medium
2996,Employee_2996,HEAD LIBRARIAN,122737.59,2232.18,5009.34,39524.98,2020,FT,129979.10984374999,True,Medium
2997,Employee_2997,CUSTODIAN,73440.62,0.0,2967.87,19271.53,2023,FT,76408.4901171875,False,Medium
2998,Employee_2998,GENERAL LABORER,80578.71,9333.06,1525.78,32713.86,2023,FT,91437.55002929688,False,Medium
2999,Employee_2999,SENIOR CLERK,73005.76,4508.69,1436.27,,2022,FT,78950.72001953125,False,Medium
3000,Employee_3000,HEAD LIBRARIAN,97676.32,0.0,1672.28,29878.38,2019,FT,99348.60002929688,True,Medium
